che	100
ane	96
hu	96
chu	95
kem	95
su	94
ha	92
nathi	92
cho	90
mane	90
na	90
tame	90
aa	88
majama	88
nahi	88
thayu	88
ek	86
have	86
pan	86
saru	86
ke	85
ma	85
mate	85
tu	85
aaje	84
bhai	84
kaam	84
kya	84
saras	84
hata	83
hati	83
j	83
te	83
aavela	82
ghare	82
kale	82
karu	82
khabar	82
ne	82
par	82
tamne	82
thashe	82
thik	82
to	82
hato	81
hatu	81
je	81
sathe	81
aave	80
dvara	80
ghar	80
jau	80
kai	80
kare	80
kari	80
karvama	80
maja	80
maru	80
tarike	80
e	79
hoy	79
mukhya	79
aavjo	78
avu	78
chie	78
karo	78
kyare	78
pachhi	78
tane	78
temane	78
bhagma	77
rite	77
tem	77
teo	77
thay	77
ave	76
badhu	76
barabar	76
ben	76
bharat	76
etle	76
karyu	76
mara	76
temna	76
tena	76
tene	76
vat	76
aavelu	75
anya	75
athava	75
avi	75
gujarat	75
kheti	75
ni	75
temne	75
teni	75
thai	75
vadhu	75
ame	74
badha	74
bas	74
deshna	74
gam	74
gamna	74
gayo	74
ja	74
jay	74
khetmajuri	74
kon	74
lage	74
lokono	74
nai	74
office	74
paisa	74
paschim	74
pashupalan	74
rajyana	74
sauthi	74
sudhi	74
vyavasaya	74
bhartiy	73
jema	73
jyare	73
karane	73
karta	73
karyo	73
of	73
pratham	73
shake	73
temni	73
thi	73
upyog	73
aavyu	72
apne	72
be	72
chalo	72
dhvara	72
ghanu	72
jao	72
karva	72
ketlu	72
kidhu	72
koi	72
mummy	72
pani	72
pappa	72
parantu	72
ta	72
tya	72
aavya	71
avyo	71
darmiyan	71
karine	71
khate	71
kul	71
loko	71
n	71
tatha	71
thayo	71
aavo	70
apo	70
bad	70
bahar	70
cha	70
dakshin	70
dha	70
ene	70
eva	70
gamma	70
jaldi	70
jamva	70
jillama	70
joye	70
karya	70
kemcho	70
kevu	70
matlab	70
mota	70
naam	70
roj	70
samany	70
samavesh	70
sara	70
tamaru	70
thodu	70
tyare	70
bhag	69
dharave	69
ghana	69
jeva	69
mandir	69
mi	69
no	69
shakay	69
talukama	69
varsh	69
ahi	68
aiya	68
are	68
athva	68
gujarati	68
hase	68
jaish	68
jene	68
jo	68
jova	68
kahe	68
ketla	68
ketlak	68
khas	68
male	68
pehla	68
potana	68
sacchu	68
sharu	68
taru	68
tebha	68
temaj	68
thaya	68
uttar	68
vividh	68
aavel	67
jem	67
jevi	67
pahela	67
paikina	67
samay	67
talukao	67
temana	67
teno	67
tran	67
aapvama	66
alag	66
avse	66
bani	66
bharatna	66
bija	66
bilkul	66
chhata	66
film	66
gaya	66
gayi	66
jaman	66
janma	66
jillana	66
jou	66
jya	66
kahu	66
karse	66
khavu	66
khub	66
madhya	66
matra	66
moto	66
mujab	66
pade	66
phone	66
potani	66
rahya	66
rajyna	66
same	66
sari	66
savare	66
southi	66
temani	66
tenu	66
uprant	66
vachche	66
vagya	66
vyavsay	66
yad	66
aapi	65
aaveli	65
and	65
banne	65
dharavata	65
divas	65
em	65
ghani	65
hethal	65
karan	65
lagabhag	65
mali	65
nadi	65
nana	65
nu	65
prathmik	65
purva	65
rahe	65
rajya	65
rashtriy	65
samaye	65
tamam	65
taraf	65
upar	65
aape	64
abhar	64
adharit	64
amne	64
anek	64
bharatma	64
british	64
carane	64
caryo	64
char	64
darek	64
dur	64
game	64
i	64
jaher	64
jillo	64
joi	64
joke	64
kahyu	64
karava	64
karavani	64
kevi	64
moti	64
panch	64
parthi	64
pase	64
rahi	64
ratre	64
samjyu	64
shaher	64
shala	64
sthapna	64
upayoga	64
vadhare	64
vakhat	64
vasti	64
aavta	63
abhyas	63
angreji	63
anusar	63
banavvama	63
dar	63
divase	63
etale	63
evi	63
hindu	63
jena	63
joie	63
ketalak	63
me	63
mrutyu	63
mukhyatve	63
mul	63
nava	63
pramane	63
rachna	63
raja	63
raju	63
samanya	63
seva	63
talukanu	63
vikas	63
vistar	63
vistarma	63
yuddh	63
aam	62
aantarrashtriy	62
american	62
andar	62
apu	62
banya	62
dost	62
evu	62
fakt	62
gadi	62
haju	62
hovathi	62
java	62
joyu	62
kahevay	62
kaho	62
ketlik	62
khadhu	62
kone	62
lai	62
lidhu	62
mahiti	62
malyo	62
mathak	62
najik	62
nokri	62
prachin	62
samagra	62
samajik	62
sanje	62
shabd	62
sharuat	62
shri	62
sthal	62
sthan	62
sthanik	62
suru	62
taka	62
tema	62
temno	62
temnu	62
thata	62
thavu	62
uplabdh	62
vato	62
vishe	62
aadhunik	61
aashare	61
agad	61
amuk	61
arth	61
asar	61
bandh	61
bhasha	61
biji	61
janita	61
jata	61
kala	61
kampani	61
karata	61
marg	61
navi	61
niche	61
padi	61
pradesh	61
prakarna	61
prakashit	61
prapt	61
puri	61
purskar	61
putra	61
saman	61
samayma	61
sarkar	61
shikshan	61
taiyar	61
tethi	61
tyarbad	61
utpadan	61
vishva	61
vividha	61
yunivarsiti	61
a	60
aapyo	60
ange	60
apyu	60
arre	60
bhumika	60
bolo	60
chalu	60
chokkas	60
dayri	60
dikro	60
dudhni	60
gamyu	60
hova	60
hovanu	60
jain	60
janyuari	60
jethi	60
jivan	60
kaka	60
karti	60
kayu	60
kendra	60
kharab	60
khau	60
ki	60
lagna	60
lav	60
manvama	60
mateni	60
melvi	60
namna	60
nano	60
nirman	60
odakhay	60
pramanma	60
purna	60
rahyo	60
rajkiy	60
rajyama	60
rashtriya	60
sangit	60
sat	60
shaak	60
shreshth	60
teva	60
tevi	60
thato	60
thoda	60
tyar	60
vade	60
vagere	60
vakhate	60
varshani	60
vishal	60
yunaited	60
aanganvadi	59
aarthik	59
aavelo	59
aavti	59
amdavad	59
april	59
atyant	59
bane	59
bhagvan	59
dharavti	59
dharmik	59
dhi	59
end	59
halma	59
hoi	59
in	59
janavyu	59
jemne	59
jeni	59
jeno	59
jillanu	59
june	59
karvano	59
lagbhag	59
lamba	59
levama	59
lokpriya	59
madad	59
mata	59
matena	59
mumbai	59
nagar	59
nakki	59
nani	59
ochhi	59
pasar	59
pita	59
prakarni	59
prakhyat	59
prakriya	59
rahela	59
rahyu	59
rakhvama	59
sahitya	59
sampurn	59
sanyukt	59
sthit	59
sudhima	59
thayela	59
udaharan	59
ullekh	59
vadharo	59
varld	59
varshana	59
varshe	59
vase	59
vyakti	59
aapva	58
adivasi	58
aitihasik	58
amaru	58
ant	58
ba	58
bajar	58
bapore	58
bharatni	58
bi	58
bolu	58
dal	58
darmyan	58
darshave	58
de	58
desh	58
dhanyavad	58
dharm	58
dhyan	58
di	58
dikri	58
disembar	58
evo	58
fari	58
februari	58
gayu	58
gujaratna	58
hamna	58
hath	58
hindi	58
hji	58
indiya	58
itihas	58
jamin	58
jamyo	58
jarur	58
jaruri	58
jeo	58
jetla	58
jhaju	58
kahevama	58
karvani	58
karvanu	58
khush	58
kolej	58
lagyu	58
laine	58
le	58
lekhak	58
levu	58
lidho	58
lokone	58
maharashtra	58
malse	58
mama	58
march	58
message	58
mitar	58
mokal	58
motu	58
nanu	58
national	58
nav	58
navu	58
nev	58
nondhpatra	58
november	58
ochha	58
october	58
odakhvama	58
panchayatghar	58
paramparagat	58
pariname	58
pramukh	58
prasiddh	58
pustak	58
raho	58
rotli	58
sabhya	58
safal	58
sahit	58
samel	58
sankhya	58
september	58
shaherma	58
shasan	58
sivay	58
star	58
surat	58
thati	58
thayel	58
thayeli	58
u	58
uchcha	58
var	58
varnan	58
aath	57
aayojan	57
adhare	57
antim	57
badale	57
badma	57
banavi	57
banyu	57
bhage	57
bhagna	57
bhare	57
bhashama	57
deshma	57
dishama	57
evord	57
farithi	57
gandhi	57
jaherat	57
jetali	57
juda	57
kavi	57
kimi	57
lal	57
lidhe	57
lidhi	57
lokoni	57
m	57
mahila	57
malya	57
manav	57
mari	57
mud	57
name	57
namni	57
ogast	57
parna	57
pasethi	57
patra	57
prarambhik	57
pravesh	57
rachana	57
relve	57
sadi	57
sadima	57
sadina	57
sakriy	57
sambandhit	57
sangrah	57
sanshodhan	57
sanskrut	57
sanvat	57
satat	57
shakya	57
sharuatma	57
steshan	57
svarup	57
taluko	57
tarafthi	57
uparant	57
upyogma	57
vebsait	57
vibhag	57
vishesh	57
yogya	57
aadhar	56
aaspas	56
antare	56
ava	56
avsan	56
banave	56
banavva	56
bhat	56
bole	56
chhta	56
chokro	56
das	56
deshoma	56
devi	56
dilhi	56
dudh	56
for	56
ghatado	56
hashe	56
humalo	56
jati	56
jenu	56
juna	56
kar	56
kayo	56
khay	56
kshamta	56
kshetra	56
kudarati	56
lavo	56
manthi	56
meeting	56
milion	56
modu	56
motabhagna	56
mukt	56
mukvama	56
mulakat	56
netvork	56
pachhal	56
pachhalthi	56
paddhati	56
padyu	56
pasand	56
potanu	56
prapya	56
problem	56
puru	56
rang	56
rupe	56
rupiya	56
samju	56
sanchalan	56
sanstha	56
sarkari	56
sarvar	56
saurashtra	56
savalato	56
shodh	56
sthapit	56
svatantra	56
svatantrata	56
temanu	56
teoe	56
unchai	56
vaishvik	56
varshama	56
varsho	56
vyavastha	56
yojna	56
aantarik	55
aathi	55
aavto	55
aavtu	55
agau	55
ante	55
bahu	55
banavavama	55
bin	55
caran	55
chhella	55
davo	55
dijhain	55
french	55
ganvama	55
git	55
ji	55
jilla	55
jodaya	55
kadach	55
kamgiri	55
karnar	55
karvo	55
karvu	55
ketalik	55
khanagi	55
kheladi	55
kilomitar	55
koipan	55
kricket	55
kshetrama	55
leva	55
mahan	55
majboot	55
malyu	55
manyata	55
muslim	55
nadina	55
nanakiy	55
natak	55
nyu	55
pachhimi	55
padvama	55
pahonchi	55
pamya	55
patni	55
peda	55
pradeshma	55
praman	55
prayas	55
raheta	55
rajdhani	55
safeda	55
samaj	55
sankhyama	55
sanskruti	55
sanskrutik	55
sarakare	55
sarerash	55
sathena	55
sattavar	55
si	55
spasht	55
sthiti	55
talav	55
tenathi	55
tevu	55
tim	55
ubhi	55
vad	55
vada	55
vadodara	55
varshik	55
vartman	55
vasati	55
vechan	55
vi	55
vikram	55
virodh	55
visav	55
vishisht	55
vishvama	55
vyapak	55
yadi	55
yuropiyan	55
aarogya	54
abhineta	54
america	54
americama	54
apta	54
avva	54
badal	54
balko	54
band	54
bandhkam	54
banyo	54
benk	54
betho	54
bhutpurva	54
chhodi	54
dada	54
dareak	54
dariyai	54
darshavvama	54
deta	54
dharavtu	54
do	54
drashtie	54
emna	54
emne	54
ferfar	54
ganatari	54
garam	54
general	54
german	54
gnyan	54
grik	54
guru	54
hajar	54
hetu	54
hisso	54
intarneshnal	54
jal	54
jane	54
janiti	54
jillao	54
jokham	54
julai	54
juth	54
karela	54
karshe	54
karvana	54
karvi	54
ketlank	54
khan	54
kharekhar	54
kinare	54
krishn	54
lakhyu	54
lashkari	54
maaf	54
madhyam	54
mahatva	54
mahatvapurn	54
malva	54
maryadit	54
melavi	54
mokalyu	54
nash	54
navalkatha	54
niyantran	54
pachha	54
pachhina	54
pakistan	54
parat	54
pasandagi	54
patel	54
polis	54
potano	54
pote	54
prabhav	54
prachalit	54
prakar	54
pravas	54
purn	54
purskarthi	54
purve	54
rajyma	54
rajyni	54
rakhe	54
rakhi	54
ram	54
ramat	54
ras	54
rog	54
sachu	54
sambandh	54
samje	54
saral	54
sarjan	54
satta	54
sau	54
saupratham	54
school	54
sentar	54
sevao	54
shaherna	54
shaherni	54
shakti	54
shreni	54
sud	54
sundar	54
svami	54
svarupe	54
systam	54
talim	54
tenie	54
tension	54
thaine	54
thava	54
trija	54
uncha	54
us	54
vachchena	54
vadhi	54
vadhuma	54
vali	54
valsad	54
van	54
varas	54
varta	54
vepar	54
vignan	54
vijay	54
vina	54
virudhh	54
vishvana	54
vistaroma	54
vyaktigat	54
yuddhma	54
zadapthi	54
zadpi	54
aai	53
abhinay	53
abhinetri	53
adhikrut	53
al	53
americana	53
antarrashtriya	53
astitva	53
avak	53
baju	53
bal	53
bandhvama	53
bauddh	53
bhashana	53
bijo	53
chakra	53
charcha	53
chin	53
college	53
dakhal	53
dekhay	53
devama	53
ekmatra	53
enayat	53
es	53
filmo	53
fut	53
gai	53
gamni	53
ganay	53
ghanivar	53
gito	53
gujaratma	53
hamesha	53
hatya	53
havai	53
jagya	53
jangal	53
janitu	53
javabdar	53
jiti	53
jodan	53
juni	53
ka	53
kachchh	53
kampanio	53
kap	53
karyakram	53
katha	53
kendrit	53
kharch	53
killo	53
lagn	53
lagu	53
lakh	53
lambi	53
lokona	53
madhymik	53
mahatvana	53
mahatvani	53
mahatvano	53
mahinano	53
malata	53
manay	53
mandiro	53
manjuri	53
mat	53
mateno	53
matenu	53
mech	53
melavava	53
nirnay	53
nishfal	53
ochhu	53
ofis	53
pad	53
paheli	53
paikino	53
pavitra	53
pradarshan	53
pragat	53
pratye	53
protsahan	53
pruthvi	53
puja	53
putri	53
raj	53
rajkot	53
rakhva	53
rakshan	53
rani	53
rod	53
run	53
sabhyo	53
safalta	53
sainiko	53
sainya	53
samudra	53
sansthao	53
se	53
shabdo	53
shaheri	53
sinh	53
skul	53
sthalo	53
sthane	53
stits	53
stri	53
strot	53
suraksha	53
surya	53
teko	53
ti	53
udhyog	53
unchi	53
urja	53
vagar	53
vahan	53
vaigyanik	53
vapray	53
vav	53
veb	53
vichar	53
videshi	53
vikasa	53
vishhay	53
aagal	52
aalbam	52
aapya	52
aavruti	52
aavshe	52
agrani	52
angrej	52
antar	52
anuvad	52
ar	52
asarkarak	52
audhyogik	52
august	52
badhi	52
beso	52
bhajvi	52
bharuch	52
bhavnagar	52
bhul	52
biju	52
bolyo	52
chitra	52
chokri	52
choras	52
chuntani	52
citi	52
computer	52
da	52
daban	52
dadi	52
dalil	52
darshan	52
daykama	52
desho	52
dharavto	52
didhi	52
dukan	52
ech	52
eir	52
eshiya	52
faraj	52
futball	52
gambhir	52
ghatana	52
gol	52
granth	52
gupt	52
hai	52
halna	52
hay	52
instityut	52
jadavi	52
jagye	52
jai	52
janta	52
jemke	52
jetlu	52
jsk	52
junagadh	52
juo	52
kaki	52
kal	52
karai	52
karay	52
karayu	52
karel	52
karto	52
kary	52
kaungres	52
kayada	52
kendr	52
kharu	52
khavana	52
kyarek	52
ladai	52
lain	52
lambai	52
lidha	52
lokoe	52
mahatma	52
mahatvanu	52
mahina	52
mahino	52
maline	52
manas	52
mote	52
mulbhut	52
nagarik	52
narmada	52
neta	52
netrutva	52
nrutya	52
nuksan	52
oalakhay	52
olakh	52
on	52
padati	52
padta	52
padyo	52
pagale	52
panina	52
panini	52
parinam	52
parivar	52
park	52
pauranik	52
prachar	52
pradan	52
pradhan	52
prarambh	52
prati	52
pratinidhitva	52
prayatn	52
prem	52
puchyu	52
puro	52
pustako	52
raheli	52
rediyo	52
rokan	52
roti	52
sagavado	52
sahay	52
samayna	52
samgra	52
samno	52
samuh	52
san	52
sant	52
sapati	52
sar	52
sarvochcha	52
satheni	52
shah	52
shikh	52
shu	52
smarak	52
stare	52
stet	52
sthale	52
taluka	52
tamil	52
tapas	52
tapi	52
tapman	52
teiyar	52
teknoloji	52
tika	52
united	52
utpann	52
vahivati	52
vaidik	52
vakhte	52
varshni	52
virodhi	52
vishvani	52
vyavsayik	52
yogdan	52
aadi	51
aakar	51
aana	51
adesh	51
adhikari	51
adine	51
aheval	51
andaj	51
asankhya	51
atihasik	51
avaj	51
bahya	51
bandar	51
banela	51
bangali	51
bhar	51
bombay	51
chainiz	51
chali	51
chandra	51
companyna	51
dekhav	51
deshni	51
dev	51
dharavati	51
dharmna	51
dhyanma	51
didho	51
didhu	51
dollar	51
emni	51
en	51
enjin	51
epril	51
falo	51
gamo	51
gugle	51
hal	51
haus	51
itihasma	51
jan	51
january	51
jemathi	51
jenathi	51
jetlo	51
judi	51
kadhi	51
kadi	51
karar	51
karavanu	51
karayo	51
kareli	51
karkirdi	51
karod	51
kavita	51
kayado	51
kendriy	51
kensar	51
khand	51
khorak	51
khristi	51
kod	51
krushi	51
labh	51
lekh	51
london	51
madhyama	51
mail	51
mantri	51
melavyo	51
najikna	51
navsari	51
odakhata	51
pachhithi	51
padva	51
padvi	51
paiki	51
paksh	51
pakshi	51
panima	51
parivahan	51
parivartan	51
parni	51
patan	51
pi	51
potane	51
prabhavit	51
prakash	51
pratibandh	51
pratik	51
pratyek	51
pres	51
pun	51
pura	51
purush	51
rajkarni	51
rajuat	51
rajyane	51
rakhyu	51
rasayanik	51
rashtrapati	51
roman	51
sabit	51
sadhano	51
sahayak	51
saksham	51
samarpit	51
samarthan	51
samaygala	51
samrajy	51
sankadayela	51
sanman	51
sarkarna	51
sena	51
shaherama	51
shahero	51
shaili	51
shanti	51
sharir	51
sharirik	51
shikar	51
shiv	51
sint	51
sthapak	51
sthayi	51
sthitima	51
suchve	51
tatva	51
tel	51
television	51
temanthi	51
thatu	51
tivi	51
tivra	51
tunki	51
ubha	51
uchch	51
ujavani	51
varamvar	51
varg	51
varshoma	51
vastavik	51
vastuo	51
vijeta	51
vikasit	51
viprit	51
vruksh	51
vyakt	51
york	51
aakha	50
aakraman	50
aanand	50
aani	50
aaspasna	50
adhikar	50
adhyaxa	50
adivasio	50
ahinthi	50
angat	50
antama	50
anubhav	50
atyar	50
avard	50
babat	50
bajari	50
bajue	50
bangal	50
bar	50
bethak	50
bhagni	50
bharti	50
bhaugolik	50
bhautik	50
bhumi	50
bie	50
board	50
chalchitra	50
charch	50
chitro	50
december	50
dharan	50
dhokla	50
dhorne	50
dhvaj	50
dhvitiya	50
fal	50
filmama	50
filmoma	50
gadh	50
ganga	50
gayak	50
george	50
ghano	50
ghat	50
ghau	50
hajari	50
haji	50
hathma	50
hovane	50
hovani	50
hovano	50
ichchha	50
indian	50
ist	50
jaruriyat	50
jato	50
javabdari	50
jodayela	50
jode	50
john	50
july	50
junu	50
kad	50
kahi	50
kalak	50
kapas	50
karavi	50
karban	50
kartu	50
karyrat	50
khichdi	50
kimat	50
klab	50
korporeshan	50
kram	50
kumar	50
kyarey	50
lagya	50
lakhi	50
lakshano	50
leta	50
li	50
lig	50
limited	50
lok	50
lokpriy	50
madadthi	50
mahadev	50
maharaja	50
mahel	50
mahesana	50
maheta	50
malati	50
mami	50
man	50
mandirni	50
maratha	50
marathi	50
marfate	50
melavyu	50
mitra	50
motabhage	50
mukhyalay	50
mukyo	50
namno	50
namnu	50
namthi	50
nasto	50
nichena	50
niyamit	50
nondh	50
o	50
ochhama	50
ochho	50
odkhvama	50
padarth	50
padya	50
pakni	50
parti	50
pati	50
patro	50
pela	50
photo	50
pradeshna	50
prakashan	50
pranio	50
project	50
projekta	50
puch	50
raheva	50
railvay	50
rajyo	50
rashtra	50
rekaurd	50
rok	50
rup	50
rupma	50
sabhy	50
sadini	50
saher	50
sahity	50
saja	50
sanchalit	50
sandarbhma	50
sangthan	50
sankhyabandh	50
sanrakshan	50
sardar	50
sarvis	50
shaikshanik	50
shakta	50
shakyata	50
shasak	50
sher	50
shodhi	50
sidhdhant	50
spardha	50
sthir	50
sudharo	50
sudhina	50
sui	50
suvidha	50
svarupma	50
tabibi	50
tarikeni	50
test	50
thandu	50
thavani	50
uddhyan	50
ummare	50
unchu	50
upyogi	50
uttari	50
vadapradhan	50
vaprash	50
vasvat	50
vibhajit	50
vistaro	50
vistrut	50
vorld	50
vrudhdhi	50
vyaktio	50
vyavasayik	50
yurop	50
aadhyatmik	49
aama	49
aapvani	49
abaj	49
agauna	49
akadami	49
ali	49
americe	49
angeni	49
angrejima	49
antargat	49
anu	49
aphrika	49
arjun	49
art	49
asaro	49
astitvma	49
aur	49
avari	49
avasan	49
axpress	49
bahen	49
bakina	49
bandharan	49
baneli	49
bend	49
bhagoma	49
bharatnu	49
bhojan	49
bijhnes	49
black	49
brahman	49
chadavad	49
chale	49
chep	49
chevte	49
chhod	49
chotaudepur	49
chotha	49
collegema	49
dang	49
dawa	49
dhime	49
didha	49
digri	49
el	49
farya	49
gati	49
gram	49
grup	49
gujaratima	49
hajaro	49
hol	49
hot	49
internet	49
james	49
janave	49
jatil	49
jeao	49
jetala	49
jevo	49
jevu	49
kalakar	49
karanke	49
karaya	49
karayela	49
karnara	49
kashmir	49
khangi	49
kharidi	49
kissama	49
kramank	49
krame	49
krantikari	49
kshetre	49
kshetroma	49
kudrati	49
la	49
lagata	49
lagi	49
lakhya	49
lila	49
lo	49
lokoma	49
mahilao	49
mahinama	49
malakhu	49
mandirma	49
mansik	49
matanu	49
matrama	49
mechma	49
medan	49
melo	49
miliyan	49
mo	49
motebhage	49
mughal	49
mukhyamantri	49
muki	49
mukta	49
mukti	49
mulya	49
murti	49
mushkel	49
nimanuk	49
nirmata	49
nishchit	49
niti	49
niyamo	49
niyukt	49
number	49
opan	49
paddhatio	49
pahelana	49
pakistani	49
pakshio	49
pame	49
parampra	49
parvat	49
pashchimi	49
pradarshit	49
pradeshik	49
prani	49
prasaran	49
prasidda	49
pravah	49
pravahi	49
prayog	49
punjab	49
purusho	49
purviy	49
purvma	49
rajsthan	49
rakhine	49
rangna	49
sa	49
sadhan	49
safed	49
sahitna	49
sahityma	49
salah	49
samachar	49
samaksh	49
samasya	49
samaythi	49
sambandho	49
sampurnpane	49
samuday	49
sandarbh	49
sarahad	49
sarkare	49
savlato	49
shabdno	49
shakbhajina	49
shikshak	49
shov	49
shudda	49
sidha	49
sidhi	49
singh	49
softaver	49
sosayti	49
sthalantar	49
strio	49
surakshit	49
svaminarayan	49
taim	49
tajetarma	49
talukana	49
tantra	49
tapu	49
tarat	49
tatkalin	49
tatvo	49
tevo	49
thameli	49
toch	49
triji	49
tunka	49
tyarthi	49
uttam	49
vachcheni	49
vajan	49
vala	49
vanaspati	49
vanshana	49
varsad	49
varshma	49
vartao	49
vastu	49
vatavaran	49
vaye	49
vayu	49
vest	49
vibhajan	49
vidhyarthio	49
vidhyut	49
vidiyo	49
viliyam	49
viman	49
vinanti	49
vishnu	49
vishvabharma	49
yatra	49
yu	49
yug	49
aahar	48
aakhare	48
aakhu	48
aavashyak	48
aazadi	48
abhayaranya	48
agevani	48
agiyar	48
ahina	48
airpurt	48
andaje	48
angena	48
anukrame	48
arabi	48
ashram	48
atyare	48
australia	48
baiko	48
bajarma	48
balak	48
banavya	48
banavyu	48
bhago	48
bhandol	48
bhulyo	48
bibisi	48
bill	48
cavi	48
charls	48
chinana	48
chini	48
chuntanima	48
cintral	48
court	48
dakshinma	48
dharpakad	48
dhatu	48
dhodh	48
dhori	48
digdarshak	48
dijital	48
din	48
dutch	48
ejansi	48
ekam	48
ema	48
ena	48
england	48
eni	48
enjiniyring	48
eshiyan	48
fail	48
foi	48
fon	48
ful	48
ghatanao	48
har	48
hari	48
humla	48
intarnet	48
jammu	48
janavya	48
janu	48
janva	48
japan	48
jarmani	48
jashe	48
jatiy	48
javab	48
jemane	48
jillano	48
jityo	48
jivanna	48
jivant	48
jodi	48
jovama	48
jutho	48
kabjo	48
kampanie	48
kanuni	48
karavathi	48
karavu	48
karyakramo	48
karyvahi	48
kemke	48
kes	48
khali	48
khoto	48
ko	48
kriya	48
lakhan	48
lambo	48
latin	48
lekho	48
mahattam	48
mal	48
mandirna	48
mani	48
manta	48
marshal	48
masjid	48
medikal	48
melve	48
mishra	48
mishrana	48
mobaila	48
mokalvama	48
motabhagni	48
muk	48
mukavama	48
mumbaima	48
musium	48
nadini	48
nar	48
narayan	48
navo	48
nayak	48
nevyork	48
nikali	48
nivrut	48
niyantrit	48
ol	48
onlain	48
opreshan	48
pachhadthi	48
padartho	48
pag	48
pagla	48
pahonchya	48
pakistanna	48
palan	48
pami	48
parichay	48
parishad	48
parivarma	48
parixan	48
paryavaran	48
paschimma	48
pathar	48
pavar	48
piu	48
post	48
prakarnu	48
prakrutik	48
prant	48
prapy	48
prerana	48
program	48
pul	48
pune	48
puran	48
purava	48
putro	48
ra	48
raheshe	48
rajput	48
rajyani	48
rajyano	48
rakt	48
rasto	48
rav	48
rejiment	48
risarch	48
robart	48
rushi	48
sabha	48
sahityik	48
sait	48
samayni	48
sambandhi	48
sambhavit	48
sampadak	48
sampadan	48
samrudhdha	48
sanbandhit	48
sangh	48
sangharsh	48
sangrahalay	48
sanket	48
sarkarni	48
sarkhu	48
sayans	48
senani	48
shaheroma	48
shahi	48
shakha	48
shaktishali	48
sharuatna	48
shastra	48
shastriy	48
shikhar	48
sima	48
snatak	48
somanath	48
soviyet	48
stetsama	48
sudhini	48
suvarn	48
sva	48
svatantraty	48
tak	48
tapal	48
tenine	48
teone	48
thaki	48
thayelo	48
thepla	48
tochna	48
train	48
turant	48
tyanthi	48
ubho	48
uchher	48
udesh	48
uk	48
uncho	48
utri	48
uttariy	48
vadhe	48
vaikalpik	48
vangi	48
vansh	48
varshathi	48
vartaman	48
vatavaranma	48
vepari	48
viddhvan	48
vidhyalay	48
vidhyarthi	48
vishhayo	48
vyakhya	48
yadima	48
yuropma	48
yuva	48
yuvan	48
aabohava	47
aadarsh	47
aaj	47
aapine	47
aapna	47
aarop	47
aasha	47
abhiyan	47
acharya	47
adhikario	47
afrikan	47
amalma	47
amdavadma	47
ano	47
apti	47
arab	47
aupacharik	47
avkash	47
avsheshona	47
avtar	47
babte	47
badali	47
badle	47
bajima	47
baki	47
banavava	47
banavvani	47
best	47
bhashao	47
bhav	47
boli	47
chandrak	47
chukya	47
dainik	47
dan	47
darajjo	47
davao	47
david	47
dekhrekh	47
desai	47
dhan	47
dharmma	47
dhruviy	47
dori	47
drashya	47
dungral	47
ekt	47
fainalma	47
frans	47
fud	47
gada	47
garib	47
gayela	47
gharma	47
ghatak	47
global	47
governor	47
gramin	47
grand	47
grantho	47
gret	47
gruh	47
gufao	47
guld	47
gunvatta	47
hansal	47
hospital	47
hraday	47
humlo	47
ijneri	47
inkar	47
is	47
jailma	47
jaivik	47
janay	47
jangali	47
janito	47
jat	47
jate	47
jillani	47
jit	47
jitya	47
jivanma	47
jodayel	47
jota	47
kachchhana	47
kali	47
kanthe	47
karavo	47
karnatak	47
katokati	47
kaunsil	47
kaunti	47
kayami	47
khatari	47
khatena	47
khyal	47
king	47
kranti	47
krutrim	47
kshamata	47
kutumb	47
lagati	47
lagyo	47
lakhvama	47
lakshari	47
levani	47
levay	47
madhyamik	47
madhyapurva	47
maha	47
maharaj	47
mahisagar	47
maithun	47
major	47
malik	47
melavavama	47
melavya	47
menejment	47
midiya	47
min	47
model	47
music	47
nadio	47
nahota	47
nahoti	47
naksho	47
natko	47
nepal	47
nidan	47
nirdharit	47
nokari	47
nukshan	47
odakhati	47
ostreliyan	47
pachhad	47
pachho	47
padto	47
pahelo	47
pahonche	47
pak	47
panchagna	47
pandit	47
paristhiti	47
patrakar	47
paye	47
peta	47
pol	47
prakarno	47
pranali	47
prashansa	47
prastav	47
prathana	47
pratibhav	47
pratima	47
pravasan	47
pravruttio	47
prerit	47
protokola	47
rah	47
raheti	47
rasta	47
re	47
roial	47
ru	47
sah	47
sakhat	47
samagri	47
samajma	47
samavisht	47
samaygalama	47
sambhal	47
sambhali	47
samiti	47
samkalin	47
sampark	47
samrat	47
samvat	47
sandhi	47
sanmanit	47
saralatathi	47
sarkhamanie	47
sathi	47
shaherana	47
shalao	47
shodha	47
shrenima	47
sindhu	47
sodium	47
spashta	47
sthapatya	47
strit	47
studio	47
suchan	47
svikar	47
tabakkama	47
tahevar	47
tajetarna	47
tarikh	47
thodi	47
thomas	47
tunk	47
udan	47
umar	47
up	47
uparna	47
uparthi	47
utarma	47
utpadno	47
utpanna	47
vadhata	47
vadhati	47
vahano	47
vahe	47
valan	47
vay	47
vibhagma	47
vicharo	47
vikalp	47
vikhyat	47
vima	47
vir	47
vishleshan	47
vishvayudh	47
vivechak	47
vyakhyayit	47
vyapar	47
vyapari	47
vyas	47
yahudi	47
yog	47
yuddhna	47
aagami	46
aakarshan	46
aanshik	46
aap	46
aapvano	46
aapvanu	46
aavashe	46
abhav	46
adhikruta	46
americani	46
anand	46
andolan	46
angrejo	46
ankush	46
anshe	46
ardh	46
arvlli	46
ayogit	46
babto	46
badako	46
bahadur	46
baharna	46
balkone	46
banavyo	46
bardoli	46
bhagne	46
bhagrupe	46
bhakti	46
bhalaman	46
bharatno	46
bhari	46
bhashaoma	46
bhatt	46
bhavya	46
bhinn	46
bich	46
bihar	46
bij	46
boks	46
bol	46
bomb	46
bombe	46
buk	46
chana	46
chhelli	46
chinama	46
chinul	46
chuntaya	46
companyo	46
congressna	46
dadra	46
dahod	46
dakhala	46
dalo	46
daru	46
darvaja	46
data	46
dayka	46
daykana	46
disha	46
dival	46
divasni	46
divaso	46
dus	46
dvarka	46
ekatra	46
ekbija	46
ekdam	46
emane	46
eplikeshan	46
eshiyama	46
fafda	46
faundeshan	46
filmfer	46
fit	46
fulo	46
gadama	46
gandhiji	46
gandhinagar	46
gani	46
ges	46
gir	46
gyan	46
hastakshar	46
hava	46
hethalna	46
himachal	46
hovana	46
imarat	46
inch	46
indira	46
indiyan	46
ishvar	46
islamik	46
italiyan	46
jahaj	46
jamnagar	46
jani	46
jankari	46
japani	46
jatina	46
jatne	46
javani	46
jiru	46
jiv	46
jivanni	46
joine	46
joto	46
kabajo	46
kabje	46
kalam	46
kalpana	46
kampnini	46
kampyutar	46
kaptain	46
karano	46
karayel	46
karykram	46
kavya	46
kendrama	46
keneda	46
keral	46
khadhya	46
kheda	46
kheladio	46
killa	46
koli	46
korporet	46
krushn	46
kruti	46
kshetro	46
ladaima	46
lagta	46
lakhayu	46
lakshya	46
lavva	46
lavvama	46
lekhan	46
machhimari	46
machhli	46
majabut	46
maliki	46
mandal	46
mang	46
manya	46
margdarshan	46
marya	46
mas	46
mashin	46
match	46
miliyana	46
muke	46
mukyu	46
municipal	46
nadima	46
nagrik	46
nahotu	46
najikma	46
nakhi	46
nakhvama	46
nicha	46
nicheni	46
nikas	46
nivas	46
niyam	46
niyman	46
odakh	46
offer	46
padti	46
padtu	46
pahelu	46
pakshna	46
paltan	46
panchma	46
panino	46
parinamo	46
parivarna	46
parmanu	46
parno	46
parvangi	46
paryatan	46
paryavaraniy	46
patnagar	46
plant	46
poient	46
port	46
prabhutva	46
pradesho	46
pradeshoma	46
pradushan	46
prajati	46
prajatio	46
prakaro	46
prakriyama	46
praranbhma	46
prasarit	46
pratikriya	46
pravrutti	46
prayatna	46
rachanao	46
rad	46
rahel	46
rahelo	46
rait	46
rajvadu	46
rajyanu	46
rakam	46
rakhvani	46
rangni	46
ray	46
rel	46
rit	46
saheb	46
saksharta	46
samajna	46
samantar	46
samasyao	46
sameni	46
sampatti	46
samrajyana	46
sangitkar	46
sangitna	46
sanlagna	46
sansad	46
sarakhamanima	46
saro	46
sarovar	46
sarv	46
sarvochch	46
satya	46
sauth	46
set	46
shaherani	46
shakata	46
shalama	46
shant	46
shirshak	46
sidhanto	46
sikha	46
songadh	46
spanish	46
station	46
stediam	46
sthaloe	46
stok	46
sudhara	46
sudhino	46
suvidhao	46
svasthya	46
tabiyat	46
tafavat	46
taital	46
tan	46
tata	46
taver	46
teaket	46
tekri	46
thayelu	46
thiater	46
thodo	46
trast	46
ubhu	46
ujavvama	46
umervama	46
union	46
utari	46
utsav	46
vachcheno	46
vadharana	46
vadi	46
vagh	46
vahivat	46
vaidnyanik	46
vakil	46
vargikrut	46
varshano	46
vidhi	46
vijhyual	46
virus	46
vishvavidyalay	46
vistaran	46
vistarna	46
vistarni	46
vitaran	46
vivad	46
voshingtan	46
vruksho	46
vyavsthapan	46
aag	45
aagman	45
aandhra	45
aantrik	45
aapela	45
aavine	45
abhyasma	45
afrikama	45
agni	45
ahini	45
amal	45
ang	45
anukul	45
apayu	45
arji	45
armi	45
arthat	45
arthtantra	45
ashok	45
ati	45
aut	45
badaline	45
bahy	45
balvo	45
banaskantha	45
banavine	45
banel	45
banelo	45
bangladesh	45
bank	45
banta	45
banva	45
bel	45
betsamen	45
bhagi	45
bhaio	45
bhajve	45
bharay	45
bharte	45
bhashani	45
bhashantar	45
bhay	45
bhega	45
bhog	45
biliyan	45
bindu	45
buddh	45
chal	45
chalan	45
chalati	45
chalavvama	45
chennai	45
chhelle	45
chhodine	45
chhuta	45
china	45
chothi	45
chutani	45
condom	45
dabi	45
dado	45
darshavva	45
dayakama	45
deva	45
dharavatu	45
dharavta	45
dhari	45
dharna	45
dhorimarg	45
dilhima	45
dith	45
divasoma	45
drashy	45
dvar	45
ekvar	45
elis	45
emanu	45
english	45
esid	45
etalu	45
etla	45
f	45
fand	45
fedaral	45
ferfaro	45
festival	45
fifa	45
filmna	45
gandhijina	45
gandhina	45
gem	45
ghati	45
ghayal	45
ghoshana	45
gufa	45
gulab	45
gumavi	45
hathi	45
hetuthi	45
hil	45
hit	45
hovu	45
ija	45
imarato	45
jaine	45
jangalo	45
javahar	45
javaharlal	45
javu	45
jemanthi	45
jetalo	45
jodayelu	45
jon	45
joshi	45
kadhavama	45
kalakaro	45
kalo	45
kalpanik	45
kapada	45
kapur	45
karashe	45
karavana	45
karelu	45
karkirdini	45
karmachario	45
kathao	45
keliforniya	45
ketholik	45
khadi	45
khatethi	45
khin	45
khubaj	45
khulla	45
khulli	45
krutio	45
kuch	45
laif	45
lakshanik	45
lanbi	45
lord	45
los	45
luis	45
mada	45
madhyadakshin	45
madhyakalin	45
madras	45
mahabharat	45
mahatv	45
mahatvno	45
mahatvpurn	45
maikal	45
malatu	45
malto	45
mandavi	45
mandi	45
mandirnu	45
manma	45
manoranjan	45
manviy	45
marcketing	45
marge	45
margo	45
mark	45
maunt	45
meri	45
minit	45
modi	45
mohammad	45
mokali	45
mot	45
mulna	45
mulyankan	45
musafari	45
muvada	45
nahoto	45
najiknu	45
nakaratmak	45
namo	45
navoday	45
nehru	45
nikale	45
nirdeshak	45
nirikshan	45
nirmit	45
nirupan	45
non	45
nondhyu	45
odakhi	45
ozon	45
pablik	45
pachhalna	45
pachhini	45
pachhu	45
padashe	45
pamela	45
pamyo	45
panchayat	45
panchmahal	45
paranparik	45
parsi	45
path	45
patr	45
paydal	45
payo	45
pop	45
poshak	45
prakruti	45
prasad	45
prashna	45
pravasi	45
pravasio	45
prayatno	45
primiyar	45
profesar	45
pruthvina	45
pukht	45
pur	45
purvama	45
purvi	45
pustakma	45
rachit	45
rahelu	45
rahine	45
rajao	45
rajinamu	45
rajyoma	45
rakhata	45
rakhyo	45
ramato	45
rashiyan	45
red	45
rekha	45
release	45
sabarmati	45
sachi	45
sadhno	45
sadhu	45
sahityakar	45
sahkari	45
salamati	45
samadhi	45
samapt	45
samaygalo	45
sambhavat	45
samparkma	45
sampraday	45
samrajya	45
samuhik	45
sanbandh	45
sankadayeli	45
sanskar	45
sapatithi	45
sarasvati	45
sarkarne	45
sath	45
score	45
sen	45
shaherne	45
shahernu	45
shahid	45
shailima	45
shakati	45
sharirma	45
sharirna	45
shastro	45
shrilanka	45
singal	45
sir	45
soupratham	45
spardhama	45
stil	45
stroto	45
sutra	45
svad	45
svikari	45
takniki	45
tal	45
tamilnadu	45
tenina	45
tenini	45
tenis	45
todi	45
trade	45
trijo	45
tuti	45
tyag	45
ukel	45
umero	45
urdu	45
utpadak	45
vachan	45
vadharani	45
vadharva	45
vanshiy	45
vaparavama	45
vapraya	45
vargikaran	45
varnavavama	45
vaselu	45
vastvik	45
vibhagna	45
vibhago	45
vigato	45
vigyan	45
vikasavavama	45
vishvas	45
vividhta	45
votar	45
vyaktina	45
vyaktine	45
yar	45
yuas	45
yunivarsitina	45
zdapi	45
zeri	45
aahva	44
aajna	44
aankda	44
aanu	44
aarts	44
aatma	44
aavva	44
abhigam	44
achanak	44
adhik	44
adivasioni	44
agar	44
aksharo	44
albatt	44
album	44
amreli	44
anukulan	44
anuman	44
ap	44
apni	44
bachav	44
bachavva	44
bag	44
bahumati	44
banelu	44
bangalna	44
bapuji	44
baraf	44
barma	44
benking	44
bethako	44
bhagidari	44
bhagvat	44
bhagye	44
bhajavi	44
bhale	44
bhashano	44
bhet	44
bhuj	44
bimar	44
bimari	44
blujh	44
brend	44
car	44
chaina	44
chalta	44
chalya	44
chhut	44
chinta	44
dakshine	44
dakshini	44
daman	44
dand	44
dangar	44
dantkatha	44
darroj	44
darshavi	44
development	44
devta	44
dharavama	44
dharavato	44
dhiran	44
dhire	44
dhoran	44
drashti	44
ekamatra	44
ekatrit	44
ekmo	44
ekses	44
emana	44
et	44
etli	44
flait	44
frencha	44
fri	44
ganana	44
gandhie	44
gardan	44
gay	44
gayakvad	44
gazal	44
ghan	44
ghatako	44
gita	44
goldan	44
grahak	44
grahako	44
gramya	44
gugal	44
gun	44
hadva	44
haidrojan	44
hanuman	44
havaman	44
heri	44
hind	44
histri	44
hota	44
hoti	44
hovi	44
inda	44
islam	44
itihaskar	44
jalebi	44
jam	44
jama	44
jamani	44
jangala	44
jangalama	44
janmela	44
jatio	44
jemni	44
jipies	44
jodayeli	44
jodvama	44
josef	44
jue	44
kaink	44
kalkatta	44
kalma	44
kamani	44
kanya	44
karave	44
kard	44
kayam	44
kendro	44
kep	44
khateni	44
kheduto	44
khenchi	44
khoti	44
khullu	44
kiran	44
kompyutar	44
kriketar	44
kross	44
kshay	44
kshetrana	44
kshetrani	44
lait	44
lakhe	44
lakshmi	44
landan	44
letin	44
likhit	44
lokonu	44
mag	44
mahadevnu	44
mahatvnu	44
mahavir	44
maikrosoft	44
malela	44
manushy	44
map	44
maryada	44
masala	44
math	44
may	44
melavnar	44
melavva	44
meydal	44
miki	44
milan	44
misana	44
mithai	44
mithu	44
mobile	44
modal	44
motar	44
mu	44
muddao	44
mukayo	44
mukh	44
mumbaini	44
murtio	44
nabadi	44
nadine	44
nagarma	44
nagriko	44
naitik	44
najar	44
nakari	44
navalkathakar	44
netao	44
nilgiri	44
nivruti	44
north	44
nyay	44
pa	44
pachhala	44
padoshi	44
pagar	44
pagle	44
pahadi	44
pakistanma	44
palanpur	44
panchayatni	44
pandavo	44
panine	44
paninu	44
panjabi	44
paribal	44
paribalano	44
paritoshik	44
parvatiy	44
pas	44
patent	44
pavan	44
peris	44
phort	44
pise	44
pitanu	44
porbandar	44
potina	44
prabhavshali	44
pragati	44
prantma	44
prashthit	44
prastut	44
pratha	44
pratinidhi	44
pratyaksh	44
praveshdhvar	44
prayaso	44
priy	44
pruthvini	44
purave	44
purskaro	44
purta	44
rajkumar	44
rajvi	44
ramayan	44
rame	44
ramta	44
ran	44
rashtradhvaj	44
rashtravadi	44
rashtro	44
richard	44
rinchh	44
ripablik	44
rocki	44
rupantarit	44
sabarkantha	44
sabyo	44
sacha	44
sachiv	44
saf	44
safalatapurvak	44
sagar	44
sagvado	44
sahitiyana	44
sahitni	44
sainikne	44
salahkar	44
salamat	44
samajuti	44
samanypane	44
samena	44
samiksha	44
samitina	44
sandesh	44
sangna	44
sankalan	44
sanskaran	44
sanskrutima	44
sanskrutina	44
santan	44
sanyojan	44
satheno	44
saxama	44
sel	44
sevan	44
shaherno	44
shakhao	44
shakshe	44
shisy	44
shravan	44
sikhyu	44
sinema	44
sivayna	44
snan	44
solanki	44
standard	44
suchit	44
suprim	44
surendranagar	44
sury	44
svarupo	44
svaya	44
taiyari	44
taj	44
tapuo	44
tara	44
taran	44
tej	44
temathi	44
teoni	44
thavathi	44
tie	44
tirth	44
trafik	44
treka	44
tulnama	44
tur	44
un	44
una	44
unaited	44
universityma	44
upgrah	44
utpadanma	44
uttre	44
vadh	44
vani	44
vaparay	44
vaprata	44
vartan	44
vastina	44
vatan	44
vatani	44
ve	44
vebsite	44
veg	44
ven	44
vhait	44
vibhinn	44
vidhansabha	44
viksit	44
visheni	44
vishvanu	44
vyakta	44
vyara	44
vyavhar	44
yadma	44
yojay	44
yugma	44
zad	44
aakarshak	43
aamantran	43
aanathi	43
aasam	43
aayarn	43
aayat	43
adhiniyam	43
africa	43
africana	43
agauni	43
ahithi	43
akshar	43
amar	43
anant	43
andajit	43
ank	43
anna	43
anugami	43
apay	43
apeksha	43
apnar	43
arpan	43
arthma	43
arts	43
asadharan	43
asamanya	43
atkavva	43
auto	43
baharni	43
banavay	43
banavvano	43
bataliyan	43
batave	43
benko	43
bhagla	43
bhali	43
bhang	43
bharatne	43
bhavan	43
bhavishyama	43
bolta	43
brij	43
britan	43
bus	43
chadavadama	43
chalave	43
charan	43
chaudhari	43
chede	43
chetavani	43
chhek	43
chhello	43
chihn	43
chinho	43
chukavni	43
chuki	43
chumbakiya	43
church	43
columbiya	43
dant	43
darakhast	43
dariya	43
darshavta	43
dastaveji	43
datt	43
daykani	43
dhorane	43
dhumrapan	43
digho	43
dilhina	43
direktar	43
divalo	43
divasma	43
divasna	43
diy	43
dollarni	43
don	43
donald	43
dravya	43
du	43
dungar	43
echaivi	43
ejyukeshan	43
eks	43
ekthi	43
elan	43
emano	43
eshiyai	43
eshiyana	43
farasi	43
farate	43
fare	43
farst	43
fasion	43
fati	43
fi	43
filma	43
fles	43
galama	43
gamthi	43
ganavi	43
gandhijie	43
ganit	43
ghadiyad	43
gharelu	43
ghatadva	43
ghoda	43
gini	43
grah	43
grahan	43
grin	43
gujaratni	43
gundharmo	43
haive	43
hakikatma	43
hathe	43
havama	43
helth	43
hinsa	43
hom	43
indra	43
jaherma	43
jalvani	43
jaminma	43
janata	43
japanma	43
jari	43
jaruriyato	43
javama	43
javano	43
jemna	43
jodai	43
jodta	43
jokhami	43
junction	43
juno	43
kabar	43
kadak	43
kadna	43
kaheta	43
kalana	43
kalyan	43
kamal	43
kampanina	43
kampnine	43
kan	43
kannad	43
karanosar	43
karavyu	43
karayeli	43
karelo	43
karkidi	43
karvathi	43
karyarat	43
kavitao	43
kayadakiy	43
kayadao	43
kendrashasit	43
khanij	43
khavay	43
killani	43
kimina	43
kinara	43
kingadama	43
kissaoma	43
koch	43
kolkata	43
kotarni	43
kredit	43
kund	43
lagni	43
lagti	43
lakhayela	43
lakshan	43
lambu	43
land	43
lashkar	43
lavi	43
lekhako	43
ling	43
lohi	43
londonma	43
lot	43
magfali	43
mahakavy	43
mahatvni	43
makai	43
maleli	43
manager	43
manata	43
manch	43
mandine	43
mans	43
manso	43
mantra	43
mare	43
master	43
mathu	43
mati	43
mel	43
melvine	43
milkat	43
mitro	43
mudi	43
mumbaina	43
nabala	43
nabud	43
nafo	43
naheru	43
nakal	43
nakhe	43
nakhya	43
nakhyo	43
namak	43
nanakiya	43
narendra	43
natya	43
net	43
nichla	43
nikal	43
nirnayak	43
nishan	43
nobel	43
nondhani	43
nyujh	43
order	43
pachhime	43
padvani	43
pahelethi	43
pahonchava	43
paikini	43
paikinu	43
pakadi	43
pakshe	43
pandada	43
pane	43
parajay	43
parivartit	43
parixa	43
parnu	43
patelo	43
pedhhi	43
peles	43
pila	43
pitana	43
portugiz	43
pradeshni	43
praja	43
prashno	43
pratibha	43
pratikar	43
pratishtha	43
protin	43
protsahit	43
puna	43
purvatho	43
pushti	43
rahevani	43
rajako	43
rajana	43
rajkarani	43
rajnaitik	43
raksha	43
rami	43
rashiya	43
rat	43
ratri	43
reno	43
rokva	43
rut	43
sada	43
sadio	43
sahan	43
sahas	43
sainik	43
sainikoe	43
samaji	43
samanata	43
sambhavna	43
sammat	43
sampradayna	43
samudayna	43
samurai	43
samyavadi	43
samyik	43
sandarbhama	43
sangam	43
sankalit	43
sanklayel	43
sankshipt	43
sankul	43
sanvedanshil	43
sarakhamani	43
sarvajanik	43
sashstra	43
saudarya	43
sekand	43
semi	43
senana	43
sent	43
shaherthi	43
shakbhaji	43
shaky	43
shamel	43
shankar	43
shasako	43
shilalekh	43
shodhva	43
shoshan	43
shrey	43
shrilankana	43
siaie	43
sidhdha	43
sidho	43
sidi	43
sijhan	43
sinchai	43
siti	43
so	43
sonpvama	43
spes	43
sthaniy	43
sthapavama	43
suchi	43
suka	43
sukshma	43
sultan	43
taims	43
taki	43
tamaku	43
tamara	43
taro	43
tatkalik	43
teknikal	43
tekrio	43
telephone	43
telivijhan	43
telugu	43
teona	43
thanda	43
thavanu	43
thiyari	43
timna	43
tirthankar	43
turnament	43
ubhari	43
udaharano	43
udbhav	43
udhyogma	43
udhyogo	43
udhyogpati	43
unmare	43
upchar	43
upnam	43
ushnkatibandhiy	43
utkrusht	43
vadadi	43
vadhine	43
vagereno	43
vaheti	43
vaishnav	43
vansada	43
vaprashkarta	43
vaprati	43
varasad	43
vardan	43
vargna	43
varjhan	43
vasant	43
vavetar	43
vayana	43
vayarles	43
victoriya	43
video	43
vidhyrthione	43
vidvano	43
vigatvar	43
vikasma	43
vimo	43
vinash	43
vindoz	43
vishhayak	43
vistarne	43
vitamin	43
vivadaspad	43
vivah	43
vor	43
yantrik	43
yojvama	43
yuddhni	43
yuropiya	43
zadap	43
zer	43
aagahi	42
aakarni	42
aakhari	42
aakhi	42
aakhre	42
aakramak	42
aankh	42
aapel	42
aapeli	42
aarthar	42
aatmakatha	42
adadha	42
adhikaro	42
adhyapak	42
ahevalo	42
airlines	42
akaidemi	42
amdavadna	42
amdavadni	42
anamat	42
andarna	42
angrejoe	42
ansh	42
antma	42
anurup	42
anuyayio	42
arambh	42
arthghatan	42
ashray	42
astitvama	42
atlantic	42
avakashi	42
ayogya	42
bachi	42
badalama	42
bajavi	42
bajuma	42
bali	42
banavvanu	42
bandhi	42
banshe	42
banti	42
baroda	42
baugolik	42
bende	42
bhadarava	42
bhagno	42
bhartiyo	42
bhavi	42
bhed	42
bhim	42
bhramn	42
bhutkalma	42
bilding	42
birmingham	42
birud	42
bit	42
blek	42
blog	42
bord	42
byi	42
cable	42
cancer	42
caray	42
caryu	42
chabi	42
chadavadana	42
chairman	42
chaitra	42
chalavi	42
chalval	42
chandr	42
chap	42
chare	42
charitra	42
charotar	42
chhaththa	42
chhevate	42
chief	42
chikitsa	42
chitrakar	42
chokha	42
chori	42
companye	42
daba	42
dalit	42
daro	42
darshavti	42
darvajo	42
dem	42
deshi	42
deshnu	42
deshona	42
deshoni	42
dhandho	42
dharampur	42
dharmni	42
dhimi	42
dhvani	42
diksha	42
dil	42
divizan	42
divya	42
doctor	42
dubi	42
duniyama	42
durlabh	42
dvashtiyeh	42
dvip	42
edvard	42
ekla	42
ektha	42
electric	42
elekazandar	42
englandma	42
englandna	42
eria	42
esosieshan	42
esosiyeshan	42
etlanta	42
europ	42
fainala	42
farata	42
farjiyat	42
faydo	42
felavo	42
froma	42
fua	42
futbol	42
gamnu	42
ganesh	42
garami	42
gautam	42
ghi	42
ghoshit	42
go	42
golf	42
golibar	42
gova	42
granthoma	42
haiskul	42
hajri	42
hakaratmak	42
halni	42
haravi	42
hard	42
hastagat	42
hathama	42
havaimathak	42
henri	42
himalaya	42
histari	42
ho	42
hospitalma	42
host	42
hotel	42
hovo	42
humala	42
hyderabad	42
hyustan	42
indo	42
iran	42
itali	42
jahajo	42
jaherato	42
janayu	42
japanese	42
jarnal	42
jatiya	42
jaypur	42
jin	42
jivancharitra	42
jivit	42
jivta	42
jogvai	42
johna	42
jovalayak	42
joya	42
judo	42
juniar	42
juthna	42
kada	42
kadana	42
kakshana	42
kakshani	42
kamishan	42
kantrol	42
kapad	42
kapi	42
karatak	42
karie	42
karnari	42
karyakar	42
kavyo	42
kaya	42
kenedama	42
kensas	42
keri	42
kernel	42
ketlikvar	42
keval	42
khari	42
kharisti	42
khata	42
khitab	42
khodiyar	42
krushnna	42
kshatriy	42
kshetrafal	42
ladi	42
ladva	42
laghu	42
lagtu	42
lahor	42
lakhayel	42
lakho	42
lakshniktao	42
layak	42
lidz	42
lili	42
link	42
lokpriyata	42
lokshahi	42
lon	42
madadathi	42
madadrup	42
madhar	42
madhyamthi	42
magni	42
mahabharatna	42
mahamad	42
maharashtrana	42
makan	42
malayalam	42
market	42
martin	42
masik	42
matajinu	42
matana	42
matdan	42
matha	42
maurya	42
mecho	42
melavavani	42
metrik	42
metro	42
mitha	42
morabi	42
muddo	42
muni	42
nadal	42
nait	42
najhi	42
naksha	42
naram	42
natyakar	42
navalkathao	42
navasari	42
nichi	42
nichu	42
nirdeshan	42
nishkriy	42
nivasi	42
niyukat	42
nokiya	42
odakhatu	42
oil	42
oksijan	42
online	42
padavi	42
padela	42
pakistanani	42
pamyu	42
panchami	42
partyna	42
pesifik	42
philips	42
piter	42
platform	42
prajanan	42
prakare	42
prakriyao	42
pramanbhut	42
pramanit	42
prasthapit	42
pravartman	42
pray	42
prayogo	42
prins	42
prushth	42
purati	42
purvar	42
pustakalay	42
rachvama	42
radha	42
rahat	42
rajay	42
rajsthanna	42
rajyapal	42
rajyne	42
rakhya	42
ramatma	42
rana	42
rastao	42
raundama	42
ravi	42
rekording	42
ri	42
ripablikan	42
rogna	42
rupama	42
sajj	42
salma	42
samadhan	42
samajni	42
samkaksh	42
sampadit	42
sampurnapane	42
samudrama	42
sanchar	42
sandarbhe	42
sangathano	42
sansthana	42
sapat	42
saptah	42
sarhad	42
sarjanatmak	42
sarvashreshth	42
sathenu	42
satyagrah	42
saur	42
senae	42
senapati	42
sevama	42
shabdoma	42
shailina	42
shakashe	42
shaki	42
shako	42
shakto	42
shakyo	42
shalana	42
shastri	42
shikago	42
shilp	42
shir	42
shivaji	42
shiyalama	42
sho	42
shrenina	42
shunya	42
siddhi	42
sikhu	42
sikkim	42
sindh	42
sistams	42
sita	42
sivila	42
skrin	42
stainford	42
suchna	42
sudharna	42
supar	42
supurt	42
sut	42
svadeshi	42
svas	42
tabakko	42
table	42
tai	42
tainat	42
taja	42
tarikena	42
tarikeno	42
taun	42
thakelo	42
tharad	42
tikhu	42
tilak	42
timo	42
tippani	42
triju	42
tukdi	42
tuki	42
tup	42
uday	42
uddratan	42
umedvar	42
unalama	42
unchaie	42
undi	42
uparni	42
upayogi	42
upkarano	42
utpatti	42
vado	42
vadu	42
valtar	42
vanshna	42
vapari	42
varnave	42
varshothi	42
varso	42
varsthi	42
vastavma	42
vatchit	42
vaya	42
vechi	42
ved	42
vicharna	42
videsh	42
videshma	42
vidio	42
vij	42
vikasshil	42
vipul	42
vishena	42
visheshta	42
vishvano	42
vuds	42
vyaktini	42
vyaktitva	42
vyapakpane	42
vyaparik	42
vyast	42
vyuhatmak	42
yojai	42
yojayeli	42
yudhishthir	42
yugna	42
yunivarsitimanthi	42
yuropna	42
aaavran	41
aaiped	41
aakarna	41
aakash	41
aankdao	41
aapshe	41
aapvi	41
aary	41
aazad	41
abdul	41
ada	41
adhyatan	41
akadmi	41
akhil	41
amalikaran	41
americano	41
andarni	41
apana	41
apnavi	41
ashramama	41
aso	41
asro	41
atakavi	41
atankvad	41
atankvadi	41
atishay	41
australiyama	41
avarnavar	41
avasthama	41
avrodh	41
badak	41
badna	41
banavavani	41
bandharaniy	41
bannene	41
beijing	41
bet	41
bhakt	41
bhakto	41
bharpur	41
bhashanu	41
bhavna	41
bhayankar	41
bhishm	41
bhumikama	41
big	41
boz	41
brahm	41
brahma	41
brahmand	41
chakasani	41
chatani	41
chaud	41
chempiyanship	41
chotho	41
chukavani	41
dabalyu	41
daivi	41
dana	41
dandi	41
dare	41
darjjo	41
darshavyu	41
dastavej	41
dastavejo	41
dave	41
devtao	41
dhar	41
dharohar	41
dhruv	41
digdarshan	41
digdarshit	41
dipartament	41
dipresan	41
divan	41
divela	41
dot	41
drashtikon	41
dvaj	41
ej	41
ekjhikyutiv	41
eksachenj	41
ekshan	41
elizabeth	41
eno	41
fariyad	41
felai	41
filed	41
filmani	41
filmne	41
filmnu	41
filosofi	41
fors	41
frya	41
futu	41
gandhijini	41
gandhini	41
ganitik	41
garbh	41
garibi	41
gaun	41
gaurav	41
gerkaydesar	41
germanyma	41
gharni	41
ghas	41
ghatnao	41
goli	41
grahakone	41
granthma	41
grinhaus	41
gulam	41
guno	41
hakikat	41
haravyo	41
hariyana	41
harli	41
hathiyaro	41
havana	41
he	41
henari	41
hethalni	41
hinduo	41
hindustan	41
indhan	41
indiana	41
ink	41
irak	41
jagruti	41
jagyama	41
jaminna	41
jaminni	41
jamna	41
janava	41
janavavama	41
jatna	41
jattho	41
javana	41
jaya	41
jhinga	41
jodava	41
joday	41
jungli	41
juthma	41
jyathi	41
kacha	41
kacharo	41
kadama	41
kadhya	41
kagal	41
kahine	41
kalaka	41
kalatmak	41
kampnima	41
kampus	41
kantha	41
kaprada	41
karavvama	41
karl	41
karm	41
karmchari	41
karn	41
karvane	41
karyakari	41
karyalay	41
karykramma	41
karykramo	41
karyma	41
kayadana	41
kaydesar	41
ked	41
kenedian	41
keralna	41
ketlay	41
khai	41
khandama	41
khane	41
khara	41
kharche	41
khodkam	41
khota	41
khullo	41
khyati	41
klaba	41
koik	41
koine	41
kol	41
kom	41
koriya	41
kosh	41
koshikao	41
krutrima	41
lagavvama	41
laiv	41
lakhavama	41
lakhayeli	41
lakhela	41
launch	41
leftanant	41
lekhit	41
levanu	41
levata	41
levi	41
lilo	41
loh	41
loksabha	41
lunavada	41
madhyamo	41
madhyayugin	41
mahabharatma	41
mahasagar	41
mahattvapurn	41
mahilaone	41
mahinani	41
mahtam	41
mahuva	41
malkha	41
malshe	41
manad	41
mandirno	41
mangal	41
mangarol	41
mangta	41
mantralay	41
manvu	41
manyatao	41
mataji	41
matani	41
matina	41
medano	41
mek	41
meksiko	41
melave	41
men	41
meyar	41
michel	41
mitarni	41
mithi	41
mitropolitana	41
mohan	41
mokale	41
mrut	41
mrutyuna	41
mudde	41
mukhyamathak	41
mulyo	41
mushkeli	41
muslimo	41
nadino	41
nadinu	41
nag	41
nagarhaveli	41
nagarpalika	41
nal	41
namankit	41
namano	41
namuna	41
narmad	41
narsinh	41
neshans	41
nibandh	41
nirbhar	41
nisfalta	41
nishnant	41
nitio	41
nondhvama	41
oklahoma	41
oktobar	41
olpad	41
om	41
oparitinga	41
othoriti	41
paddhatima	41
padmashri	41
pahel	41
pahelani	41
pahochyu	41
pahonchyo	41
paksho	41
pamp	41
pana	41
pap	41
paper	41
param	41
paramparama	41
paraspar	41
parinami	41
parishadna	41
paristhitima	41
parvati	41
parvato	41
patkatha	41
pej	41
peshva	41
phast	41
pidief	41
piramid	41
pitani	41
pith	41
pleyar	41
point	41
prakaran	41
prakriyane	41
praniona	41
prapti	41
prasanna	41
pratignya	41
pratyeni	41
purvadhikar	41
raheto	41
rahevu	41
rahul	41
rajae	41
rajendra	41
rajvansh	41
rajyona	41
rangno	41
rasayan	41
ratn	41
rilijh	41
rogo	41
roz	41
rum	41
rupantar	41
sab	41
sabhana	41
sachin	41
sadak	41
sagvad	41
sahej	41
saiddhantik	41
samajvadi	41
sammati	41
sanbhavit	41
sangathan	41
sangathhan	41
sangathit	41
sanhita	41
sanjay	41
sanrakshit	41
sanvardhan	41
sap	41
saptahik	41
saradar	41
sarkarma	41
sarp	41
sarvekshan	41
sati	41
savar	41
sayajirav	41
sekretari	41
sha	41
shabdano	41
shakato	41
shalaoma	41
shanka	41
sharirni	41
sharma	41
shikshako	41
shuddh	41
simit	41
smith	41
smruti	41
somnath	41
soneri	41
soshiyal	41
spenish	41
stambh	41
starna	41
starni	41
statesma	41
stetsana	41
sthalni	41
sthapaty	41
sthapi	41
sur	41
suryani	41
susangat	41
svachchh	41
svet	41
svikarvama	41
tadan	41
taknik	41
tamari	41
tanav	41
tap	41
tarafna	41
tari	41
tark	41
tasvir	41
temanna	41
thakor	41
thandi	41
thavana	41
thodak	41
tiger	41
traney	41
tri	41
trinidad	41
trivedi	41
tuka	41
turki	41
udabhav	41
udhyana	41
ugadvama	41
upkaran	41
utpadako	41
uttarakhand	41
uttejan	41
vachchenu	41
vadhyo	41
vahenchavama	41
vanchan	41
vangio	41
vanshaj	41
vaparata	41
vargma	41
varishth	41
vartnuk	41
vasahat	41
vasavat	41
vati	41
vidhya	41
vikasavi	41
vikasna	41
vikasne	41
vinimay	41
virodhma	41
vis	41
vishayma	41
vith	41
vivechan	41
vyaktioni	41
vyavsthit	41
ya	41
yagya	41
yajman	41
yang	41
yojnao	41
zip	41
aadar	40
aagalna	40
aahir	40
aajivan	40
aamanthi	40
aankho	40
aapvana	40
aathvadiyu	40
aayarlend	40
aayojit	40
aayushya	40
abhipray	40
abhivyakti	40
abhiyana	40
abhyaso	40
adbhut	40
adhyay	40
agatyana	40
agatyani	40
agra	40
ahamad	40
akhbar	40
ameriki	40
anaj	40
ananya	40
angeno	40
antargart	40
anubhave	40
anusare	40
anusnatak	40
anuvadak	40
apil	40
aptu	40
arthe	40
arthshashtra	40
asal	40
athavadiya	40
australiana	40
avibhajya	40
bachavi	40
bachchan	40
badalo	40
badkoni	40
badlay	40
bahola	40
bakini	40
balakne	40
banavel	40
banavela	40
banavta	40
bangalma	40
banine	40
bannema	40
bauddhik	40
bbc	40
besi	40
bhagat	40
bhagidar	40
bhajvyo	40
bhakhri	40
bharati	40
bharela	40
bhavishyana	40
bhelavi	40
bhi	40
bhojana	40
bhura	40
blok	40
blu	40
bolati	40
botad	40
brazil	40
bredmen	40
britanma	40
cambridge	40
ceo	40
chalavava	40
chalyo	40
charabi	40
cheda	40
chhat	40
chhati	40
chhodo	40
chinani	40
chitran	40
chok	40
commander	40
darbar	40
darbarma	40
dardio	40
darjiling	40
darshavya	40
dekhaya	40
dekhiti	40
deshno	40
devo	40
dhara	40
dharavahik	40
dharmo	40
dhartikamp	40
dhorno	40
dilhini	40
diskvri	40
distrikt	40
diva	40
diveli	40
drug	40
dukhavo	40
dukhi	40
duniya	40
duniyana	40
duryodhan	40
dushman	40
edres	40
efdie	40
ejant	40
ekandare	40
ekar	40
ekbijane	40
ekta	40
erakraft	40
europma	40
faladrup	40
fedrar	40
filadelfia	40
fransana	40
gaid	40
gan	40
ganata	40
gane	40
germany	40
get	40
ghatade	40
ghate	40
gher	40
ghera	40
girnar	40
gohil	40
golakar	40
gothvvama	40
graho	40
graund	40
gulabi	40
gurkha	40
hak	40
hani	40
haran	40
haravine	40
haravya	40
harta	40
hasy	40
hayat	40
heritej	40
hetuo	40
hinda	40
hindima	40
hinsak	40
hiro	40
hoki	40
hotal	40
iliktronika	40
indor	40
itihasna	40
jack	40
jadeja	40
jagyao	40
jail	40
jaiv	40
jalashay	40
japanna	40
jatu	40
javanu	40
jayanti	40
jet	40
jivanne	40
jivanno	40
jodiya	40
kabaje	40
kabir	40
kadhe	40
kadhvama	40
kadhyu	40
kaheva	40
kaipital	40
kaksha	40
kalani	40
kalna	40
kamiti	40
kano	40
kapma	40
karnegi	40
karykad	40
kashi	40
katar	40
kathan	40
kaththai	40
kavyasangrah	40
kayadani	40
kensarna	40
kesma	40
khasi	40
khedut	40
khel	40
kilomitarna	40
kingdam	40
kiya	40
kochi	40
komars	40
komedi	40
kotada	40
kramash	40
kramma	40
kramni	40
kramnu	40
krushnani	40
krushne	40
kshetrane	40
kud	40
kudana	40
kushad	40
kutumbma	40
ladat	40
ladya	40
laibreri	40
lakda	40
lakhano	40
lakhava	40
lakhyo	40
lakshnikta	40
lanbo	40
lave	40
lek	40
lekhma	40
leshe	40
leti	40
levano	40
levati	40
line	40
madhyasth	40
madyapan	40
mafat	40
maharashtrama	40
mahinao	40
maisur	40
mala	40
malikini	40
malo	40
manchestar	40
mandali	40
mangani	40
manjur	40
manva	40
mapdand	40
maro	40
marva	40
mask	40
matalab	40
maus	40
medanma	40
memorial	40
merethon	40
metal	40
mishran	40
mishrit	40
mogal	40
moksh	40
motapaye	40
muhammad	40
mukharji	40
mukya	40
mulyavan	40
nadiao	40
nagaro	40
najikthi	40
namankan	40
namkaran	40
nasht	40
nasik	40
natako	40
navab	40
navajavama	40
nayab	40
nayar	40
nechral	40
nigam	40
nilkanth	40
nirdesh	40
nivedan	40
nondhaniy	40
nyayadhish	40
odakhato	40
odio	40
olampik	40
old	40
or	40
orlando	40
ovar	40
pachhalni	40
padato	40
paddhatino	40
padine	40
padshe	40
paglu	40
pagpala	40
pahoche	40
pandya	40
pankho	40
paramparao	40
parikshan	40
parivarni	40
parixana	40
parshiyan	40
parv	40
parvatmala	40
pashu	40
patna	40
patrama	40
patta	40
patti	40
paund	40
pautra	40
paya	40
pet	40
pichho	40
pidhu	40
piech	40
pilo	40
pite	40
portland	40
poshan	40
prabal	40
prabhu	40
prajasatak	40
prakashano	40
prakrut	40
prasange	40
pratibandhit	40
prayogik	40
programing	40
punchhadi	40
purak	40
puratatva	40
purato	40
purtu	40
rache	40
rachnao	40
rahetu	40
rajane	40
rajani	40
rajavadu	40
rajkaran	40
rajkaranma	40
rajkumari	40
rajvada	40
rajyno	40
rakhvano	40
ramatana	40
ramya	40
rangin	40
rango	40
raval	40
ravan	40
reliance	40
retrik	40
ring	40
rizarv	40
rupantaran	40
ruprekha	40
rutu	40
rutuma	40
sabhyoni	40
sadhana	40
sadsya	40
safar	40
sahkar	40
sahmat	40
sahyog	40
sainyana	40
salang	40
samakalin	40
samarkam	40
samayantare	40
samaynu	40
sambodhan	40
samrajyna	40
samudayo	40
samudrana	40
sanbandhi	40
sanbandho	40
sangitma	40
sangitni	40
sangrahalayma	40
sanjogoma	40
sanketo	40
sanrachna	40
sansadiy	40
sanshodhak	40
sanshodhano	40
sanskrutma	40
sansthan	40
sansthani	40
santulan	40
sanyojano	40
sarch	40
saregama	40
sarjak	40
sarkaro	40
sarve	40
satama	40
schulma	40
science	40
senane	40
senkado	40
shakatu	40
sharuatni	40
shene	40
sherdi	40
sheth	40
shikshit	40
shrap	40
shrimad	40
shyam	40
siksha	40
sindhi	40
singals	40
siriz	40
snatakni	40
soni	40
sonu	40
sopi	40
sparsh	40
spen	40
speshiyal	40
spurts	40
stationo	40
sthano	40
sthirata	40
stor	40
stori	40
suchavyu	40
sudharak	40
sudhinu	40
sunder	40
sunishchit	40
svachchata	40
svikarya	40
svikaryu	40
svikruti	40
tabakka	40
tabakke	40
tabdil	40
tahevaro	40
takavi	40
talavma	40
talavni	40
talvar	40
tar	40
tarao	40
tarfen	40
tarfenma	40
tarikenu	40
tasviro	40
tat	40
tatvagnan	40
tejasvi	40
tek	40
tenesi	40
tetali	40
texas	40
times	40
timma	40
tochni	40
transafara	40
tukda	40
tvacha	40
tyanna	40
uchchtar	40
udar	40
uddayan	40
uddeshya	40
udhyogna	40
ukma	40
unda	40
unesco	40
unit	40
universityni	40
updesh	40
upkhandma	40
upyogne	40
upyogthi	40
utpadit	40
utranan	40
vadhari	40
vadhti	40
vagye	40
vaheli	40
vahenchani	40
vallabhabhai	40
valva	40
vanshajo	40
vaparvama	40
varmont	40
varnavvama	40
varsadi	40
vasata	40
vasatima	40
vastima	40
vastini	40
vastro	40
vataghato	40
veket	40
veli	40
vels	40
vepario	40
vichardhara	40
vidhan	40
vijadi	40
vimano	40
viruddh	40
virudhhma	40
visfot	40
vishalesan	40
vivekanand	40
volyum	40
vrat	40
vyakaran	40
vyakit	40
vyap	40
yadav	40
yuke	40
zadpe	40
zumbesh	40
aadhin	39
aagrah	39
aaiesbien	39
aaipi	39
aaipod	39
aajubaju	39
aankadakiy	39
aapavu	39
aapto	39
aavshyak	39
aayan	39
aayova	39
aayrish	39
abhyaranya	39
abhyaskram	39
adadhi	39
adhyayan	39
adrashya	39
afghanistan	39
agatyanu	39
agauthi	39
agency	39
ahevalma	39
ahinya	39
akarshit	39
akbar	39
albart	39
alp	39
ama	39
amara	39
ambedkar	39
an	39
anivary	39
anti	39
anubhavi	39
apabhransh	39
apaharan	39
apanavavama	39
apayo	39
apvad	39
arjunne	39
armie	39
arta	39
arthatantrama	39
arunachal	39
arvind	39
ashadh	39
ashakya	39
aspasht	39
asvikar	39
avkashma	39
avlokan	39
baba	39
babatma	39
bachat	39
badakoma	39
badakona	39
badlav	39
badshah	39
baheno	39
bajuna	39
bakat	39
balidan	39
balpan	39
banaveli	39
bannena	39
banneni	39
bannne	39
banvani	39
baso	39
batavvama	39
bejh	39
betha	39
beting	39
bhagnu	39
bhagvad	39
bhashane	39
bhedbhav	39
bhinna	39
bhopal	39
bhrahmano	39
bhugol	39
bhukamp	39
bhumikao	39
bije	39
bita	39
bits	39
bolay	39
brovn	39
buks	39
canadana	39
chalti	39
champiyanship	39
chanch	39
charles	39
chepi	39
chhaththi	39
chhellu	39
choki	39
chust	39
courtma	39
dad	39
dahi	39
dai	39
dakshina	39
dans	39
darshnik	39
daunlod	39
dediapada	39
dekhata	39
delta	39
denik	39
deshne	39
detabejh	39
dham	39
dharana	39
dharapakad	39
dharmno	39
dharmnu	39
dharti	39
dhirubhai	39
dhumketu	39
dhyey	39
dikari	39
disney	39
divsoma	39
dod	39
draupadi	39
dukano	39
duniyani	39
durna	39
ef	39
ejansio	39
ekamo	39
ekandar	39
eksathe	39
enginir	39
englo	39
enu	39
erik	39
etihasakaro	39
etlo	39
evords	39
fagan	39
farm	39
fedreshan	39
felay	39
felayela	39
felayelu	39
forbsa	39
ford	39
francema	39
gadana	39
gadani	39
gado	39
gali	39
ganarajya	39
ganna	39
ghadi	39
ghanta	39
gharo	39
ghatadi	39
ghatnane	39
gheri	39
ghero	39
gichata	39
gitakar	39
gitar	39
gondal	39
gothvani	39
gumavya	39
gusse	39
halapti	39
hanki	39
harif	39
hathiyar	39
hira	39
holi	39
humalama	39
ijh	39
indoneshiya	39
inglendani	39
ini	39
intarfes	39
intil	39
jadi	39
jangaloma	39
janin	39
jarmanina	39
jetpur	39
jim	39
jivo	39
jokhamma	39
juthni	39
jvalamukhi	39
kachchhi	39
kadhva	39
kahevata	39
kahie	39
kakshama	39
kalama	39
kamchalau	39
kamdar	39
kamdaro	39
kampaninu	39
kamrej	39
kanda	39
karbanik	39
karkirdima	39
karma	39
karmchario	39
karne	39
karyakarta	39
karyaksham	39
kat	39
kathor	39
kavio	39
kemp	39
ken	39
khami	39
khanna	39
khasedvama	39
khatar	39
khava	39
khavama	39
khotu	39
killama	39
kingdamma	39
kishor	39
klas	39
kolejma	39
kongresana	39
kost	39
kot	39
kramna	39
krushnane	39
krut	39
kumau	39
kushalata	39
kutumbna	39
ladata	39
ladvama	39
laingik	39
laisans	39
lakadana	39
lakhta	39
lakshman	39
lakshyank	39
lavya	39
ledi	39
len	39
lie	39
lipi	39
lital	39
logo	39
lokhand	39
lutp	39
madhyapurv	39
mafak	39
magta	39
maharani	39
maharshi	39
mahattvanu	39
mahelma	39
mahilaona	39
mahilaoni	39
mahinana	39
mahitina	39
mahitini	39
maimori	39
malel	39
malkhu	39
manai	39
mandirne	39
mandiroma	39
mange	39
mangi	39
manilal	39
manushya	39
mapan	39
maracha	39
marfat	39
margma	39
maruti	39
matane	39
matapita	39
matbhed	39
maukhik	39
medical	39
megejhin	39
mena	39
mil	39
mimi	39
misisipi	39
mor	39
mukine	39
muvi	39
myujhiyam	39
nagariko	39
naher	39
najare	39
nari	39
nauka	39
navin	39
navma	39
netvorkma	39
nibandho	39
nikalya	39
nimite	39
nirdeshit	39
nirvana	39
nivassthan	39
niyat	39
opana	39
open	39
orgenaijheshan	39
orissa	39
padkar	39
padm	39
paholai	39
pakistanana	39
pal	39
pali	39
panchang	39
panithi	39
paradi	39
paramvir	39
paribhraman	39
parivarik	39
parivaro	39
parmar	39
pasvatya	39
pathak	39
paththaro	39
paul	39
payana	39
pesenjar	39
pichhehath	39
pipals	39
pirasvama	39
pitane	39
pitrai	39
plet	39
posh	39
prantna	39
prarambhma	39
prasang	39
prasar	39
prasiddhi	39
pratibimb	39
prektis	39
prifard	39
production	39
pujan	39
punema	39
puranma	39
puratatviy	39
puravo	39
purvatha	39
purviya	39
pushkal	39
pustakni	39
rabar	39
rahevanu	39
rahevasio	39
rajiv	39
rajvadana	39
rajyoni	39
rakhodi	39
rakhvi	39
rakshanatmak	39
ramna	39
ramva	39
rangnu	39
rapar	39
rasi	39
rasprad	39
raund	39
ravana	39
renj	39
riport	39
rivar	39
riyal	39
rojgari	39
rol	39
rom	39
rovar	39
rudhichust	39
sabhama	39
sabhyone	39
sadithi	39
safai	39
safaltapurvak	39
sahelaithi	39
sahi	39
said	39
sainikoni	39
sainyae	39
sakar	39
sakshi	39
samajva	39
samaroh	39
samarth	39
samavi	39
samayno	39
sambhaline	39
sambhog	39
samrajyni	39
samrajyno	39
samudrani	39
samudri	39
samuhma	39
sandesha	39
sandesho	39
sane	39
sanghrsh	39
sangrahit	39
sankadi	39
sankraman	39
santo	39
sanvad	39
sarabhai	39
saraltathi	39
sastan	39
satami	39
satra	39
saudi	39
senama	39
sevana	39
shabdik	39
shabdono	39
shailini	39
shaktu	39
shakyu	39
sharato	39
sharirne	39
sharuatathi	39
shasankal	39
shasit	39
shastriya	39
shatabdi	39
shekh	39
shikari	39
shikho	39
shikshanna	39
shit	39
shodhma	39
short	39
shrenibaddh	39
shrenini	39
shubh	39
shuddhikaran	39
shukla	39
shuting	39
sidhu	39
slem	39
sol	39
song	39
spardhao	39
spardhatmak	39
spashtapane	39
spashtata	39
starma	39
staro	39
stej	39
sthalne	39
sthitine	39
stifan	39
stiv	39
strita	39
suchak	39
suki	39
sunami	39
suvarna	39
suvarnachandrak	39
svagat	39
svapn	39
svar	39
svarg	39
svatantratani	39
takano	39
tako	39
taletima	39
tantri	39
tapasya	39
tarminal	39
tha	39
thailand	39
thakur	39
thar	39
thavano	39
tibet	39
timne	39
tivrata	39
tom	39
toni	39
tour	39
trane	39
tren	39
tris	39
trutiya	39
tulasi	39
tulna	39
tulnae	39
tulnatmak	39
turnamentama	39
tventy	39
tyarpachhi	39
uchchar	39
uge	39
ullandhan	39
umarna	39
umeri	39
undo	39
upala	39
upasthit	39
upavas	39
uprokt	39
usa	39
utsarjan	39
uttarardhma	39
uttejit	39
vadharano	39
vadharine	39
vadhva	39
vahenchi	39
vaid	39
vais	39
vakhan	39
valank	39
vanijy	39
vapare	39
vaprato	39
varal	39
varanasi	39
variyali	39
varma	39
varnavi	39
vasano	39
vesta	39
vestarn	39
vetan	39
vibhagni	39
vibhagoma	39
vidhansabhana	39
vidhva	39
vidhyapith	39
vikasi	39
vikasni	39
vinana	39
vinashak	39
viram	39
virta	39
virya	39
vishnuna	39
vishvyudhh	39
vismi	39
vistarmathi	39
vistarno	39
vivaran	39
vol	39
volt	39
von	39
vyaktie	39
vyavasthama	39
yamuna	39
yantra	39
yoddha	39
yukt	39
yunian	39
yunivarsitima	39
zone	39
aailend	38
aaislend	38
aakruti	38
aank	38
aankdo	38
aaram	38
aashirvad	38
aaspasni	38
aathma	38
aavashkyata	38
aavruttima	38
aayarland	38
aayurved	38
abhishek	38
adabhut	38
adadho	38
adhar	38
afghan	38
africama	38
agaman	38
agatyano	38
agnyat	38
ahinsa	38
ahinu	38
akashma	38
akasmik	38
akhat	38
amane	38
amari	38
amba	38
ambika	38
anatariksh	38
anishchit	38
ankit	38
anusuchit	38
anuyayi	38
apanne	38
apman	38
arvachin	38
asargrast	38
asrum	38
atakave	38
avar	38
avashesho	38
avatar	38
avnara	38
badalai	38
badalvama	38
badam	38
badli	38
bagicha	38
bagicho	38
baharthi	38
bahuvidh	38
bajaro	38
banavti	38
banavvana	38
bandharnma	38
bandhni	38
bandi	38
bantu	38
baptisma	38
batavi	38
begam	38
bek	38
bele	38
bendana	38
bhade	38
bhagvanna	38
bhagvanni	38
bhajan	38
bhangi	38
bharai	38
bharate	38
bhavishya	38
bhayanak	38
bhugarbh	38
bhumadhya	38
bhutto	38
bohra	38
boinga	38
boling	38
bolvama	38
britanna	38
britisharo	38
bruhad	38
budda	38
byuro	38
chalchitro	38
chalyu	38
champiyan	38
chandi	38
charge	38
chatni	38
chatrapati	38
chek	38
chempiyanshipma	38
cheplin	38
chhutachheda	38
chif	38
chikhali	38
chikitsak	38
chine	38
chuntayela	38
ci	38
cilver	38
commissioner	38
commonvealth	38
congresse	38
d	38
dabal	38
dach	38
dakshinpurv	38
damodar	38
dardi	38
daroe	38
darshavto	38
dattak	38
daykathi	38
dayoksaid	38
dekhai	38
dekharekh	38
dekhati	38
delhima	38
derasar	38
deshe	38
devani	38
devata	38
devnagri	38
deyvid	38
dhana	38
dharavnar	38
dharo	38
dhima	38
dhruviya	38
digambar	38
disa	38
disk	38
divasiya	38
divasne	38
divasno	38
domane	38
douch	38
drashyo	38
durga	38
durupyog	38
dusht	38
duskal	38
egypt	38
ekadashi	38
enti	38
eplikeshans	38
erbas	38
estet	38
etlu	38
fayar	38
fervi	38
filip	38
filme	38
florida	38
gamno	38
ganave	38
ganavyu	38
gandhivadi	38
gantantra	38
ganth	38
gayika	38
gayllarie	38
gharna	38
ghatine	38
ghosh	38
gich	38
godhara	38
gopal	38
great	38
greham	38
gris	38
guevera	38
gunottar	38
gurutvakarshan	38
had	38
hadvi	38
hajhrat	38
halnu	38
halvo	38
ham	38
hanikarak	38
hardver	38
hasal	38
hastak	38
hastmaithun	38
haveli	38
hector	38
hed	38
hi	38
himayat	38
hodo	38
hokayantra	38
hotu	38
hukam	38
humalao	38
ichchhta	38
idar	38
ilaj	38
ilektrikal	38
inam	38
inglend	38
insid	38
int	38
irado	38
irani	38
ishan	38
isu	38
isvisan	38
itihasni	38
jagatma	38
jagrut	38
jahon	38
jalalpore	38
jalavva	38
jamingiri	38
jamni	38
jangi	38
janmya	38
javabma	38
jayant	38
jemana	38
jevake	38
jharkhand	38
jillamanthi	38
jivannu	38
jivlen	38
jodata	38
jodavama	38
jodhpur	38
jokhamo	38
jons	38
juthoma	38
juvar	38
kabul	38
kacheri	38
kachi	38
kadni	38
kahevu	38
kain	38
kakshae	38
kalar	38
kamma	38
kanpur	38
kansya	38
karanbhut	38
karavyo	38
kargil	38
karna	38
karni	38
karobar	38
karykshamta	38
karyoma	38
karyvahima	38
kashmiri	38
kashu	38
kastro	38
kathit	38
kathiyavad	38
kauntie	38
kaushalya	38
kelendar	38
kendriya	38
kespiyan	38
ketli	38
khadako	38
khandani	38
kharchal	38
kharidava	38
khatam	38
khataro	38
khet	38
khinma	38
kholavama	38
khyatnam	38
killana	38
kirti	38
klasika	38
klintane	38
kodi	38
kofi	38
kolambo	38
kolejo	38
korte	38
kuvo	38
kvibek	38
kvin	38
kyak	38
labho	38
laganio	38
lagavi	38
lagos	38
lakhvanu	38
lasika	38
lebal	38
lekhake	38
lengvej	38
ligma	38
londonna	38
lyuisiyana	38
machhalighar	38
machhalio	38
madh	38
mafi	38
magaj	38
mage	38
magshar	38
mahakali	38
mahanagar	38
mahelna	38
maheman	38
mahesul	38
mahine	38
mahotsav	38
mahtvanu	38
main	38
majur	38
malakhakiya	38
malava	38
maleshiya	38
mandap	38
mandvi	38
mandya	38
manu	38
margdarshak	38
margdarshika	38
marine	38
maryo	38
mastars	38
maya	38
mechoma	38
medisin	38
melama	38
melavanar	38
melavta	38
melvvama	38
mijhori	38
mini	38
mirza	38
mis	38
misail	38
mojud	38
mokalva	38
mokalya	38
mol	38
mosam	38
mudda	38
mudna	38
mukva	38
mulakatio	38
municiple	38
myuchyual	38
nagrikone	38
najikni	38
nakalo	38
namunao	38
nanakda	38
natakma	38
natakoma	38
nath	38
navinikaran	38
navratri	38
nepali	38
nes	38
nevton	38
nibandhkar	38
nikalta	38
nivaran	38
niyamak	38
niyantranma	38
niyantrano	38
niyukti	38
nondhayu	38
nondhe	38
not	38
odakhe	38
ofar	38
okalend	38
ophicer	38
pachas	38
pachhino	38
paddhatine	38
pado	38
pagathiya	38
pahere	38
pahola	38
pahonchadi	38
pakistane	38
pakshni	38
palatno	38
panchmo	38
panchoter	38
pandar	38
pankh	38
para	38
paramparana	38
parishadma	38
pariyojana	38
parkma	38
parsanal	38
parvatmalana	38
pasandagina	38
patali	38
patharni	38
patidaroni	38
patrma	38
pedash	38
pedhina	38
petroliyam	38
pich	38
pida	38
pina	38
pir	38
pisi	38
plastik	38
polise	38
potar	38
povder	38
pradarshano	38
pradhyapak	38
prakshepan	38
pramanpatra	38
pranioma	38
prantiy	38
pranto	38
prasango	38
pratibimbit	38
pratisad	38
pratishthit	38
pratispardhi	38
pratyaksha	38
praveshe	38
praveshi	38
pravruttioma	38
premma	38
product	38
puravao	38
putrane	38
rachay	38
rachayeli	38
rachi	38
rachnama	38
rajdvari	38
rakhvanu	38
rakshak	38
rakshas	38
ramatoma	38
ramay	38
ramayanma	38
ramji	38
rangma	38
rashtrana	38
rath	38
ratna	38
rautar	38
rauyal	38
resalmeniya	38
reti	38
rilizana	38
rojar	38
rokad	38
roke	38
roy	38
ruchi	38
rupthi	38
sabhyoe	38
sadharan	38
sahityni	38
sahsik	38
sahyogi	38
sainikone	38
sainyane	38
sal	38
salim	38
sam	38
samanyatah	38
samar	38
samayik	38
sambhadiyu	38
samjan	38
sammelan	38
samparka	38
samptti	38
samsyao	38
samuho	38
samyata	38
sanbhal	38
sanchalak	38
sandeshavyavhar	38
sanghiy	38
sanghna	38
sangraho	38
sankhyao	38
sanklayelu	38
sanlagn	38
sanmanma	38
sansadma	38
sanskrutini	38
sanskrutino	38
sanskrutinu	38
sansthaoma	38
sansthaoni	38
santano	38
santosh	38
sarakhamanie	38
sarjay	38
sarkha	38
sarvarma	38
sarvtrik	38
saty	38
saurashtrana	38
sektar	38
septemberna	38
sev	38
shakie	38
shankaspad	38
sharat	38
shasanna	38
shastrakriya	38
shesh	38
shikshanni	38
shiyalo	38
shodhak	38
shoma	38
shram	38
shrikrushna	38
shrilankani	38
shrimant	38
shrimati	38
shushka	38
shvetambar	38
sikka	38
sikyuriti	38
simao	38
sindrela	38
sinhasan	38
sipiai	38
skhalan	38
skotish	38
snayu	38
soda	38
sonana	38
sors	38
soviyat	38
staf	38
stambho	38
stan	38
sthaloma	38
ston	38
studiu	38
stup	38
sugandh	38
sukshm	38
sundarta	38
sup	38
suratma	38
sure	38
suryana	38
sutro	38
svabhavik	38
svadisht	38
svaichchhik	38
svaraj	38
svastha	38
svatantry	38
svikare	38
svis	38
tagor	38
takti	38
talavna	38
talavo	38
tapmane	38
tarfi	38
tav	38
tax	38
teg	38
tendulkar	38
tetla	38
thavane	38
ton	38
trofi	38
tunku	38
udghatan	38
ugra	38
ujavavama	38
umarpada	38
undertaker	38
upadhi	38
upari	38
upay	38
upgraho	38
usma	38
utpadanni	38
uttare	38
uttrama	38
v	38
va	38
vadharama	38
vadhune	38
vadhyu	38
vafadar	38
vagarna	38
vaghai	38
vaghela	38
vahi	38
vaignaniko	38
vain	38
vaishakh	38
vanaspatio	38
vanchi	38
vanya	38
vaprashkartao	38
vaprashma	38
varasdar	38
varchasv	38
vargni	38
varnavya	38
vasahati	38
vasahato	38
vasya	38
vatni	38
vechai	38
vela	38
vignanma	38
vihar	38
vijasthitiman	38
vikalpo	38
vikasavava	38
vilamb	38
vilin	38
vimbaldan	38
visarjan	38
vishvasniy	38
vishvavidhyalay	38
vistarnu	38
voltej	38
vruddh	38
vyaj	38
vyaktione	38
vyavasthapan	38
vyavharik	38
vyavsayma	38
yash	38
ye	38
yuddhno	38
yugni	38
yuvano	38
aadhikarik	37
aadhipatya	37
aadolan	37
aafrikana	37
aagavi	37
aagna	37
aajubajuna	37
aakarma	37
aakho	37
aakshep	37
aalekhan	37
aalfa	37
aalochana	37
aandolanma	37
aanuvanshik	37
aapvo	37
aarkitekchar	37
aatali	37
aatmahatya	37
aavrutio	37
aayurvedik	37
abhari	37
abhave	37
adhikarioe	37
advait	37
ahiya	37
allahabad	37
ambaji	37
ambani	37
amdavadthi	37
americanu	37
amitabh	37
amrut	37
amruta	37
anaupacharik	37
andartekre	37
andrev	37
angrejona	37
anil	37
anjar	37
anusandhan	37
anuvadit	37
anuvado	37
anyo	37
aoganisami	37
apai	37
aranbh	37
arebik	37
arkshit	37
arvalli	37
asamarth	37
asarkarkta	37
asarne	37
asiama	37
asthir	37
aushadhiy	37
avaganana	37
babtoma	37
bachavava	37
bachva	37
badi	37
badlama	37
badni	37
badpanma	37
bahaduri	37
bajuthi	37
ban	37
banavat	37
banavati	37
banavo	37
bandaro	37
bandhan	37
bandharanni	37
barman	37
bekteriya	37
beri	37
bese	37
besine	37
betari	37
bethakma	37
bethela	37
bha	37
bhagvane	37
bhajvyu	37
bhashan	37
bhavai	37
bhave	37
bhavy	37
bhegi	37
bhens	37
bhu	37
bhukh	37
bhulo	37
bhutan	37
bihari	37
biharna	37
bilboard	37
bisi	37
blackberry	37
blud	37
bodeli	37
bodi	37
bolar	37
bolivud	37
bordana	37
bos	37
bostan	37
bradhars	37
brand	37
brayan	37
brus	37
chakravat	37
chalukya	37
chandrani	37
chani	37
chauhan	37
chavada	37
chavirup	37
chhattisgarh	37
chhutak	37
chintan	37
chokkaspane	37
choksai	37
chola	37
chothu	37
chukado	37
cinemama	37
congressni	37
cricketma	37
cricketna	37
dabe	37
dablyu	37
dadane	37
dalilo	37
dalna	37
dalone	37
dantakatha	37
dantna	37
dardione	37
dariyama	37
darmiyanma	37
darshako	37
darshavtu	37
daruna	37
dash	37
dashakma	37
dasi	37
dasma	37
dattatrey	37
daun	37
davani	37
dayaka	37
dayakana	37
dayakani	37
del	37
demokratik	37
denial	37
deshoe	37
devaya	37
devbhumi	37
devidsan	37
devu	37
dharmne	37
dharvama	37
dhatuna	37
dhol	37
dhovan	37
dieri	37
dip	37
diselineshan	37
disple	37
div	37
divais	37
divali	37
divso	37
dollarna	37
dosh	37
doshi	37
draiv	37
draksh	37
drama	37
drisangi	37
dron	37
drushya	37
dukh	37
dushit	37
ed	37
ejaneri	37
ekala	37
ekbijani	37
ekedami	37
elarji	37
elekjhandriya	37
elsidi	37
enarji	37
entiefes	37
epal	37
eshiyani	37
fagavi	37
faiktri	37
falvavama	37
farajiyat	37
farak	37
farati	37
farsi	37
farva	37
fasi	37
fedeks	37
felayeli	37
fenki	37
fer	37
file	37
filmfare	37
filmona	37
forest	37
fransisko	37
gadhaval	37
gadhya	37
gamne	37
gamoma	37
ganavya	37
garls	37
gas	37
gayeli	37
geyms	37
ghadiyado	37
ghadiyal	37
ghasna	37
ghatadava	37
glas	37
goldamen	37
govind	37
gujaratno	37
gujaratnu	37
gumbaj	37
gurjar	37
hajarima	37
haldar	37
hangami	37
hara	37
harit	37
harvard	37
hast	37
hatavi	37
hathathi	37
hau	37
helicopter	37
hempashayar	37
hethalana	37
hethdna	37
hevi	37
himalayan	37
himalayni	37
hissa	37
hoto	37
hue	37
husain	37
hyuman	37
ichchhe	37
ijner	37
imej	37
informeshan	37
ityadi	37
jada	37
jadu	37
jaldithi	37
jamane	37
jaminno	37
jansankhya	37
japanni	37
jatni	37
jatuo	37
javathi	37
jaysinh	37
jemnu	37
jeth	37
jillaoma	37
jimel	37
jitnar	37
jitva	37
jityu	37
jodayelo	37
jokhmi	37
jordar	37
juthe	37
kabja	37
kabu	37
kach	37
kachchhama	37
kadhyo	37
kalathi	37
kalpna	37
kaman	37
kamna	37
kampnino	37
kampnione	37
kampnioni	37
karkidrini	37
kasoti	37
kautumbik	37
kavar	37
kavitama	37
kayadama	37
kayadane	37
kayadano	37
kebinet	37
kedi	37
kela	37
keliforniyama	37
kemikal	37
kenya	37
keralma	37
kethedral	37
khadak	37
khandana	37
kharchama	37
khinni	37
khorakma	37
khorakni	37
khune	37
kinaro	37
klasikal	37
klayant	37
klintan	37
kochin	37
kolejmanthi	37
komyuniti	37
konfarans	37
konkord	37
kors	37
kortana	37
koshika	37
kotarani	37
kriyao	37
kshamatane	37
kshetriy	37
kuva	37
laghuttam	37
lagto	37
lakhanau	37
lata	37
lekhika	37
lenar	37
lend	37
levaya	37
levo	37
liybrari	37
lokvayka	37
lonch	37
long	37
madhur	37
mahadevanu	37
mahammad	37
mahattvano	37
mahi	37
mahitine	37
mahitino	37
maik	37
majbur	37
makano	37
makhan	37
malabar	37
maleriya	37
malti	37
manak	37
manavavama	37
manna	37
manohar	37
manovaigyanik	37
mansa	37
mantrana	37
manvi	37
many	37
maran	37
maranottar	37
masama	37
maske	37
mastar	37
mathadith	37
mathe	37
matini	37
mato	37
matrubhasha	37
melavavano	37
melavine	37
microsoft	37
mira	37
motabhagno	37
mudra	37
mujabna	37
mulakatma	37
mulni	37
mumbaithi	37
mundra	37
musafaro	37
musalman	37
nagpur	37
nakhava	37
nakhyu	37
namuno	37
narangi	37
nasvadi	37
natalna	37
natyatmak	37
nebraska	37
neruda	37
netvarking	37
nichli	37
nicho	37
nijhar	37
nil	37
nirdosh	37
nirmanma	37
nishani	37
nondhayo	37
nyayik	37
odakhave	37
odisha	37
otomobail	37
pachadno	37
pachhadna	37
pachhalnu	37
padak	37
padatu	37
padeli	37
padma	37
padvano	37
pahelathi	37
pahonchade	37
pako	37
pakshioni	37
palp	37
paltu	37
pamila	37
panchamahal	37
pandav	37
panu	37
paranu	37
parasi	37
parekh	37
paribalo	37
parisarma	37
paristhitio	37
parox	37
paryavarniy	37
pasa	37
paschimna	37
pasena	37
pashchime	37
pat	37
patele	37
pathan	37
payani	37
peket	37
pele	37
pen	37
pete	37
petrol	37
phuda	37
pig	37
pipal	37
pivana	37
polo	37
poteshiyam	37
pradeshne	37
pradeshno	37
prahar	37
praivet	37
prajatina	37
prakashak	37
prakashna	37
prakhar	37
prakriyani	37
pranioni	37
prashant	37
pratap	37
pratyena	37
print	37
profail	37
pru	37
punravartan	37
punsthapit	37
puraskaro	37
purto	37
purushoni	37
purvak	37
purvana	37
putrio	37
pyar	37
rachayel	37
rag	37
ragbi	37
rahasya	37
rahevasi	37
rajko	37
rajsthani	37
rajsthanma	37
rajynu	37
rakama	37
rakhvo	37
rakhvu	37
rakshit	37
ramata	37
ramatagamat	37
ramto	37
ramuji	37
ranama	37
rangmanch	37
rashi	37
rashtrama	37
rashtrapramukh	37
rastama	37
raste	37
ravindranath	37
res	37
risivar	37
rito	37
rivyu	37
rogpratikarak	37
rojinda	37
rokankaro	37
roki	37
romaniya	37
rudhir	37
sacho	37
sachot	37
saghan	37
sahib	37
sahityno	37
sahyogthi	37
sainyama	37
sainyani	37
saiyad	37
sajiv	37
sakaratmak	37
sakhata	37
samanta	37
samanyrite	37
samarohma	37
samavvama	37
sambhade	37
sambhadiyo	37
samitie	37
samitini	37
samjave	37
samnvay	37
sampanna	37
samruddhi	37
samudayma	37
sandarbho	37
sanghma	37
sangitkaro	37
sangya	37
sanklan	37
sankulma	37
sansadna	37
sanskrutine	37
sansthama	37
sapeksh	37
saptahma	37
saralata	37
sarkhamanima	37
sarkhi	37
sarvbhaum	37
sasta	37
sathio	37
satma	37
saund	37
savlat	37
saykal	37
seks	37
semsang	37
senetar	37
server	37
setu	37
shabdakosh	37
shabdna	37
shabdne	37
shakahari	37
shani	37
shikharo	37
shikhya	37
shist	37
shlok	37
shodhava	37
shodhvama	37
shoping	37
shradha	37
shrilankama	37
siddhraj	37
signal	37
sihora	37
sikandar	37
sindhanto	37
sistamma	37
sistamni	37
sizanma	37
skver	37
smarako	37
sms	37
springastin	37
stadijh	37
stail	37
stark	37
steshanthi	37
stetsani	37
stoka	37
strav	37
strione	37
subir	37
sudharana	37
sudharao	37
sudharva	37
sukh	37
suresh	37
sutr	37
svabhav	37
svaymsevak	37
svich	37
svidish	37
svikarva	37
svikrut	37
tagore	37
takathi	37
taklif	37
takniko	37
tale	37
tali	37
talukani	37
talva	37
tapmanma	37
tarafni	37
tarafno	37
tarkik	37
temnama	37
ter	37
thakar	37
tharav	37
thavi	37
thavo	37
thim	37
third	37
thri	37
tibetiyan	37
time	37
topi	37
trademark	37
trans	37
transaport	37
trasta	37
treding	37
trust	37
uatpadano	37
uchcharan	37
udhyanma	37
udram	37
ujvay	37
unala	37
upyogni	37
utar	37
vadhara	37
vadhatu	37
vadhvan	37
vadhya	37
vadodarana	37
vagereni	37
vahak	37
vaheta	37
vaibhavi	37
vale	37
valiya	37
vaman	37
vande	37
vanma	37
vans	37
vanyajivan	37
vaparine	37
vard	37
vargana	37
vargo	37
varnavel	37
varshno	37
vartakar	37
vartama	37
vartmanma	37
vartul	37
vasana	37
vasatina	37
vasela	37
vatne	37
vechvama	37
vekyum	37
velentain	37
vibhavna	37
vicharne	37
vicharyu	37
vichitra	37
vidhansabhani	37
vidhyarthione	37
vigere	37
vignanna	37
vijayi	37
vikipediya	37
viksavvama	37
vikshep	37
viktoriya	37
vilen	37
vilsan	37
vimanvahak	37
vinani	37
vincent	37
ving	37
virat	37
vishvabharna	37
vishvvidhalay	37
vivechako	37
viza	37
vodaka	37
voman	37
vot	37
vyavharu	37
yosemiti	37
yuddho	37
yugama	37
yuropni	37
zaverchand	37
zi	37
aagalni	36
aaghat	36
aais	36
aaiti	36
aakarshana	36
aakarshe	36
aakhyan	36
aalbamma	36
aamana	36
aangali	36
aapnara	36
aaradhna	36
aaropo	36
aatamkatha	36
aatm	36
aavavani	36
aazadini	36
abhiyanma	36
abu	36
adhikarione	36
afrikani	36
agasi	36
agresar	36
ahalya	36
ajan	36
akasmat	36
akbarna	36
akhand	36
akshansh	36
allah	36
amir	36
andarthi	36
andh	36
ango	36
angrejone	36
aniyamit	36
ankleshvar	36
anokhi	36
anshat	36
anubhavo	36
anukaran	36
anumati	36
apdet	36
apekshit	36
apnavyo	36
apolo	36
apradh	36
aprilna	36
apurna	36
arjune	36
ark	36
arkansas	36
arthatantra	36
arthshastri	36
arun	36
asan	36
asiana	36
atak	36
athanu	36
athmi	36
atla	36
aushadh	36
avdhi	36
avshesh	36
bachchane	36
badalata	36
badalati	36
badalva	36
badami	36
badline	36
badva	36
badvakhor	36
bajuo	36
banav	36
bandhavvama	36
banko	36
bannee	36
basketbol	36
bat	36
bedi	36
bekar	36
bekham	36
benglor	36
bhagvanne	36
bhagvannu	36
bhajave	36
bhandar	36
bhashakiy	36
bhashya	36
bhautikshastri	36
bhavishyani	36
bhavma	36
bhid	36
bhinnata	36
bhrashtachar	36
bil	36
biladi	36
birla	36
blyu	36
bob	36
boksa	36
bolne	36
bond	36
braujhar	36
bredmene	36
briged	36
britanni	36
burj	36
camera	36
carano	36
card	36
cell	36
chabio	36
chalak	36
chalata	36
chalchitroma	36
chaltu	36
chamadi	36
chand	36
chandina	36
chandragupt	36
chandrakant	36
charli	36
chempiyans	36
chetavni	36
chhatri	36
chhavni	36
chhodavama	36
chhodna	36
chhokari	36
chhokario	36
chhuti	36
chhuto	36
chikhli	36
chodva	36
chukavvama	36
cinema	36
collection	36
collegena	36
companyoma	36
control	36
daberi	36
dabhoi	36
dafnavvama	36
dak	36
damyanti	36
danma	36
dantakathao	36
dargah	36
darita	36
dariyani	36
darma	36
darshavel	36
darshavyo	36
dav	36
davakhanu	36
daya	36
daykao	36
dayrektar	36
dekhatu	36
deshbharma	36
detane	36
devai	36
devis	36
dhal	36
dhare	36
dhosa	36
difens	36
dijhainar	36
disi	36
dizal	36
dodh	36
dollarno	36
doshit	36
drip	36
dukal	36
durthi	36
dvd	36
edi	36
edidas	36
egyptni	36
ekal	36
ekbijathi	36
ekikaran	36
electroniks	36
elsie	36
eltitina	36
enimeshan	36
entarteinment	36
episod	36
erlain	36
esi	36
essar	36
etala	36
etaleke	36
etali	36
etipi	36
facebuk	36
fadvani	36
failo	36
faliyu	36
faryo	36
fayada	36
fayado	36
felayel	36
felayelo	36
fichar	36
filmoni	36
filtar	36
flight	36
flu	36
form	36
formet	36
forta	36
fransisa	36
frem	36
frenk	36
gadhavi	36
galani	36
galf	36
ganatarima	36
ganavyo	36
gandevi	36
gandhar	36
gandhijine	36
ganitashastri	36
gantho	36
ganu	36
gayan	36
gayel	36
gazalo	36
gej	36
gemsama	36
gharoma	36
gherayelo	36
gherayelu	36
gnati	36
god	36
godavari	36
goldafish	36
golden	36
golio	36
gori	36
gothvi	36
grant	36
gud	36
hakk	36
halatma	36
harifai	36
haste	36
hastkshep	36
hatyana	36
havani	36
hel	36
hils	36
him	36
himalayna	36
hindustani	36
hissama	36
hradayna	36
hradayni	36
ikviti	36
ilektronik	36
imel	36
infarmeshan	36
inglish	36
intelijans	36
investament	36
iraki	36
irish	36
ishvarna	36
ishvarni	36
islami	36
italina	36
jagannath	36
jagat	36
jaherkhabar	36
jalvai	36
janavayu	36
janme	36
jantuo	36
japt	36
jarsi	36
jaruriyatne	36
javabdario	36
jen	36
jhaghdiya	36
jhansi	36
jitine	36
jivata	36
jodati	36
jodine	36
junagadhana	36
juthne	36
kahevati	36
kahevatu	36
kalake	36
kalako	36
kalanu	36
kalektar	36
kalol	36
kamand	36
kamgirima	36
kampyuting	36
kani	36
kanji	36
kapni	36
kaptan	36
karachi	36
karavva	36
karjan	36
karmacharione	36
karnarao	36
karyakramoma	36
karykari	36
karyne	36
kathama	36
kauravo	36
kavach	36
kavitana	36
kaydakiy	36
kedvani	36
keliforniyana	36
kelshiyam	36
kensarnu	36
kerebiyan	36
kerolina	36
ketlok	36
kha	36
khadhay	36
khedutone	36
kholi	36
khot	36
kilo	36
kinge	36
kirano	36
klark	36
klinikal	36
kolejama	36
kolejna	36
kollam	36
kor	36
korliyon	36
korps	36
koshish	36
kotaravama	36
kramchay	36
kramik	36
krismas	36
kristofar	36
krohan	36
kshetrano	36
kshetranu	36
kuldevi	36
kuvait	36
kvartar	36
kyuba	36
lagnani	36
lakadani	36
lakdu	36
lakhayelu	36
lakshmikant	36
lakshnik	36
lala	36
las	36
laysans	36
lekhakoe	36
levai	36
leval	36
leyar	36
lidhela	36
lipima	36
lod	36
lokal	36
love	36
madhymthi	36
madhyoma	36
mahakavya	36
mahal	36
maharana	36
mahasagarma	36
mahelni	36
mahima	36
mai	36
malakhama	36
manaso	36
manavdar	36
mancha	36
mand	36
mande	36
mandire	36
mandirona	36
mandyo	36
manni	36
manoj	36
mapdando	36
marin	36
mariya	36
mathako	36
matsya	36
maulik	36
maun	36
meghani	36
meil	36
melavanara	36
militri	36
mithana	36
mithen	36
mitrata	36
moja	36
monorel	36
morbi	36
motara	36
mrutyuni	36
mudma	36
mukai	36
mukava	36
mukesh	36
mulakate	36
mushkelio	36
muvadi	36
nabdi	36
nafakarak	36
nagarna	36
nagarni	36
naitrojan	36
najuk	36
nakhavama	36
nakkar	36
nanakadu	36
nankhvama	36
natakiy	36
natalni	36
navalkathama	36
navanagar	36
navmi	36
netrang	36
nikotin	36
nimn	36
nirnyo	36
nishkarsh	36
niyamitpane	36
nondhavi	36
nondhayela	36
norve	36
nutan	36
oksfard	36
olympic	36
opanma	36
oskar	36
oxford	36
ozone	36
padada	36
padarthona	36
padarthone	36
paddhatini	36
padri	36
paholi	36
pahonchyu	36
paka	36
pakad	36
pakadine	36
pakistanthi	36
pakshma	36
palitana	36
pamata	36
pancham	36
pandu	36
pankhar	36
pankhi	36
panth	36
parajit	36
parvasi	36
parvasio	36
parvatni	36
paryapt	36
pasao	36
patal	36
patala	36
patelni	36
patidar	36
pavi	36
penshan	36
perisma	36
pharmaceutikal	36
phekalti	36
pidata	36
pidit	36
pinu	36
plan	36
platinum	36
ple	36
polisi	36
pradarshanma	36
pradhanmantri	36
prakarma	36
prakashni	36
pran	36
prashasan	36
pratikruti	36
pratikul	36
pratinidhio	36
pratyayan	36
pravachan	36
praveshdvar	36
praveshta	36
praveshya	36
prayojit	36
premi	36
president	36
prexako	36
profesanal	36
prosesing	36
prutestant	36
pu	36
puchhvama	36
punam	36
punjabi	36
punjabma	36
purano	36
puranoma	36
purti	36
purvaj	36
purvajo	36
purvena	36
pustakna	36
pyarelal	36
rachava	36
rachayela	36
rahasyamay	36
rahenank	36
rahethan	36
rahit	36
rai	36
raifal	36
rail	36
rajaona	36
rajdut	36
rajna	36
rajputo	36
rajvanshna	36
rajye	36
rakhta	36
rakhvana	36
ramai	36
ramaniya	36
ramatani	36
ramesh	36
ramkrushna	36
ramne	36
ranjitram	36
rashtrani	36
rashtroma	36
ratan	36
ratrina	36
rejimentani	36
rekhansh	36
rekhao	36
relvena	36
retal	36
retrikal	36
rhaday	36
riting	36
rogchalo	36
rogni	36
rojgar	36
romaniyan	36
romentik	36
roza	36
russian	36
sabhani	36
sachavi	36
sadhuo	36
sadiothi	36
sahayata	36
sainikona	36
sajja	36
samajne	36
samarpan	36
samaygalana	36
samayne	36
sambandhma	36
sambhav	36
samji	36
samrajyma	36
samudayni	36
sanbhavna	36
sangharshma	36
sangitmay	36
sangram	36
sangthanna	36
sanjna	36
sanketlipi	36
sanklayelo	36
sankochan	36
sanshodhako	36
sanshodhanma	36
sanskrutio	36
sanskrutioma	36
sansthae	36
sansthakiy	36
santa	36
santrampur	36
sapatina	36
sapatini	36
sarahadi	36
sarasari	36
sarjai	36
sarkal	36
sarkarnu	36
satellite	36
sathosath	36
sattana	36
scotland	36
selyular	36
semual	36
sevak	36
sevani	36
sfatik	36
shabdona	36
shabdoni	36
shahe	36
shaherane	36
shakayu	36
shaktio	36
shakyat	36
shalani	36
shamil	36
shanpan	36
shap	36
sharad	36
sharda	36
sharirana	36
sharnagati	36
shasanma	36
shashvat	36
sheri	36
shilpo	36
shivna	36
shivne	36
shivni	36
shrenio	36
shrunkhala	36
sidani	36
siddh	36
sil	36
sin	36
sindrom	36
singapor	36
sinhe	36
skot	36
smrutima	36
sodo	36
solar	36
sona	36
sopvama	36
sosayatina	36
spardhaoma	36
spid	36
starne	36
sthagit	36
sthapyu	36
strim	36
strioni	36
subhashchandra	36
suchavavama	36
sudhari	36
sufi	36
suprasidhd	36
supreme	36
suruas	36
sushobhan	36
sushobhit	36
svari	36
svarupne	36
svarupni	36
svayatt	36
tajetarni	36
takat	36
takau	36
takavari	36
taliye	36
tamilnaduna	36
tandurast	36
tanki	36
tarikhe	36
tatstha	36
tekario	36
telanganana	36
tenino	36
tenk	36
teonu	36
tetalu	36
text	36
thana	36
the	36
therapi	36
ththi	36
tin	36
tir	36
tithi	36
travankor	36
tred	36
treking	36
tukdio	36
tylir	36
type	36
uakel	36
uchchhal	36
uda	36
udaharanoma	36
udaypur	36
udi	36
ullekhaniya	36
umerine	36
unado	36
unalu	36
unap	36
undai	36
undar	36
ungh	36
upachar	36
upanishhad	36
upasana	36
upkhandna	36
upnadi	36
upyogo	36
urjana	36
ushn	36
utarta	36
utarya	36
utkranti	36
utpadanna	36
uttejana	36
vadad	36
vadharvama	36
vadhato	36
vadhy	36
vadodarama	36
vagarni	36
vaisroy	36
vaividhy	36
vakhatna	36
vallabh	36
valmiki	36
valya	36
vanijiyak	36
vankaner	36
vaparu	36
vapi	36
vapratu	36
varsagat	36
varsha	36
vartaoma	36
vasan	36
vastavikata	36
vastra	36
vastuoni	36
vataghat	36
vatavaraniy	36
vayar	36
vedant	36
ver	36
vero	36
vibhage	36
vietnam	36
vijaynagar	36
vikasta	36
viliams	36
vilinikaran	36
vinod	36
vishayoma	36
vishayvastu	36
vishishtata	36
vividhata	36
vois	36
volvo	36
voranti	36
vrukshna	36
vrukshni	36
vrutant	36
vudse	36
vyaktiona	36
vyavahar	36
vyavharma	36
vyuhrachana	36
yadgar	36
yatradham	36
yojayela	36
yojnama	36
yojnani	36
yuddhne	36
yujhar	36
yunivarsitio	36
zairi	36
zay	36
aadu	35
aagala	35
aajni	35
aakada	35
aalbamna	35
aalbamne	35
aalfred	35
aamathi	35
aankhe	35
aarohan	35
aashay	35
aavakma	35
aavnar	35
aayno	35
abhinetao	35
abhinna	35
achokkas	35
adalat	35
adhyapan	35
agevan	35
agiyarma	35
ahinsak	35
akatrit	35
akbare	35
alaukik	35
amali	35
ambassador	35
amno	35
andaman	35
ankushma	35
anukud	35
apati	35
apnavyu	35
apoap	35
aptti	35
araji	35
armani	35
arti	35
aryan	35
ashary	35
ashramni	35
ashvadal	35
asthi	35
athvadiyama	35
avaran	35
avarodh	35
avas	35
avava	35
avkashi	35
babatne	35
badakna	35
badhane	35
badpanthi	35
bagichama	35
bagichao	35
baibal	35
bajarna	35
bajaroma	35
baltan	35
banaras	35
bandharanna	35
bandhayela	35
bangalni	35
bangladeshma	35
banneno	35
bari	35
barlin	35
bashpibhavan	35
bavis	35
bejhik	35
bhadi	35
bhadra	35
bhajano	35
bhajap	35
bhajapna	35
bhareli	35
bharine	35
bharva	35
bharvad	35
bharvama	35
bhashamathi	35
bhatrija	35
bhaumitik	35
bheat	35
bhej	35
bhil	35
bhishan	35
bhojanma	35
bhonsale	35
bhramankaxa	35
bhumikane	35
bhuro	35
bhut	35
bijana	35
binduo	35
bolavvama	35
bollyvud	35
borsad	35
boy	35
branda	35
budh	35
buka	35
but	35
byukenan	35
byuti	35
cai	35
canadama	35
capexa	35
cerkit	35
chahero	35
chak	35
chalavata	35
chaline	35
chalvalma	35
chalvalna	35
chandigadh	35
chandrayan	35
charchma	35
chhand	35
chhapa	35
chihna	35
chijvastuo	35
chitrapat	35
chomasa	35
chudasma	35
chukyu	35
chuntanio	35
cinemana	35
congressma	35
coverage	35
crome	35
cycle	35
dabanne	35
dardina	35
dardine	35
dariyakinare	35
dayabitisa	35
decemberna	35
deh	35
dekhato	35
dekhavma	35
delhina	35
den	35
deshnikal	35
deshone	35
deth	35
devano	35
devatao	35
devina	35
devini	35
dhaka	35
dhakeli	35
dhamaki	35
dhatuni	35
dhatuo	35
dholav	35
dhrutrashtra	35
diene	35
dilip	35
dilivri	35
diploma	35
disordar	35
divasthi	35
dolvan	35
dorvama	35
drim	35
dungadi	35
dushmano	35
dvi	35
dvivedi	35
ebien	35
edob	35
efem	35
ekad	35
ekathi	35
ekbijana	35
ekikrut	35
elektrik	35
eltitie	35
emno	35
endi	35
enimeted	35
enronna	35
eristotal	35
ervejh	35
esembali	35
fadhar	35
fain	35
fainans	35
faiv	35
fakta	35
fasini	35
fateh	35
fefsa	35
felo	35
fidel	35
filmi	35
films	35
foram	35
forvard	35
franseni	35
frenchaijh	35
fridam	35
fugavo	35
fuloni	35
ga	35
gade	35
gadhada	35
gadie	35
ganati	35
gandhine	35
gano	35
garbhavati	35
gatishil	35
gayako	35
gdp	35
georgia	35
gerkayade	35
gha	35
ghadvama	35
ghatada	35
ghatadine	35
gherayela	35
ghodo	35
ghor	35
gitana	35
gitoma	35
gitoni	35
giy	35
glob	35
gnyankosh	35
godfadhar	35
gola	35
golardhma	35
gora	35
gothvan	35
govardhanram	35
graf	35
grafiks	35
gremi	35
group	35
guda	35
gudh	35
guna	35
gyatina	35
hade	35
hakko	35
halanchalan	35
han	35
hans	35
harmala	35
harol	35
hasan	35
hastakla	35
hastantaran	35
hastprat	35
hibru	35
hileri	35
himalay	35
himat	35
himmtangar	35
hodda	35
honduras	35
humalana	35
humalane	35
humalani	35
hup	35
ichchhit	35
ijagrast	35
ijipt	35
ilacktron	35
imarjansi	35
indastrijh	35
indeks	35
india	35
indika	35
intaravyu	35
irakna	35
itihasno	35
ivent	35
jadui	35
jagatna	35
jaherama	35
jaino	35
jamavi	35
jaminne	35
jamjodhpur	35
jamneri	35
janak	35
janavvama	35
janreshan	35
jappaniz	35
jastis	35
jatini	35
jatthama	35
jav	35
javay	35
jivankal	35
jivanu	35
jive	35
joyo	35
jungleon	35
jyotishvidya	35
kabajama	35
kabhi	35
kachro	35
kadio	35
kadva	35
kahya	35
kalakni	35
kalakrame	35
kalchar	35
kalidas	35
kalji	35
kalkattama	35
kamala	35
kame	35
kampanioe	35
kampniona	35
kamyuniti	35
kane	35
kanta	35
kantri	35
kanun	35
karansar	35
karavya	35
karayelu	35
karmachari	35
karnatakana	35
kartak	35
karvera	35
karykramni	35
kashmirma	35
kashmirna	35
kastroe	35
kathana	35
kathi	35
kaunsart	35
kauntima	35
kayadanu	35
kebal	35
kedarnath	35
kendrani	35
kenedi	35
kensarni	35
kesar	35
kesari	35
ketalikvar	35
khambhat	35
khandan	35
khandit	35
khandni	35
khanni	35
khanpur	35
kharistio	35
khatarnak	35
khatri	35
khatu	35
kheladione	35
khovai	35
khud	35
khulaso	35
kigra	35
killanu	35
killao	35
kimmate	35
kimmati	35
kinarana	35
klaud	35
kojhikod	35
kongres	35
kopi	35
koriyan	35
korn	35
korporeshanana	35
kramno	35
krantina	35
kris	35
krishchiyan	35
krodh	35
krushna	35
krutagyata	35
krutioma	35
kshatriya	35
kunti	35
kushal	35
kyay	35
kyu	35
kyuban	35
ladakh	35
laghumati	35
lakhanma	35
lakhel	35
lakheli	35
lakshaniktao	35
lalit	35
lamborgini	35
lanka	35
last	35
lat	35
left	35
levana	35
levayela	35
leybar	35
ligni	35
limbu	35
lip	35
litar	35
lohima	35
lohina	35
loksabhana	35
londonni	35
lorence	35
madela	35
madhav	35
madhyasthi	35
madhyavarti	35
madyark	35
mahadanshe	35
mahanagriy	35
mahavidhyalay	35
mahesh	35
mahindra	35
mahmad	35
malappuram	35
malikina	35
malyalam	35
mandalna	35
manipur	35
manorajan	35
manovigyan	35
mar	35
maranoparant	35
marchu	35
margne	35
marta	35
marvama	35
masani	35
matajina	35
mathura	35
megezin	35
mela	35
menhatan	35
metropolitan	35
milar	35
mile	35
miliyanthi	35
ming	35
mir	35
mision	35
mithnu	35
mod	35
modie	35
mokalyo	35
mosami	35
motars	35
motne	35
mru	35
mudat	35
mukat	35
mukavani	35
mule	35
munshi	35
myujhiyamma	35
nabalu	35
nabla	35
nadale	35
nadiad	35
nadiaona	35
nagari	35
nagrikona	35
nak	35
nandod	35
narad	35
nechar	35
neno	35
nepalma	35
nepalna	35
netiv	35
netrutvama	35
netvarkana	35
netvarks	35
nichala	35
nidhan	35
nikobar	35
nikolas	35
ninda	35
nishnato	35
nivasio	35
nobal	35
nondhavyo	35
nondhaya	35
nondhni	35
nondho	35
nyaymurti	35
octoberna	35
odakhan	35
odishi	35
opera	35
oregon	35
ostriya	35
ostriyan	35
pablika	35
pablishing	35
pachan	35
pachhinu	35
paddhatina	35
paddhatioma	35
paddhationo	35
paddhatithi	35
padel	35
padmabhushan	35
padvanu	35
page	35
paghdi	35
pahervama	35
pahonchata	35
pai	35
pakistanama	35
pakshiona	35
palak	35
paltanne	35
pamel	35
pandavone	35
pande	35
panimanthi	35
parano	35
paribhasha	35
parichit	35
parikh	35
parikrama	35
pariman	35
paripakva	35
paris	35
paristhitine	35
parivarne	35
parixano	35
parshva	35
parshvanath	35
parthiv	35
parvama	35
parvana	35
parvatmalama	35
paryavaranma	35
pasandgini	35
pasu	35
patelna	35
patharna	35
patidaro	35
patil	35
patina	35
patnine	35
patnio	35
patrika	35
patrona	35
pattern	35
patto	35
pek	35
peru	35
phey	35
phika	35
pili	35
pipliya	35
piroj	35
pis	35
piva	35
pivanu	35
portal	35
portugal	35
postakod	35
prabandh	35
prachand	35
pradushit	35
pragti	35
praijh	35
prakaranma	35
prakashma	35
prakashsanshleshan	35
prakriyana	35
pranalima	35
pranalio	35
praneta	35
prasnano	35
prastuta	35
pratikatmak	35
pratiko	35
pratirodhak	35
pravahma	35
pravarte	35
pravasione	35
prayan	35
premni	35
presidensi	35
pri	35
primiyam	35
prosess	35
prushthabhumi	35
puche	35
punjabna	35
puratan	35
purushoma	35
pushkar	35
pustakne	35
pustakoma	35
rachanane	35
rachnatmak	35
rachyita	35
radif	35
rafi	35
rahevano	35
raifals	35
rajaoe	35
rajashahi	35
rajesh	35
rajniti	35
rakhati	35
rakho	35
ramati	35
ramayeli	35
ramni	35
rangbhumi	35
rasayano	35
rashiyana	35
rashtrona	35
rasoi	35
rathod	35
ravishankar	35
ravket	35
rejimentana	35
rejimentane	35
relveni	35
rid	35
risayakling	35
risaykal	35
ritel	35
rivaj	35
ro	35
rokvama	35
roling	35
roshan	35
sabiti	35
sadhi	35
sadinu	35
sagavad	35
sagbara	35
sahaj	35
sahbhagi	35
sahmati	35
salami	35
salfar	35
saltanat	35
sama	35
samajshastra	35
samajvama	35
samapti	35
samarthak	35
samast	35
samaygalani	35
sambandhone	35
sami	35
samikaran	35
samjavva	35
samjuti	35
sampradayik	35
sampradayni	35
samprakashiy	35
samuhna	35
samvedanshil	35
samyvadi	35
sanatan	35
sanbhdva	35
sandeshao	35
sandigdh	35
sanghni	35
sangitnu	35
sanj	35
sankar	35
sankheda	35
sanklayeli	35
sanklit	35
sansadhano	35
sansar	35
sansthaona	35
sansthaone	35
sarahado	35
sarasvatichandra	35
saravalo	35
sarkarno	35
sarvabhaumatva	35
sarvapratham	35
sarvasamany	35
sarvisijh	35
sattama	35
saurashtrama	35
savai	35
savarna	35
savitri	35
savker	35
savli	35
senet	35
sevano	35
shabdni	35
shaherano	35
shaheroni	35
shailio	35
shaku	35
shakyatao	35
shankaracharya	35
shankh	35
shapath	35
sharuati	35
shatabdima	35
shaury	35
shikhi	35
shikhva	35
shikshanvid	35
shimla	35
shishyo	35
shivaling	35
shiyala	35
shok	35
shokh	35
shradhanjali	35
shravya	35
shrinagar	35
shvarjhenegar	35
siddhio	35
sikyoritijh	35
siment	35
sindha	35
singapur	35
sipahio	35
siriya	35
sisko	35
sistam	35
sit	35
sivayana	35
sivayni	35
skrining	35
slip	35
sliping	35
solo	35
sonani	35
stadi	35
stariy	35
stend	35
sthalnu	35
sthaloni	35
sthapayeli	35
sthapyo	35
storej	35
strioma	35
striona	35
studiyoma	35
subedar	35
suchibaddh	35
sudarshan	35
sundri	35
suraj	35
suryast	35
svamina	35
svat	35
sving	35
svitjharlend	35
taduprant	35
taivan	35
tambu	35
tamilnaduma	35
tanjavur	35
tantrik	35
tarapur	35
tebal	35
teksi	35
teresa	35
thad	35
thanar	35
thando	35
thari	35
thavama	35
tilakvada	35
traino	35
trak	35
trikon	35
trutiyansh	35
tunkma	35
tunko	35
turbo	35
tvin	35
tyani	35
tyub	35
tyulipa	35
uapakaran	35
udaghatan	35
uddhyanni	35
udhogma	35
udhogo	35
udhyogne	35
ul	35
umada	35
umashankar	35
upkhand	35
urjano	35
usha	35
ushnktibandhiy	35
uthavi	35
utsah	35
uttaradhikari	35
vadiya	35
vagadvama	35
vage	35
vagerema	35
vagerena	35
vahanoni	35
vahenchayelu	35
vahenchvama	35
vaidhy	35
vakya	35
vallabhbhai	35
valo	35
valod	35
vanshani	35
vanvas	35
vaparava	35
varadan	35
varchyual	35
vardha	35
varjiniya	35
varnano	35
varsadni	35
varshanu	35
varshiya	35
vartana	35
vasta	35
vastavama	35
vastignatri	35
vastuona	35
vastuone	35
vasudev	35
vatavaranna	35
vavama	35
vavani	35
vaynad	35
vayuo	35
velsh	35
veparma	35
veraijhan	35
veraval	35
vichari	35
vicharone	35
viday	35
vidhio	35
vidhyarthioni	35
vidroh	35
vighatan	35
vigyanani	35
vikar	35
vikase	35
vikheri	35
vimanamathak	35
visheshata	35
vishvane	35
vishvnu	35
vistarit	35
vistaroni	35
vivadit	35
vivechnatmak	35
vyakat	35
vyakhyano	35
vyakhyao	35
vyapakapane	35
vyavasayi	35
vyavasthao	35
vyayam	35
yan	35
yogi	35
yogyata	35
yojayo	35
yojnano	35
yor	35
yuan	35
yuropiy	35
zina	35
aabu	34
aachha	34
aaidi	34
aaijhek	34
aaju	34
aakarnu	34
aakashvani	34
aalbamnu	34
aalkohol	34
aamantrit	34
aandhrapradesh	34
aankdakiy	34
aarakshit	34
aarchitect	34
aarkaiv	34
aartist	34
aasanithi	34
aaspasno	34
aavkar	34
aayarlendama	34
aayarlendani	34
aayushy	34
abhimanyu	34
abhyasna	34
abhyasne	34
achhat	34
adalatma	34
adharbhut	34
adhiveshanma	34
afava	34
ainstain	34
ajanya	34
ajmer	34
ajod	34
akashi	34
alaknanda	34
alayhi	34
aluminiuam	34
amoniya	34
amritser	34
angenu	34
angrejoni	34
anjali	34
anko	34
anuo	34
anusaran	34
apar	34
apave	34
apavi	34
apharan	34
apsara	34
arebiya	34
ashryjanak	34
aspashta	34
atakavava	34
ataki	34
atankvadio	34
avastha	34
ayodhya	34
babtona	34
bachave	34
bachela	34
badakni	34
badalay	34
badvakhoro	34
bafet	34
bahishkar	34
bahukon	34
bahuman	34
bait	34
bajarni	34
bajave	34
bajet	34
bajuni	34
bakhtariya	34
bakshi	34
balram	34
bamni	34
banas	34
banavama	34
banavavano	34
banavavanu	34
banavvi	34
bangla	34
banglore	34
bapa	34
bapu	34
barafna	34
barak	34
batak	34
bataka	34
batan	34
batata	34
bechlar	34
bekhame	34
benzir	34
bethi	34
bhagidarima	34
bhagone	34
bhajavvama	34
bharatmathi	34
bharpurvak	34
bhashaona	34
bhashi	34
bhavani	34
bhavnagarma	34
bhavnagarna	34
bhavnatmank	34
bhejvali	34
bhojpuri	34
bhukhara	34
bhuli	34
bhulthi	34
bhutkal	34
bhutkalna	34
bigal	34
bijganit	34
bikaner	34
birajman	34
boksing	34
bolavi	34
bolt	34
brahmandna	34
brahmani	34
bramankakshama	34
bred	34
brek	34
britisharoe	34
buat	34
buddhi	34
buddhna	34
burdar	34
canadani	34
chadai	34
chadavadani	34
chadi	34
chahako	34
chahera	34
chakravarti	34
chamchi	34
chamunda	34
chart	34
chartar	34
chatra	34
chedo	34
cheri	34
chhaya	34
chhidra	34
chhodni	34
chi	34
chicago	34
chihno	34
chijo	34
chinh	34
chitrit	34
chokhana	34
chotila	34
chukyo	34
chunilal	34
chuntayi	34
citima	34
city	34
collegemathi	34
cricketni	34
dabavi	34
dadani	34
daglas	34
dahegam	34
dalal	34
dardioma	34
darkhasta	34
darshavay	34
darshavela	34
daruni	34
dasmi	34
dastavejikaran	34
daudi	34
dauntaun	34
davaoni	34
dayal	34
deccan	34
deili	34
denmark	34
depyuti	34
devanu	34
devayu	34
devine	34
dhabe	34
dhandha	34
dhanik	34
dharavi	34
dharyu	34
dhasi	34
dhimo	34
dholka	34
dhrangadhra	34
dhumado	34
dijhainma	34
dili	34
dollarnu	34
draivar	34
drashtikonthi	34
durvasa	34
dut	34
echtiemel	34
economic	34
edishan	34
edministreshan	34
egrikalchar	34
egyptna	34
eidjh	34
ekaj	34
ekaunting	34
elekzandar	34
eltiti	34
empayar	34
emro	34
enalisis	34
enjiniyar	34
enron	34
farajo	34
fargyusan	34
farsta	34
farte	34
fayadao	34
feri	34
feti	34
fikshan	34
filadelfiyama	34
filmano	34
fishing	34
fistival	34
flaing	34
flas	34
franse	34
frant	34
gahan	34
gale	34
gana	34
ganatu	34
ganitana	34
ganpati	34
garbhgruh	34
gard	34
garud	34
gatar	34
gatie	34
gayatri	34
gerhajarima	34
ghatanama	34
ghatanaone	34
giro	34
gitama	34
gosvami	34
govama	34
grafe	34
grahoni	34
granthi	34
granthni	34
gre	34
gred	34
gretar	34
gsm	34
gufama	34
guvere	34
gvaliyar	34
hab	34
hadka	34
hadtal	34
haf	34
haiskulma	34
halol	34
hanumanji	34
harbar	34
hare	34
haryo	34
hastprato	34
hathio	34
hathni	34
hatyakand	34
herfer	34
hethalno	34
hilchal	34
hiroshima	34
hitlar	34
hiy	34
hospitlo	34
hovard	34
hudson	34
humayu	34
ijao	34
indiz	34
infantri	34
insyulin	34
intar	34
intarastet	34
iranna	34
ishvarne	34
isro	34
jagyani	34
jahangir	34
jailni	34
jali	34
jalsthal	34
jamavyo	34
janhani	34
janmadivas	34
janmani	34
janmasthal	34
jantunashak	34
janyu	34
jap	34
jasusi	34
jatana	34
jationa	34
jemno	34
jillane	34
jivanshaili	34
jivi	34
jivvignan	34
jodaine	34
jodano	34
jodayu	34
johan	34
jokhamne	34
jor	34
joshie	34
jovani	34
judu	34
junena	34
kabuma	34
kachchhnu	34
kachra	34
kadma	34
kaf	34
kahevaya	34
kalab	34
kalakama	34
kalakrutio	34
kalane	34
kalao	34
kalapi	34
kalni	34
kamo	34
kampyutars	34
kamyunikeshan	34
kanaiyalal	34
kanekshan	34
kanik	34
kannur	34
kant	34
karana	34
karanthi	34
kararo	34
karati	34
karolo	34
karyni	34
kasarat	34
kasturba	34
kathaoma	34
kathin	34
kathol	34
katokatini	34
kaveri	34
kavitani	34
kech	34
kempasma	34
kenala	34
kenediyan	34
kepital	34
ker	34
kerala	34
keso	34
ket	34
ketalay	34
kethrin	34
ketliy	34
khambhatna	34
khandma	34
khanne	34
kharidavama	34
kheladioni	34
khetarma	34
khetivadi	34
khun	34
khuna	34
killano	34
klabna	34
klabo	34
klik	34
koie	34
koini	34
kolam	34
kolambiya	34
koloni	34
kolsa	34
komarshiyal	34
komi	34
komic	34
komyunikeshan	34
konkan	34
kontinental	34
korporeshno	34
kosho	34
kshamatama	34
kshati	34
kshatriyo	34
kuran	34
kuru	34
kutumbo	34
kutumboni	34
kuvar	34
ladaina	34
ladayak	34
ladta	34
lagnana	34
lahore	34
lakhayo	34
lakhelu	34
lakhni	34
lakhthi	34
lakhvani	34
lambchoras	34
landanma	34
lavvani	34
lavvano	34
least	34
leboretari	34
leg	34
leh	34
lenara	34
leri	34
leto	34
levayo	34
liberti	34
lidheli	34
lin	34
linaks	34
links	34
loan	34
lui	34
lupt	34
madadnish	34
madak	34
madhyastha	34
mafiya	34
magar	34
magi	34
mahenat	34
mahetani	34
majuri	34
makbaro	34
malani	34
maliko	34
malsaman	34
manasni	34
mandagi	34
manek	34
mangeshkar	34
mangni	34
manmohan	34
mantavya	34
mantr	34
mantralayana	34
manushyo	34
mapva	34
marchna	34
margni	34
marina	34
marjarin	34
marketma	34
marko	34
maryadao	34
masalo	34
mastak	34
matadhikar	34
matbhedo	34
matcho	34
matheran	34
matvistar	34
megavatt	34
megejhine	34
meks	34
melavavana	34
melvel	34
melvela	34
melveli	34
menejar	34
mere	34
meyra	34
midal	34
minepolis	34
miya	34
modarn	34
modeling	34
modelo	34
morarji	34
motarsaykal	34
mrutyune	34
mrutyunu	34
mtv	34
mujabni	34
mukayu	34
myanmar	34
nabalo	34
nafa	34
nagarhavelina	34
nagrikoni	34
nail	34
nainital	34
naits	34
nakh	34
nakhine	34
nakli	34
namakit	34
namma	34
nanakdi	34
nanana	34
nanda	34
naraj	34
naresh	34
nasa	34
nasi	34
natal	34
naukadalna	34
nayika	34
nelson	34
netaoe	34
netaone	34
netvarkani	34
nibhavi	34
nichenano	34
nicheno	34
nichethi	34
niji	34
nikalti	34
nikalyo	34
nirakaran	34
nirmanni	34
nondhai	34
norman	34
nrutyangna	34
nyuyork	34
obama	34
odakhaya	34
odakhva	34
odishana	34
oksaid	34
oksideshan	34
orenj	34
ostreliyana	34
ov	34
oxygen	34
pachhat	34
pachinoe	34
padarthoni	34
padasho	34
padhdhati	34
padvana	34
pagna	34
pagni	34
pahelivar	34
pahonchva	34
pakshione	34
palatne	34
paliya	34
palsana	34
pam	34
pameli	34
panchmu	34
pandavona	34
pandavoni	34
paramparik	34
pardarshak	34
pared	34
parisar	34
parishadni	34
parivartano	34
parotha	34
parshuram	34
partini	34
paryavarnne	34
pashchat	34
pata	34
patini	34
patroni	34
pedhi	34
penal	34
penalti	34
pension	34
pitt	34
pivani	34
plas	34
pleto	34
poland	34
postal	34
prabhavi	34
pradeshnu	34
pragaitihasik	34
prakashno	34
prakran	34
pramandal	34
pranav	34
prasangopat	34
prasran	34
prastavit	34
prastavna	34
pratibhavma	34
pratikarak	34
pravahne	34
pravaho	34
pravakta	34
pravruttione	34
prithviraj	34
prodakshan	34
prodakts	34
prosesar	34
pruththakran	34
pruthvinu	34
pujya	34
punaragaman	34
punchhdi	34
punnirman	34
punravartit	34
puraskar	34
purnima	34
purv	34
pustakona	34
pustakoni	34
pustkalay	34
rabari	34
rachanaoma	34
rachnani	34
rajano	34
rajat	34
rajavadani	34
rajpipla	34
rajyamanthi	34
rakh	34
raman	34
ramanand	34
ramatamanthi	34
ramchandra	34
ramyo	34
rashiyama	34
rashtrasangh	34
rashtroni	34
rasoima	34
rati	34
rejimentama	34
restorant	34
rial	34
risort	34
robin	34
rogne	34
ronald	34
rushie	34
sabhyapad	34
sadhanono	34
sadharn	34
sahanubhuti	34
sahitynu	34
sain	34
sakshatkar	34
samaja	34
samanyapane	34
samarambh	34
samjavi	34
sampadano	34
sampradayma	34
samrajyne	34
samudayik	34
samudrane	34
samuhne	34
samuhni	34
samyiko	34
samyikoma	34
sanbhadi	34
sanbhdi	34
sandrata	34
sangitno	34
sangrahma	34
sangthanni	34
sankadayel	34
sanketik	34
sankhyana	34
sankhyane	34
sankuchit	34
sanmat	34
sanrachana	34
sanrakshak	34
sansadhan	34
sansthane	34
sansthapak	34
sanukul	34
sanvado	34
sanvedanshilta	34
sarahade	34
sarakaro	34
sardare	34
sarjnatmak	34
sarkhamani	34
sarvarni	34
sarvisis	34
sashastra	34
satara	34
sathesathe	34
sattano	34
sattao	34
satyajit	34
sav	34
saval	34
seint	34
sels	34
senano	34
sentimitar	34
shabhaji	34
shaherathi	34
shailine	34
shaiv	34
shakhana	34
shakit	34
shakva	34
shalakiy	34
shantipurna	34
sharan	34
sharuatthi	34
shasanni	34
shasanno	34
shastroma	34
shatru	34
shetan	34
shi	34
shikshanma	34
shilalekho	34
shiping	34
shitla	34
shivling	34
shiyal	34
shiyalu	34
shloko	34
shodhkhol	34
shreninu	34
shukra	34
shvarjhenegre	34
siddhant	34
siddhantne	34
siddharth	34
siddhpur	34
sijhanna	34
sikkao	34
siniar	34
sisi	34
sistamne	34
skai	34
skrebal	34
snatakani	34
sojo	34
sportas	34
springastine	34
starnu	34
stationni	34
sthalna	34
sthanak	34
sthapan	34
sthapati	34
sthapava	34
sthitio	34
stivan	34
stone	34
subhash	34
suchana	34
suchave	34
suchita	34
sudhareli	34
sudharvama	34
sunavani	34
sunil	34
suri	34
suryoday	34
suvyvasthit	34
svadhyay	34
svamie	34
svarupoma	34
svayambhu	34
systemna	34
tabakkana	34
tamare	34
tarak	34
tarano	34
tarminas	34
tatvona	34
tejas	34
telagu	34
telegraph	34
temanni	34
temnathi	34
tempal	34
ten	34
teninu	34
tera	34
teri	34
testama	34
thanara	34
thapa	34
tharmal	34
thode	34
thodik	34
tikakaro	34
timni	34
tiranthkar	34
tirunelveli	34
tobego	34
tofan	34
tofani	34
tola	34
top	34
topo	34
transamisana	34
trimasik	34
tripathi	34
tritment	34
trushshur	34
tukdao	34
turijham	34
tuvar	34
tyaji	34
tyuring	34
ubhela	34
uchchatam	34
udhar	34
udhyogni	34
ujagar	34
ulti	34
umargam	34
umrav	34
unalana	34
uparno	34
upayogathi	34
upnadio	34
upyogkarta	34
ushntaman	34
ustad	34
utarti	34
uti	34
utpadnona	34
uttarpashchim	34
uttarpurv	34
vadharanu	34
vadhela	34
vagerene	34
vaghni	34
vahela	34
vahenche	34
vajbi	34
vakta	34
valgad	34
vanaspatina	34
vanchit	34
vanchva	34
vaprashkartane	34
varn	34
varsa	34
varsama	34
vartalap	34
vartaone	34
vas	34
vastine	34
vatavaranne	34
vatavaranni	34
vate	34
vayask	34
vayavya	34
vechanma	34
vechva	34
venis	34
vhil	34
vibhagiy	34
viddhvano	34
vidhansabhama	34
vidhyano	34
vigat	34
vijetao	34
vikasama	34
vikasane	34
viksavi	34
viktar	34
vil	34
vila	34
vimens	34
vinayak	34
vindovs	34
virodhabhas	34
visheshtao	34
vishvayudhma	34
vistarone	34
vito	34
vivado	34
vivechakoe	34
vok	34
voltar	34
vorming	34
vruti	34
vyakitgat	34
vyaktioma	34
vyasta	34
vyavasthane	34
vyavasthani	34
vyavasthit	34
vyu	34
vyutpatti	34
yah	34
yakrut	34
yatraduo	34
yojati	34
yojavama	34
yojnane	34
yoni	34
yuddhviram	34
yuiefe	34
yunesko	34
yunikod	34
yunit	34
yunivarsal	34
yunivarsitini	34
yureniyam	34
yuro	34
yuth	34
zala	34
zankhi	34
zarna	34
zindagi	34
aacharan	33
aakarno	33
aakarshano	33
aakrutio	33
aamani	33
aamod	33
aandolanna	33
aandre	33
aantarashtriy	33
aanvik	33
aapashe	33
aapata	33
aapelu	33
aasharo	33
aathamo	33
abhinayni	33
abhivadan	33
abhyaskramo	33
adalate	33
adharmi	33
adhikansh	33
adhikarioni	33
ahino	33
ahvan	33
ajanta	33
ajay	33
ajit	33
akbandh	33
akhbaro	33
akshay	33
alagthi	33
alstara	33
aluva	33
alvi	33
amas	33
americane	33
amit	33
andarani	33
anekvidh	33
angikar	33
anhilvad	33
anjalas	33
ankhni	33
ankma	33
antarni	33
anthoni	33
anubhuti	33
anudan	33
anusarvama	33
anushilan	33
apata	33
apayela	33
argentina	33
arthaghatan	33
arthvyavastha	33
arya	33
asafal	33
asali	33
asarma	33
asthayi	33
atal	33
atkavvama	33
atyachar	33
atyarna	33
augustna	33
australiani	33
avakashyan	33
avakna	33
avatran	33
avsthama	33
babatni	33
babi	33
bachcha	33
badakne	33
badho	33
badhti	33
badlai	33
bakino	33
bala	33
banavaya	33
banavelu	33
banavvu	33
bandhayel	33
bandhine	33
bandhna	33
bandhva	33
banduk	33
banni	33
banto	33
banvanu	33
banvu	33
bayad	33
bedie	33
bejhbol	33
beljiyam	33
belt	33
besadvama	33
beta	33
bevada	33
bhagala	33
bhagidaro	33
bhagyej	33
bhaine	33
bhaioe	33
bhajavyo	33
bhal	33
bhala	33
bhan	33
bhangan	33
bhartiyone	33
bhautikshastra	33
bhavanma	33
bhavo	33
bhiloda	33
bhimdev	33
bhini	33
bhrasht	33
bhumigat	33
bhumisena	33
bhutkalni	33
bid	33
bijane	33
bijani	33
bilimora	33
bimario	33
binjaruri	33
brazilma	33
broad	33
brodkasting	33
bush	33
bye	33
caterpillar	33
chadavadane	33
chadhan	33
chaitanya	33
chalakti	33
chalani	33
chalis	33
chalit	33
chalto	33
chamber	33
charbi	33
charchao	33
charey	33
chartama	33
chat	33
chattho	33
chattisgadh	33
chenalo	33
chennaima	33
chetarpindi	33
chetna	33
chhash	33
chij	33
chikan	33
chitrama	33
chittagong	33
chodyu	33
chokhani	33
chomski	33
chunana	33
churchna	33
ciea	33
computerni	33
dabals	33
daine	33
dalne	33
dalona	33
dalpatram	33
danta	33
dantvalk	33
darekne	33
dariyakanthana	33
dariyakanthe	33
dariyakinara	33
dariyana	33
dark	33
darpan	33
darshavaya	33
darthi	33
dashak	33
dashansh	33
datta	33
davana	33
daykaoma	33
decemberma	33
dekha	33
dental	33
devay	33
devid	33
devie	33
devlopment	33
devni	33
dhandhuka	33
dhani	33
dhanya	33
dharasabha	33
dharasabhya	33
dharavnara	33
dhorimargo	33
dhul	33
dipak	33
dipresiv	33
disleksiya	33
divadandi	33
diya	33
dollarma	33
dollarthi	33
dram	33
drashyaman	33
drashyman	33
drushyo	33
dubki	33
dukkar	33
duniyabharma	33
durdarshan	33
durg	33
editar	33
ejh	33
ekasman	33
ekatha	33
ekatrikaran	33
ekma	33
eksel	33
elchi	33
entarapraijh	33
episodma	33
erlainse	33
erospes	33
evanyu	33
farnichar	33
farvani	33
fasta	33
fatkari	33
fatkarvama	33
faydakarak	33
felayo	33
feloship	33
festivalma	33
fet	33
filipains	33
filmonu	33
firoz	33
fojdari	33
foren	33
formula	33
fosfaras	33
fosfet	33
fredarik	33
frikvansi	33
futni	33
gammanthi	33
gamono	33
gandh	33
gandharv	33
ganitama	33
ganta	33
gar	33
garbhama	33
garl	33
garmi	33
gathan	33
gativay	33
gatividhio	33
gaushada	33
gavama	33
geim	33
gerhajri	33
germanye	33
germarge	33
ghatanana	33
ghauna	33
ghonghat	33
girimathak	33
gitano	33
gopi	33
graduate	33
granthna	33
gregoriyan	33
grisma	33
gugale	33
gundharma	33
gupta	33
guruna	33
hadappa	33
hadatal	33
hadma	33
hako	33
halaka	33
harijan	33
harolma	33
havalo	33
havanu	33
hethdni	33
himofiliya	33
hing	33
historikal	33
hydrogen	33
idi	33
impiriyal	33
indrane	33
input	33
intarnetna	33
intele	33
intigreted	33
isai	33
islamna	33
itihaskaro	33
itihasnu	33
its	33
iventama	33
izarayel	33
jadavavama	33
jagir	33
jaherkhabaro	33
jaj	33
jalalpor	33
jalaram	33
jambusar	33
jaminana	33
jaminnu	33
jaminthi	33
janavi	33
jankashan	33
janmabhumi	33
janmathi	33
jantu	33
japane	33
jarmanini	33
javane	33
jemani	33
jethva	33
jhilend	33
jirnoddhar	33
jivanane	33
jodato	33
jodayo	33
jodo	33
jodva	33
jyoti	33
kabaro	33
kabjama	33
kachadi	33
kachba	33
kachrana	33
kadnu	33
kafiya	33
kahani	33
kahevayu	33
kaju	33
kalano	33
kalimpong	33
kalu	33
kalyanpur	33
kamdarone	33
kamne	33
kamni	33
kandi	33
kapadvanj	33
kapine	33
kara	33
kararna	33
karato	33
karigaro	33
karkhanu	33
karkirdina	33
karmacharioni	33
karnatakama	33
karnegie	33
karun	33
karyakal	33
karyakaro	33
karyakramonu	33
karybhar	33
karykramna	33
kastam	33
katokatina	33
kayarek	33
kedio	33
kelvin	33
kensarne	33
keralni	33
keta	33
ketalu	33
khabha	33
khagoliya	33
khalifa	33
khandiy	33
khando	33
khanijo	33
khankam	33
kharghar	33
kharid	33
khatama	33
kheladine	33
khenchavama	33
khenchyu	33
khetar	33
khetaroma	33
khetini	33
khinna	33
khule	33
khunama	33
kibord	33
kim	33
kirnotsari	33
kissa	33
kissao	33
kisso	33
kle	33
koina	33
kolejni	33
komal	33
komyunist	33
kongrese	33
korporeshanni	33
koshtak	33
kota	33
kotda	33
kovid	33
kramanke	33
kshan	33
kshatigrast	33
kudama	33
kulna	33
kumarpal	33
ladaini	33
lagavyo	33
lagnama	33
lakdi	33
lakhanoma	33
lakhata	33
lakhavanu	33
lakhine	33
lakshaman	33
laksharna	33
lalita	33
lasan	33
lauv	33
lava	33
lavine	33
lay	33
lekhoma	33
levathi	33
levayeli	33
lid	33
likvid	33
linkan	33
lokkatha	33
lyuisiyanama	33
madan	33
madha	33
madhymo	33
madurai	33
magajna	33
mahanagarapalika	33
mahant	33
maharaje	33
mahendra	33
mahinaoma	33
majak	33
majuro	33
malakha	33
malakhagat	33
malay	33
malvani	33
manali	33
manasne	33
mandironi	33
mandyu	33
mantavyo	33
manto	33
mantro	33
manushyana	33
manvini	33
mapvama	33
marathao	33
marathima	33
marksvadi	33
matanusar	33
matram	33
maulana	33
mep	33
merath	33
metru	33
milakato	33
milanma	33
mina	33
minar	33
mishanri	33
mishel	33
mittal	33
mohandas	33
mokle	33
moko	33
mongha	33
monghi	33
moris	33
moshan	33
mosko	33
motabhagnu	33
motilal	33
mruta	33
mudrama	33
mugal	33
muktini	33
mukyamathak	33
mulraj	33
mure	33
my	33
myujhikal	33
nahivat	33
najikno	33
nakshama	33
nali	33
namakan	33
namakaran	33
nananni	33
nashila	33
nashta	33
nasib	33
nasta	33
nat	33
natakna	33
nato	33
naukadal	33
navalkathana	33
navjat	33
navjivan	33
neja	33
nem	33
neminath	33
neval	33
nidarshan	33
nipun	33
nirdisht	33
nirmatao	33
nokaridata	33
nondhayel	33
norvejiyan	33
norvema	33
novemberna	33
nrutyani	33
nyukesal	33
nyuzilend	33
oalakhatu	33
odiya	33
odkhatu	33
oes	33
oespief	33
ogali	33
opanni	33
opreshans	33
oracle	33
otometik	33
otomotiv	33
oza	33
pachhadni	33
padakar	33
padkaro	33
pagthiya	33
paheri	33
paholo	33
pahonch	33
pahonchadava	33
pahonchadvama	33
paip	33
pakadva	33
pakistanane	33
paraformans	33
parag	33
paramparane	33
paranya	33
pardi	33
parivare	33
parshvagayak	33
parsiyan	33
partie	33
parva	33
paryay	33
patanna	33
patrakartva	33
patrana	33
patrne	33
paudhogiki	33
paygambar	33
pe	33
peinting	33
peshio	33
pesmekar	33
petrik	33
phorbes	33
pin	33
pinchha	33
piti	33
player	33
policy	33
polisa	33
politeknik	33
pradhanya	33
prajane	33
prakaroma	33
prakat	33
prakriyano	33
pramanena	33
pranay	33
pranione	33
prantoma	33
prasangik	33
prasuti	33
prathamvar	33
pratikriyao	33
pratimao	33
pratiti	33
pratyeno	33
pravase	33
pravin	33
pravrathanma	33
pravruttima	33
prayag	33
premna	33
priti	33
puraskrut	33
puratu	33
purogami	33
purushona	33
purveni	33
pushth	33
pustakno	33
pustaknu	33
putrani	33
putrone	33
rachanana	33
rachya	33
radhanpur	33
raheman	33
raits	33
rajni	33
rajputana	33
rajyabhishek	33
rakhay	33
ramanbhai	33
ramatama	33
ramatane	33
rampura	33
ramvani	33
ranie	33
rashtroe	33
rate	33
raypur	33
resing	33
resling	33
ret	33
ridar	33
riksha	33
rimot	33
rishikesh	33
rock	33
rogno	33
rognu	33
rokaya	33
romans	33
rumma	33
ruparekha	33
rupiyani	33
rushina	33
sabu	33
sadasyo	33
sadhanoni	33
sadino	33
sahityne	33
sahso	33
sajavat	33
salam	33
sallallahu	33
samanarthi	33
samasyane	33
sambadhit	33
sambandhe	33
sambhalyu	33
samjavvama	33
samtal	33
samudayoma	33
samvardhan	33
samvidhan	33
sanchay	33
sanchit	33
sangani	33
sangathhano	33
sangitne	33
sangnao	33
sanjeli	33
sankadvama	33
sankal	33
sanmati	33
sansthano	33
sansthaoe	33
santulit	33
sarnama	33
sasti	33
satmo	33
sattane	33
satyagraha	33
saumy	33
selsiyas	33
semifainalma	33
setma	33
sevaona	33
seylf	33
shabdone	33
shaheramanthi	33
shahrukh	33
shailinu	33
shaktina	33
shanku	33
shareni	33
sharuatnu	33
shasakoe	33
shero	33
shikhvavama	33
shila	33
shishu	33
shivji	33
shradhaluo	33
shrenino	33
shrushti	33
siddhanto	33
sidhdhantma	33
sijhanma	33
sikkima	33
sikko	33
sikyoriti	33
sindhana	33
sinemani	33
singhe	33
sirijh	33
skrina	33
smaran	33
smart	33
smurti	33
sompani	33
sonpi	33
sour	33
spainna	33
spenma	33
speshyal	33
spiti	33
springastinna	33
stediyamma	33
steshano	33
stetna	33
sthalantarit	33
sthalethi	33
sthanantrit	33
sthapya	33
sthirta	33
stuti	33
subhadra	33
suchima	33
suchnao	33
sugar	33
sunikshit	33
super	33
surakshana	33
suratna	33
suzuki	33
svachchha	33
svasan	33
svasth	33
sviden	33
svikaryo	33
syut	33
t	33
tabakkani	33
tabakkao	33
tabkko	33
tafavato	33
tagorena	33
taji	33
takana	33
take	33
tang	33
tankvama	33
tapuna	33
tarbain	33
tarta	33
task	33
tatiy	33
tatvone	33
tatvoni	33
technologyna	33
teji	33
teka	33
teknik	33
teknolojino	33
telma	33
telna	33
teono	33
thambhala	33
thandak	33
thiyetarma	33
tikao	33
tikshan	33
timbaktu	33
timno	33
tipu	33
tochnu	33
tokyo	33
tol	33
transfar	33
tras	33
trishul	33
trustni	33
trutiy	33
tukdie	33
tukdo	33
tulsi	33
tunel	33
tura	33
turkey	33
tuver	33
tyels	33
tyubrakyulosis	33
tyulip	33
uchhervama	33
uchit	33
udhyogoma	33
ugi	33
ukelava	33
uma	33
umarni	33
umedvari	33
unche	33
unjha	33
upadesh	33
upalabdhta	33
upayo	33
upnagariy	33
upyogna	33
urfe	33
ushma	33
uthavyo	33
utre	33
utsavo	33
uttarna	33
utthan	33
vachchethi	33
vadak	33
vadangar	33
vahanvyavhar	33
vahen	33
vai	33
vairus	33
vaktavya	33
valano	33
valgi	33
valta	33
valto	33
vandho	33
vangioma	33
vanshno	33
vapri	33
varasadi	33
vardhaman	33
vargama	33
varsadna	33
varte	33
vasahatio	33
vasatini	33
vasavyu	33
vastino	33
vastune	33
vastuono	33
vatavi	33
vavnu	33
vayani	33
vechay	33
vedna	33
vel	33
vibhagne	33
vichare	33
vidya	33
vignani	33
vijapur	33
vikasashil	33
vikasno	33
vilas	33
vimanane	33
vimanma	33
vind	33
vinti	33
virodhabhasi	33
viruddhama	33
vishayoni	33
vishhayama	33
vishhayana	33
vishvamitra	33
vishvanath	33
vishvavidyalayma	33
vishvavidyalayna	33
vistari	33
vistaromanthi	33
visvvyapi	33
vord	33
vu	33
vud	33
vyakhyan	33
vyaktinu	33
vyavasthana	33
vyavasthano	33
yaksh	33
yam	33
yard	33
yathavat	33
yatrama	33
yojayel	33
yojnana	33
yuddhani	33
yudhishthirne	33
yukreniyan	33
yukta	33
zaveri	33
zudas	33
aabohavama	32
aad	32
aadarsho	32
aafriki	32
aaharma	32
aajkal	32
aakari	32
aalappujha	32
aankadao	32
aapvu	32
aarasni	32
aarthariyan	32
aasami	32
aaspasma	32
aastha	32
aatho	32
aatmane	32
aavart	32
aavartan	32
aavvathi	32
aayovama	32
abbas	32
abhiman	32
abhinit	32
abhyasni	32
abraham	32
abul	32
achhadit	32
adad	32
adadhu	32
adan	32
adani	32
adarniy	32
adi	32
adity	32
adrusiya	32
afaghanistanma	32
agaunu	32
agevanima	32
aghru	32
agnat	32
agtyani	32
ahmednagar	32
akhatma	32
alappujha	32
amanthi	32
amravati	32
amul	32
amurt	32
anavaran	32
andhari	32
angrejina	32
anidra	32
aniyantrit	32
ankushit	32
ansho	32
antarna	32
anulakshine	32
anumanit	32
anusarine	32
anusarta	32
anusnatakni	32
anyatra	32
anyay	32
apane	32
apayeli	32
apragat	32
arajiao	32
areth	32
arjunna	32
arnold	32
artho	32
arthtantrana	32
asahkarni	32
asaman	32
asanje	32
asarone	32
asarthi	32
ashokna	32
ashvamegh	32
asosieshan	32
asthibhang	32
asur	32
asurkshit	32
athadaman	32
athma	32
atikraman	32
atmghati	32
atri	32
avajne	32
avakno	32
avalokan	32
avasya	32
avayav	32
avirat	32
avrodho	32
avvu	32
babasaheb	32
babu	32
badalav	32
badlo	32
badtara	32
badvan	32
badvani	32
bafela	32
bafete	32
bafine	32
bahoda	32
baholo	32
bahurastriy	32
bahut	32
bai	32
bajaj	32
bajarang	32
bajuethi	32
bakhtar	32
bakingham	32
balad	32
balaji	32
balatkar	32
banavatma	32
banavnar	32
banavshe	32
bandhavyu	32
bandhayeli	32
bandhe	32
bandhkamni	32
bandra	32
banji	32
bankna	32
baras	32
bard	32
barik	32
barmi	32
bateta	32
bebi	32
bed	32
beijingma	32
bendama	32
benjamin	32
beristar	32
bevadi	32
bhadarva	32
bhagavti	32
bhagmathi	32
bhaione	32
bhaji	32
bharatbharma	32
bharatthi	32
bharelu	32
bharya	32
bharyu	32
bhashaoni	32
bhaskar	32
bheto	32
bhishmne	32
bhojanni	32
bhumisenana	32
bhumiti	32
bhushan	32
bilaspur	32
binsattavar	32
bishap	32
bodh	32
bolavya	32
bolivudni	32
bolnara	32
bolte	32
bolva	32
bor	32
born	32
brahmandma	32
bumreng	32
byukenne	32
chakali	32
chakkar	32
chakro	32
chalchitrama	32
chalva	32
chanana	32
chapra	32
charchama	32
charchni	32
charlse	32
chatralay	32
chaturth	32
chavd	32
chavi	32
chen	32
chenj	32
chepline	32
chetarji	32
chhala	32
chhidro	32
chhutu	32
childrans	32
chinano	32
chintit	32
chitroma	32
chodne	32
chodya	32
chokhkhi	32
chomasama	32
chopra	32
choryasi	32
chovki	32
chovkio	32
chukada	32
chukavva	32
chukela	32
chukve	32
chuntanioma	32
chunti	32
chutya	32
clubma	32
corporatione	32
dablyudablyui	32
dadni	32
dakshinamurti	32
dantni	32
dard	32
darne	32
darshak	32
darshavayu	32
darugolo	32
dashakna	32
dashma	32
dashrath	32
davane	32
davaona	32
dayanand	32
daymand	32
dekhadvama	32
dekhayo	32
delhini	32
demokret	32
denis	32
der	32
desaie	32
desomanthi	32
detana	32
deval	32
devana	32
devayo	32
devinu	32
devio	32
devnagari	32
devtaona	32
devtaoni	32
dhanera	32
dhanki	32
dharak	32
dharmashala	32
dhis	32
dholera	32
dhorano	32
dhrohar	32
dhuliya	32
dhvajne	32
difolt	32
dikshanri	32
dilta	32
dina	32
direktari	32
dishe	32
divo	32
dode	32
dodi	32
dom	32
domein	32
dorda	32
dravyo	32
durghatana	32
duryodhanne	32
dvitiya	32
ebi	32
edolf	32
edvartaijhing	32
efe	32
egyptma	32
ejipt	32
ekanki	32
ekaunt	32
ekne	32
elarjik	32
elfinstan	32
elijhabethe	32
emino	32
enjinna	32
enjino	32
enkripshan	32
entri	32
eple	32
ernakulam	32
ese	32
etalo	32
ethernet	32
ethi	32
fainansiyal	32
fale	32
faliya	32
famili	32
far	32
farine	32
farma	32
farmasi	32
farsan	32
fasai	32
faundeshanna	32
fayarvol	32
februaryna	32
fenkvama	32
fervai	32
fichars	32
filsuf	32
fish	32
foks	32
forchyun	32
fota	32
fotograf	32
frank	32
fug	32
gajhalkar	32
galo	32
galu	32
gama	32
gamanu	32
gamat	32
gamoni	32
ganatantra	32
ganatarina	32
ganatario	32
ganda	32
gandhidham	32
gangadhar	32
gangana	32
ganguli	32
garamina	32
garba	32
garbo	32
garudeshvar	32
gates	32
gathbandhan	32
gava	32
gerakayadesar	32
gerila	32
germanyna	32
ghanata	32
ghane	32
ghant	32
gharshan	32
ghata	32
ghatadvama	32
ghatanani	32
ghatati	32
ghatnaone	32
ghatt	32
gherayel	32
ghusankhori	32
gira	32
giri	32
gitane	32
gitarvadak	32
glen	32
gnyanana	32
goa	32
godse	32
gokhale	32
golo	32
gorakhpur	32
got	32
gothvayela	32
govana	32
grahacone	32
grid	32
ground	32
grupni	32
gujaratina	32
gulami	32
gumave	32
gumavyo	32
gunegar	32
gurudvara	32
gusso	32
hadappiy	32
hadvo	32
haidar	32
hakuikat	32
halki	32
halno	32
halva	32
halvad	32
hamirji	32
hanumanjinu	32
hardvare	32
haritadravya	32
harivansh	32
hariyali	32
harya	32
hasmukh	32
hastgat	32
hastinapur	32
hastkgat	32
hathina	32
haththi	32
hatyano	32
hausma	32
havane	32
helthaker	32
himnadi	32
hinsaka	32
hoddao	32
hodi	32
hollyvud	32
hong	32
hov	32
hugli	32
humalano	32
humlao	32
hyustanma	32
igal	32
ila	32
ilektron	32
imam	32
imaratma	32
imaratni	32
indigo	32
indr	32
injekshan	32
iradapurvak	32
iranma	32
irelandma	32
islamma	32
istarn	32
itihasne	32
jailmathi	32
jailvas	32
jaiprakash	32
jalagamva	32
jalma	32
jalvidhyut	32
jambali	32
jambughoda	32
jami	32
jamp	32
janai	32
janati	32
janatu	32
janjati	32
jankar	32
janki	32
janmana	32
jantane	32
jaruriyatone	32
jattha	32
jeri	32
jhu	32
jivava	32
jodani	32
jodanne	32
jodanni	32
jogavai	32
jokhmo	32
jovay	32
juj	32
juliyan	32
juthama	32
juthani	32
juthno	32
juthnu	32
juthone	32
jyotishha	32
kacherio	32
kadani	32
kadar	32
kadav	32
kadhine	32
kadhvani	32
kagad	32
kaksh	32
kakshanu	32
kalakaroe	32
kalavad	32
kalcharal	32
kalyanji	32
kamgirine	32
kamgirini	32
kamkaj	32
kamyunist	32
kand	32
kandla	32
kanishk	32
kanjhyumar	32
kankariya	32
kanu	32
kanvenshan	32
kapadani	32
kapil	32
karak	32
karanoma	32
karanone	32
karavane	32
karayelo	32
karish	32
karkarog	32
karlos	32
karnarne	32
karodo	32
karyakramnu	32
karyksham	32
karyone	32
kathak	32
kathiyavadna	32
kaubhand	32
kaunsilni	32
kaurav	32
kavant	32
kayarey	32
kedar	32
kenedana	32
keshav	32
ketali	32
kethlik	32
ketlo	32
keva	32
kevin	32
khadina	32
khagolshastri	32
khalsa	32
khambhaliya	32
khano	32
khasedavama	32
khasedi	32
khasiyat	32
khatenu	32
khenche	32
khengaraji	32
khetaro	32
khijdiya	32
khushi	32
killane	32
kilogram	32
kingdamna	32
kipar	32
kit	32
kloraid	32
klorin	32
koimbatur	32
kola	32
kolaso	32
kolkatama	32
koman	32
kondomna	32
kongo	32
konkani	32
kopar	32
kothmir	32
kramachyo	32
krantikario	32
krantini	32
kraun	32
krida	32
kristal	32
kru	32
krujh	32
krur	32
krutima	32
kruty	32
kshama	32
kshane	32
kshar	32
kshin	32
ku	32
kuinsland	32
kuli	32
kullu	32
kulni	32
kumare	32
kurnikova	32
kurukshetra	32
kushan	32
kut	32
kutchhi	32
kyubana	32
ladaio	32
ladaku	32
ladatma	32
ladu	32
lagadvama	32
lagato	32
lagavavama	32
lainni	32
lains	32
lakhai	32
lakhay	32
lakhpat	32
lakhva	32
lakshanoma	32
lakshyo	32
lanbun	32
lapatta	32
laskare	32
lathi	32
lekhakni	32
lekhama	32
lending	32
lesar	32
levayel	32
libreshan	32
lidar	32
lift	32
ligna	32
limbdi	32
livi	32
loar	32
loksabhama	32
loksabhani	32
lunt	32
madhuprameh	32
madhyabhagma	32
madhyamni	32
madhyayugina	32
magajma	32
maharajna	32
maharajnu	32
mahasabha	32
mahasagarna	32
mahelne	32
mahelno	32
mahelo	32
mahesuli	32
mahetana	32
mahudi	32
maikrosofte	32
mails	32
maitri	32
makanma	32
makka	32
malakhane	32
malakhani	32
malelo	32
malna	32
malpur	32
maltipal	32
malum	32
mana	32
manama	32
manasna	32
manavata	32
manavatavadi	32
manda	32
mandalma	32
mandironu	32
manoranjak	32
manubhai	32
mapi	32
mart	32
masaledar	32
masjidma	32
masjidna	32
matajini	32
matano	32
mathi	32
maury	32
mba	32
med	32
medanoma	32
medrid	32
mein	32
meksikona	32
melavavanu	32
melborn	32
menahtanma	32
menglor	32
menyual	32
mesej	32
met	32
metriks	32
mikenikal	32
milakat	32
miliyoner	32
milkt	32
mimorial	32
mimory	32
minara	32
minitama	32
mistri	32
miyami	32
modasa	32
mohit	32
mokalnar	32
mokhare	32
monitar	32
morcha	32
most	32
motapramanma	32
mrutyuno	32
mudran	32
mukabalo	32
mukay	32
mukaya	32
mukharjie	32
mukvani	32
mulakati	32
muliya	32
musado	32
musafarone	32
myujhik	32
nabudi	32
nadari	32
nadione	32
naga	32
nairutya	32
naitikta	32
nakhvani	32
nakshatra	32
naliyer	32
nambarnu	32
namne	32
namothi	32
nanabhai	32
nand	32
nanpanthi	32
narak	32
narivadi	32
nariyel	32
natakni	32
navalkathani	32
navesarthi	32
navghan	32
nehrue	32
nerogej	32
netaoni	32
netherland	32
nevtone	32
nichanvala	32
nikalyu	32
niko	32
nimaya	32
nipunta	32
nirantar	32
nirash	32
nirmal	32
nishtha	32
nistej	32
nitiao	32
nitya	32
nivdi	32
nivedano	32
niyamanakari	32
niyamonu	32
niyantranni	32
nomineshan	32
nrutyana	32
nyayalay	32
nyokardiyala	32
oak	32
oalakhato	32
odakhai	32
odakhava	32
odishama	32
ofiso	32
ogasht	32
ojaro	32
olakhta	32
onars	32
optikal	32
oradama	32
oriental	32
orkut	32
ostreliya	32
pablo	32
pachhali	32
pachino	32
padarpan	32
padarthna	32
padavu	32
padbhrast	32
padhya	32
padmavti	32
padvathi	32
padvio	32
pagalu	32
paglano	32
pahelano	32
pahervesh	32
paki	32
pale	32
paltanna	32
pamava	32
paramparaoma	32
parasparik	32
paratve	32
paribalone	32
parikshama	32
paripurn	32
paristhitioma	32
parivarno	32
parivarnu	32
parivartanni	32
parl	32
paropkari	32
parsparik	32
partima	32
parvano	32
parvatoma	32
paryatako	32
pashuo	32
patanma	32
patharmathi	32
patine	32
patnini	32
patrani	32
patrni	32
pattio	32
paudar	32
pavagadh	32
peli	32
pensilvenia	32
pepar	32
pepsi	32
peri	32
peshi	32
pichha	32
pithna	32
piyano	32
piyar	32
planing	32
ples	32
points	32
policena	32
polisne	32
politikal	32
pra	32
prabandhan	32
prabhas	32
prabhavne	32
pradeshmanthi	32
pragatishil	32
prahlad	32
prakarano	32
prakarne	32
prakashnu	32
prakrutima	32
prakrutina	32
praniono	32
prantni	32
pranvayu	32
prasangoe	32
prashasti	32
prashikshan	32
prastuti	32
pratibhashali	32
pratigya	32
pratyay	32
pravachano	32
pravahna	32
pravahni	32
pravasma	32
praveshva	32
pravrutio	32
prayasone	32
prayogatmak	32
prayogshala	32
premanand	32
presidant	32
printing	32
projektama	32
projektana	32
projekts	32
protekshan	32
proton	32
prushtho	32
pruthvine	32
pujari	32
punarjanma	32
punarjivit	32
purana	32
purani	32
puravatho	32
purvathi	32
putrana	32
rachai	32
radar	32
radi	32
rajaoni	32
rajavadana	32
rajgadi	32
raji	32
rajkarnio	32
rajneta	32
rajpara	32
rajyoe	32
rakhshe	32
rakshasi	32
ramanlal	32
ramatanu	32
ramatna	32
ramayanna	32
ramkhano	32
ramnath	32
ramvama	32
ranani	32
ranina	32
ranine	32
ranini	32
ranjit	32
ranma	32
ranni	32
ranpur	32
rasayanshastra	32
rashtrone	32
rasikaran	32
rastani	32
rathyatra	32
ravindra	32
ravivar	32
raydo	32
rekords	32
relvenu	32
renoe	32
repid	32
resa	32
retina	32
rik	32
rivajo	32
rogthi	32
romanchak	32
romma	32
ron	32
rukmani	32
rushine	32
rushio	32
sadhanona	32
safarjan	32
sahyadri	32
saits	32
sakhavati	32
sakriyapane	32
sakriyata	32
saljhabarg	32
samacharpatra	32
samajavyu	32
samajvad	32
samarambhma	32
samasthanik	32
samaysar	32
sambandhoma	32
samitima	32
samman	32
sammelanma	32
sampattina	32
sampradayo	32
samudayne	32
samyavad	32
samyikma	32
sanadi	32
sanbhavnao	32
sanbhdya	32
sangrahni	32
sanhar	32
sankalp	32
sankat	32
sankhyani	32
sankramit	32
sankshep	32
sanprat	32
sanshodhanna	32
sanskrutna	32
sanvedana	32
sanyojno	32
sapna	32
sapni	32
sapnu	32
sarakha	32
saranama	32
sardaro	32
sarghas	32
sarjano	32
sarjari	32
sarji	32
sarnamu	32
sarthi	32
sartifiket	32
sarvaro	32
sarvekshanma	32
sarvopari	32
sarvottam	32
satarmi	32
sathidar	32
sauprathamvar	32
scotlandma	32
sekandama	32
sem	32
senchyuri	32
senkdo	32
sentarma	32
sentarna	32
series	32
setelait	32
sevaoma	32
sevaoni	32
shabdprayog	32
shahera	32
shaherone	32
shailino	32
shakai	32
shakayo	32
shaktine	32
shaktino	32
shalanu	32
shamaldas	32
shaman	32
shangar	32
shangarvama	32
sharate	32
sharne	32
shikhvani	32
shikshanno	32
shikshannu	32
shivnu	32
shiya	32
shiyalani	32
shiyarre	32
shiyrar	32
shodho	32
shodhvani	32
shodhyu	32
shreshthata	32
shuddhata	32
shulk	32
shushk	32
sidio	32
sijhanni	32
sikkimna	32
sim	32
simon	32
sinha	32
sinhna	32
sipahi	32
sistamno	32
sitane	32
skel	32
skottish	32
skript	32
skulna	32
slamdog	32
sopyu	32
sos	32
sosayatini	32
soshyal	32
soy	32
spikar	32
spin	32
spring	32
starno	32
stenli	32
stetas	32
stetse	32
sthanne	32
sthapanama	32
sthapatyo	32
sthitini	32
stop	32
strini	32
strok	32
sukai	32
sukhi	32
sulabh	32
suman	32
suparfast	32
surakshani	32
suratni	32
suvarnchandrak	32
svamini	32
svargma	32
svarupna	32
svarupnu	32
taba	32
tabakkavar	32
taknikno	32
takr	32
talaja	32
talavnu	32
taline	32
talod	32
tameta	32
tantrama	32
tantrane	32
tapamane	32
tapuni	32
tarango	32
tarani	32
tare	32
tarikho	32
tavarna	32
tavarni	32
telikoma	32
tenama	32
tep	32
tetala	32
tetalo	32
thakkar	32
thambhlao	32
thayana	32
theft	32
ticketo	32
tisipi	32
todva	32
todyo	32
tofano	32
tolu	32
toran	32
training	32
tranjhit	32
travel	32
trial	32
tripal	32
tripura	32
tukada	32
tul	32
tulu	32
turk	32
turkish	32
tvarit	32
tvitar	32
tyarna	32
uchchatar	32
uchchpradesh	32
ud	32
udabhave	32
udbhave	32
udgam	32
udhogna	32
ujave	32
ujjain	32
uklahuma	32
ukna	32
ukni	32
ulta	32
umedvaro	32
umerva	32
umeryu	32
ummarma	32
unchaima	32
unna	32
upadhyay	32
upadi	32
upagraho	32
upaj	32
uperni	32
upyogita	32
upyogno	32
urban	32
urjani	32
url	32
utarva	32
utpadanne	32
utpadnoni	32
utpan	32
vadgam	32
vadhshe	32
vadhvani	32
vafadari	32
vagerenu	32
vahenchayela	32
vahenchayeli	32
vaicharik	32
vaigyaniko	32
vairas	32
vaishvikran	32
vaividhyapurn	32
vaividhyasabhar	32
vajanna	32
vakilat	32
valine	32
vanat	32
vandaralend	32
vannabudi	32
vansadi	32
vany	32
vanyajiva	32
vaparashakartaone	32
vaparta	32
vaprayela	32
vapre	32
varansi	32
vark	32
varking	32
varnasankar	32
varsadne	32
varshaganth	32
varshona	32
vartane	32
vartanuk	32
vasi	32
vasishth	32
vastuonu	32
vatno	32
vayusena	32
vedik	32
vedo	32
velsna	32
veparna	32
vibhagnu	32
vicharak	32
vicharasarani	32
vidhava	32
vidhivat	32
vidhyarthiona	32
vigyanma	32
vik	32
vikasana	32
vikasani	32
vikasya	32
vikruti	32
vimanani	32
vinay	32
vindov	32
viral	32
viramgam	32
vish	32
vishayone	32
visheshan	32
vishleshako	32
vishvasniyta	32
vishvaspatra	32
vista	32
vistarona	32
vitavya	32
vitrit	32
vodafone	32
vols	32
vorner	32
vraj	32
vrukshoni	32
vyaktima	32
vyaktino	32
vyanjan	32
vykti	32
yahudio	32
yoddhao	32
you	32
yuddhnu	32
yugal	32
yuniyanna	32
yutyub	32
yuvanone	32
zadni	32
zalak	32
zari	32
zeviyarse	32
zhed	32
zini	32
aadanapradan	31
aadat	31
aadesho	31
aadkatri	31
aagalno	31
aagavu	31
aaibiem	31
aainstain	31
aaisisi	31
aakarshannu	31
aamali	31
aanandji	31
aanchko	31
aandolanne	31
aansu	31
aantarrajya	31
aanyo	31
aapatu	31
aapavo	31
aarechdi	31
aasamna	31
aatalu	31
aatham	31
aatli	31
aatmasamarpan	31
aava	31
aavishkar	31
aayarlendana	31
aayu	31
abhavne	31
abhinandan	31
abhyase	31
abhyasno	31
acre	31
addho	31
adhuri	31
adhyatma	31
aditi	31
afsar	31
agatyata	31
agtyana	31
ahalyane	31
ahemad	31
aishvarya	31
ajaybio	31
akasmatma	31
akhabaroma	31
alankar	31
albumni	31
alekh	31
amarnath	31
americao	31
amulya	31
anajna	31
andajo	31
andarno	31
anderson	31
angadio	31
angika	31
anhi	31
ankagnit	31
anokhu	31
antariyar	31
antathi	31
anyone	31
apaya	31
apayel	31
apbhransh	31
apnane	31
apratim	31
aprilma	31
arktik	31
arthpurna	31
arthsashtrio	31
arthtantrane	31
asamanta	31
asantosh	31
ashrit	31
ashvatthama	31
ataklo	31
atankvadione	31
athana	31
atishyoktiyukt	31
atmani	31
atur	31
audhogik	31
aum	31
aurangabad	31
avajma	31
avajni	31
avajo	31
avakashiya	31
avakni	31
avards	31
avrodhak	31
avsar	31
avyavasthit	31
azam	31
babtono	31
babtothi	31
bachya	31
badalavo	31
badbaki	31
badlati	31
badno	31
badpan	31
badrinath	31
baholi	31
baj	31
bakinu	31
balgeriya	31
balkona	31
balkono	31
balva	31
balvane	31
bandhkamma	31
bandhnu	31
bandhuo	31
bandhuoe	31
bandhvani	31
bangalo	31
bangladeshna	31
banner	31
banvano	31
banydhari	31
baporna	31
baptist	31
barmasi	31
barminghamma	31
barni	31
bartaraf	31
basu	31
batavyo	31
bendane	31
bendani	31
bengaluru	31
betsamenne	31
bhadu	31
bhagini	31
bhagthi	31
bhajavva	31
bhanva	31
bharapur	31
bharel	31
bharelo	31
bharpai	31
bhattachary	31
bhavni	31
bhaybhit	31
bhedvi	31
bhejvala	31
bhime	31
bhukhya	31
bhutpurv	31
bhuvneshvar	31
bijna	31
bilbord	31
bili	31
bina	31
binasarkarak	31
binsampradaik	31
bir	31
blue	31
bobi	31
bolave	31
bolchalni	31
bolima	31
boline	31
bolti	31
bolya	31
brahmana	31
brahmandni	31
brazilna	31
bronjh	31
buliyan	31
bum	31
bundi	31
buniyadi	31
burma	31
chahak	31
chahe	31
chaild	31
chain	31
chakrama	31
chalakta	31
chalavati	31
chalavyu	31
champaran	31
championship	31
chanda	31
chandani	31
chandrana	31
chandrapur	31
chandrashekhar	31
chapti	31
charchano	31
charj	31
chavda	31
chayapachay	31
chelenj	31
cheplinni	31
chetaksh	31
chhapavama	31
chhichhara	31
chhodavani	31
chhokarao	31
chhokaro	31
chhutkaro	31
childran	31
chili	31
chip	31
chise	31
chocolate	31
chokhkha	31
chol	31
chomasu	31
chomskie	31
chor	31
chota	31
chovis	31
chumban	31
chuntvama	31
citygroup	31
companynu	31
dabalyudbalyuef	31
dabanma	31
dadanu	31
dafan	31
dago	31
dahan	31
dahej	31
dalai	31
dalio	31
dalito	31
dam	31
dantkathao	31
darajja	31
darbari	31
darbarna	31
dardioni	31
dariyakinaro	31
darmiyana	31
darna	31
darshanik	31
darshaveli	31
darvajani	31
darvajao	31
dazan	31
dekhava	31
delfi	31
deni	31
deri	31
deshmanthi	31
desktop	31
detanu	31
dhanvan	31
dharava	31
dharmano	31
dharmoma	31
dhet	31
dhoda	31
dhun	31
dhvajma	31
dhvajni	31
dhyane	31
diesel	31
dijhainni	31
dikara	31
dikaro	31
dilhithi	31
dine	31
dirdh	31
dishamathi	31
dishana	31
divalina	31
dividand	31
diyone	31
dizni	31
doha	31
dok	31
dolar	31
dore	31
dragon	31
dray	31
dro	31
drudh	31
dungarni	31
dvashti	31
dvipkalp	31
ebisi	31
edisan	31
edvansd	31
efeo	31
ejansima	31
ekarup	31
ekata	31
ekdivsiy	31
eki	31
ekni	31
eksarkhi	31
elijhabethna	31
emdi	31
enjinne	31
enjinni	31
enronni	31
entibodijh	31
eshiyano	31
etarni	31
ethens	31
ethletik	31
eti	31
etlantama	31
etlantik	31
everest	31
faibar	31
failne	31
falak	31
falane	31
fargyusne	31
fatako	31
fatepura	31
fatkarya	31
fedarre	31
fefsana	31
felava	31
felavatu	31
fem	31
ferfarne	31
ferfarone	31
fil	31
fleg	31
flo	31
fol	31
fransema	31
fransma	31
frenchaijhi	31
fugava	31
fugavana	31
fule	31
fuvara	31
gala	31
ganitiy	31
ganitni	31
garv	31
gavay	31
gayelu	31
gazalna	31
germonyma	31
gharena	31
ghatanaoma	31
ghatani	31
ghatata	31
ghori	31
gitani	31
gitona	31
gnat	31
gnyanano	31
gnyanpith	31
godarn	31
godhra	31
golandaj	31
gothik	31
grahakoni	31
granthalay	31
gufaoma	31
gujaratio	31
gulabna	31
gulamo	31
gum	31
gunakar	31
gunvattama	31
gunvattana	31
gunvattani	31
guruni	31
guverana	31
hadvu	31
haibrid	31
hakal	31
hangeri	31
haravava	31
harbart	31
harman	31
harno	31
harsh	31
hastinapurna	31
hastio	31
hatasha	31
hausing	31
hemant	31
hetusar	31
hevan	31
himalayma	31
hip	31
hisab	31
hisabe	31
historik	31
hito	31
hok	31
holkar	31
hongkong	31
hotels	31
hradayarogana	31
hradayma	31
hum	31
humalakhor	31
humayue	31
husen	31
ibrahim	31
ichchhata	31
iemji	31
ilayachi	31
ilinois	31
imarata	31
imigreshan	31
indastri	31
indastriyal	31
infrastrakchar	31
insaid	31
inspektar	31
intarektiv	31
into	31
ishyu	31
iskon	31
isuna	31
italyma	31
jab	31
jackson	31
jadai	31
jagadguru	31
jaha	31
jaheratma	31
jalcharuchher	31
jaliy	31
jamaika	31
jamanama	31
jamingirio	31
jamino	31
jamne	31
jang	31
jangalani	31
jangalna	31
janina	31
janini	31
janmama	31
janmel	31
januaryna	31
jatilata	31
jatthabandh	31
jayfal	31
jayshankar	31
jeoe	31
jha	31
jhalod	31
jhonma	31
jillamathi	31
jillaomathi	31
jimmi	31
jitavama	31
jivato	31
jivnachritro	31
jokhamama	31
jonathan	31
jovi	31
julyna	31
juthoe	31
jvadamukhi	31
jyarthi	31
kabulat	31
kabutar	31
kachna	31
kachrane	31
kadam	31
kadhava	31
kadhayu	31
kadjipurvak	31
kafe	31
kahevato	31
kailas	31
kalakna	31
kalka	31
kalkattana	31
kalthi	31
kamadaroni	31
kambodiya	31
kamgirina	31
kamishanna	31
kamla	31
kampojh	31
kangda	31
kankrej	31
kanp	31
kapama	31
kapani	31
kapna	31
karakirdino	31
karani	31
kararni	31
karavta	31
karavvani	31
karier	31
karkhana	31
karmachariona	31
karmcharione	31
karnal	31
karnatakna	31
karnu	31
karobari	31
karodani	31
kartun	31
karyakramane	31
kastrone	31
kathanak	31
kathane	31
kaunsilna	31
kauntio	31
kavataru	31
kavayat	31
kavini	31
kavitaoma	31
kavyasangraha	31
kavyatmak	31
kedione	31
kedni	31
kembrij	31
kendrana	31
kendroma	31
kensasma	31
kerol	31
kesni	31
ketegari	31
ketegrima	31
khadima	31
khagolshastra	31
khajano	31
khalel	31
khalnayak	31
khamio	31
khander	31
kharado	31
kharchani	31
kharidavani	31
khavanu	31
khavathi	31
khela	31
khenchava	31
khorakna	31
khuli	31
khvaja	31
khyalo	31
killebandhi	31
kilometerna	31
kingsa	31
kirnotsarg	31
klasa	31
koka	31
kold	31
kolorado	31
konfaransama	31
kontrakt	31
koridor	31
koriyama	31
kortama	31
kraim	31
kraist	31
krim	31
kriyavisheshan	31
krushnanu	31
kshamatano	31
kshetrona	31
kukarmunda	31
kukhyat	31
kulpati	31
kumari	31
kuntie	31
kusti	31
kutumbama	31
kvins	31
kyank	31
lade	31
lagave	31
lagela	31
lagnano	31
lahorma	31
laik	31
laino	31
laiting	31
lakhaya	31
lalbhai	31
lalpur	31
lambaima	31
lara	31
lashkarni	31
laskarne	31
laving	31
laykat	31
lekhakna	31
letar	31
lidhel	31
lidjhama	31
lik	31
limdana	31
limkheda	31
lis	31
lithiyam	31
litrechar	31
live	31
living	31
lohini	31
lokmanya	31
lokpriyatama	31
loktantrik	31
lug	31
luk	31
madhu	31
madhusudan	31
madhyamma	31
magadh	31
magajni	31
magata	31
mahabharatni	31
mahad	31
mahadevna	31
mahakay	31
mahanibandh	31
maharajni	31
mahelnu	31
mahetae	31
mahilaoe	31
mahinathi	31
mahitinu	31
mahor	31
mailna	31
makkam	31
malana	31
maliya	31
malnu	31
maltimitara	31
malvahak	31
manasone	31
manavsarjit	31
mandirthi	31
manine	31
mansahari	31
mantralaye	31
margna	31
margnu	31
marvadi	31
marvani	31
maryadama	31
mast	31
matar	31
matikam	31
matrubhumi	31
mechna	31
medam	31
medani	31
megejhinna	31
mekmohan	31
meksikan	31
melavata	31
memfis	31
menchestar	31
menejing	31
mer	31
methi	31
methyu	31
metrikni	31
mevad	31
mid	31
milimitar	31
miliyanni	31
mils	31
minaro	31
minesota	31
mishigan	31
mizoram	31
models	31
modyul	31
mohanlal	31
mohe	31
moksha	31
morche	31
mordan	31
mori	31
mrudu	31
mrutyudar	31
mrutyuparyat	31
mudivad	31
mudni	31
mukadamo	31
mukhprushth	31
mukhyataha	31
mulakato	31
mungi	31
mur	31
murtini	31
muslimone	31
nadioma	31
nagalend	31
nagarno	31
nagaroma	31
nagasaki	31
nagna	31
nagrikttv	31
naidu	31
naivi	31
nakama	31
nakami	31
nakasha	31
nakhvano	31
naklo	31
nakul	31
nastik	31
nausena	31
navagam	31
navalkathane	31
navmo	31
negetiv	31
neil	31
nepoliyan	31
neshan	31
netaji	31
netruttva	31
netvarkane	31
nevigeshan	31
nigamni	31
nihari	31
nikadela	31
nikaline	31
nirmanna	31
nirnayne	31
nirnayo	31
nishchay	31
nishedh	31
nishulk	31
nivedanma	31
niyamona	31
niyamone	31
nod	31
nokiye	31
nom	31
nondhavya	31
nondhayeli	31
norvena	31
nuksankarak	31
numbere	31
nur	31
nuva	31
nyayayike	31
nyuntam	31
nyutron	31
octobare	31
officema	31
ohiyo	31
olimpiksama	31
operator	31
ordo	31
orgenik	31
orkestra	31
ostin	31
pablishars	31
padarthne	31
padarthoma	31
padarthono	31
padarthonu	31
padav	31
padayo	31
padelu	31
padethi	31
padhio	31
padra	31
pagal	31
pagma	31
pahad	31
pahado	31
pahervani	31
paholu	31
pahonchvama	31
pain	31
paitruk	31
pakshini	31
pakshne	31
pamati	31
pandavoe	31
pannalal	31
papo	31
paramparano	31
pardeshi	31
pari	31
parigh	31
paripakav	31
parivahanni	31
parmparik	31
parsal	31
paryavaranna	31
paschimni	31
pashan	31
patroma	31
pattama	31
paushtik	31
pavanni	31
pavano	31
pavitrata	31
payanu	31
paylot	31
pesava	31
petacompany	31
petma	31
photographi	31
pido	31
pik	31
pikchar	31
pirsay	31
pit	31
plag	31
pojhishan	31
pojhitiv	31
polend	31
politiks	31
popat	31
portebal	31
portugizo	31
pradeshona	31
pradushanna	31
prajana	31
prakashne	31
pramey	31
prantij	31
prantnu	31
prasangoma	31
prashnona	31
prastavne	31
prasthan	31
pratibaddhta	31
pratibandho	31
pratibhavo	31
pratidin	31
pratirodh	31
pravasioni	31
pravasni	31
pravruttionu	31
prayasma	31
prayatnone	31
prefered	31
preraine	31
prexakone	31
prist	31
programma	31
programs	31
puchparach	31
pujay	31
punahsthapan	31
punamna	31
punargathan	31
puratattva	31
purushone	31
purushottam	31
purvani	31
purvdharna	31
pushkad	31
rachayelu	31
rachyo	31
rafel	31
rafie	31
rahevana	31
railroad	31
rajanu	31
rajaone	31
rajavada	31
rajistar	31
rajkotma	31
rajma	31
rajvadao	31
rajyasbhana	31
rajyone	31
rakesh	31
rakhayu	31
rakshnatmak	31
raktama	31
ramana	31
rangadio	31
rangne	31
ranna	31
ranno	31
rasaprad	31
rasayanshastri	31
rasel	31
rashtrapatini	31
rashtrasanghni	31
rata	31
ratno	31
ravanna	31
rave	31
ravivare	31
ravji	31
renking	31
resham	31
restaura	31
retrikna	31
revanyu	31
rijnal	31
rinchhne	31
rivars	31
rogma	31
rogona	31
rogoni	31
romna	31
ronaldo	31
rugved	31
rupak	31
rupiyana	31
rutuo	31
sachitra	31
sadasya	31
sadhanoma	31
sadhanone	31
sado	31
sagarbha	31
sagarbhavastha	31
sahakar	31
sahara	31
sahaythi	31
sahdev	31
sahebe	31
sahebna	31
saikal	31
sakhi	31
sakshar	31
salgavi	31
salng	31
saltanatna	31
samagrine	31
samajan	31
samajave	31
samajavi	31
samarthako	31
samarthanma	31
samasyano	31
samasyaone	31
samave	31
sambhalva	31
sambodhavama	31
samikarano	31
samjay	31
samlaingik	31
sampati	31
sampradaynu	31
sanbhdine	31
sanbhdvani	31
sanbhog	31
sanchalanma	31
sandhiy	31
sangharshni	31
sangramma	31
sanjiv	31
sanjogo	31
sankranti	31
sanmano	31
sansadni	31
sanshodhaka	31
sanshodhakoe	31
sanskarano	31
sansthanu	31
sansthanvadi	31
santram	31
sanvardhit	31
sanvedan	31
sapatine	31
sapatio	31
saputara	31
sarakhi	31
saralta	31
saransh	31
sarta	31
sarvatra	31
sarvgrahi	31
satatya	31
sathidaro	31
sathioe	31
sattani	31
sattar	31
satyavati	31
saune	31
saurashtrani	31
savinay	31
savki	31
sayansis	31
sayman	31
sekandari	31
sene	31
sensar	31
septemberma	31
sevane	31
shab	31
shabdane	31
shadyantra	31
shahere	31
shahna	31
shahni	31
shakavani	31
shakhaoma	31
shakuntala	31
shamlaji	31
shandar	31
shantnu	31
sharab	31
sharirmanthi	31
sharirno	31
sharirnu	31
sharkara	31
sharuatno	31
shashi	31
shekhar	31
shel	31
sherma	31
shikhave	31
shikhvyu	31
shikshanne	31
shild	31
ship	31
shishyvruti	31
shiyalana	31
shobha	31
shodhe	31
shona	31
shoshi	31
shrenibadhdha	31
shrenioma	31
shrilankan	31
shriram	31
shuddikaran	31
siddhantni	31
siddhantono	31
sidieme	31
sidni	31
sie	31
siefsi	31
sigaret	31
sikkimma	31
silicon	31
silindar	31
simita	31
sindhiya	31
sinhne	31
sinhni	31
siriyal	31
sken	31
solt	31
soniya	31
sorath	31
soshiyalist	31
sparshe	31
sponsar	31
starthi	31
stechyu	31
sthalantrit	31
sthalno	31
sthapatyani	31
sthitia	31
sthitina	31
sthitino	31
sthitinu	31
sthud	31
stravakshetra	31
strina	31
strine	31
stuart	31
sturi	31
suba	31
suchavvama	31
sudharavadi	31
sudharela	31
sudhdha	31
sugandhi	31
sugandhit	31
sukan	31
suparat	31
suparsonik	31
supher	31
survey	31
suryanu	31
svain	31
svayamsevak	31
svayattata	31
svaymsevako	31
tabkke	31
tach	31
tagorni	31
tahevarni	31
taigars	31
talavne	31
tamaro	31
tambani	31
tangi	31
tantrana	31
tantro	31
tapmanna	31
tarafnu	31
tarang	31
target	31
tarkshastra	31
tarm	31
tasavir	31
tasaviro	31
tatkal	31
tatvachintak	31
tatvono	31
tavang	31
tekrini	31
teksatail	31
tendulkare	31
termi	31
tesla	31
theravvama	31
tibi	31
tikakar	31
timba	31
tippanio	31
trenma	31
triliyan	31
triniti	31
trusti	31
trustna	31
tulne	31
tuls	31
tyarpachhina	31
udaharanma	31
udata	31
udavi	31
uddesho	31
uddhyanna	31
udhyano	31
udhyogno	31
udyan	31
ujavanima	31
ultu	31
umarthi	31
unalani	31
undu	31
unghni	31
unt	31
uparashtrapati	31
upendra	31
upvas	31
urjane	31
usna	31
uthe	31
uthi	31
utpadakta	31
utpadanno	31
utpadnoma	31
utsarjit	31
uttirn	31
vachako	31
vadharane	31
vadharvani	31
vadodarani	31
vadodrathi	31
vadpan	31
vadumthak	31
vagadta	31
vaghodiya	31
vahanni	31
vahenchai	31
vahenchayelo	31
vaibhav	31
vakhatama	31
vakhatni	31
vakhodi	31
valu	31
vanijya	31
vaparato	31
vaprine	31
vargne	31
varjhanma	31
varjin	31
varks	31
varli	31
varmontama	31
varmontana	31
vartasangrah	31
vartulakar	31
varun	31
vasatine	31
vastuni	31
vatana	31
vatrak	31
vavajhoda	31
vavavama	31
vayka	31
vayuna	31
vayusenana	31
veche	31
vedhshala	31
vegas	31
vesh	31
vhikal	31
vicharoni	31
vidhyarthioe	31
vidur	31
vidvanoe	31
vijayni	31
vijhan	31
vikasavyu	31
vikasyu	31
viki	31
viklang	31
vikrut	31
viksavva	31
viksi	31
vilashan	31
vilbar	31
vild	31
vilej	31
vili	31
vimani	31
vimen	31
vine	31
viplav	31
virapur	31
virodhio	31
visami	31
visangar	31
visheno	31
vishenu	31
visheshrupe	31
vishhayane	31
vishleshak	31
vishvavidyalaymanthi	31
vistare	31
vitavyu	31
vivadma	31
vorkshop	31
vrudhdhine	31
vrukshne	31
vyakhyata	31
vyapa	31
vyase	31
vyavasayo	31
vyavasthapak	31
vyavsayiko	31
vyomkesh	31
yadgiri	31
yahu	31
yars	31
yashavant	31
yatri	31
yorkama	31
young	31
yugno	31
yukema	31
yunivarsitie	31
yunivarsitinu	31
yuniyanni	31
yuvak	31
zafar	31
aadam	30
aadijati	30
aaga	30
aagli	30
aagma	30
aaifon	30
aainstaine	30
aairish	30
aajnu	30
aak	30
aakramanne	30
aakramano	30
aakshepo	30
aalochna	30
aandolanni	30
aankhma	30
aankhna	30
aapmele	30
aapnari	30
aapno	30
aara	30
aarambhma	30
aarmini	30
aartikal	30
aashapura	30
aashikaga	30
aashramna	30
aasistant	30
aathmu	30
aatmhatya	30
aatyantik	30
aavadat	30
aavavano	30
aayog	30
aayovana	30
aayurvedna	30
abdasa	30
abhasi	30
abhay	30
abhayaranyama	30
abhinetano	30
abhivyakta	30
abhiyanama	30
abhiyanna	30
abhutpurv	30
abhyaskramma	30
abhyasoma	30
achal	30
adag	30
adalto	30
adhi	30
adhya	30
adhyakshatama	30
advitiya	30
africani	30
agasie	30
agastya	30
agiyaras	30
agnishamak	30
agrata	30
ainstainne	30
aintarktik	30
ajivika	30
akabar	30
akadmina	30
akhbari	30
aksai	30
aksharoma	30
aksharono	30
alaska	30
alauddin	30
albert	30
almoda	30
amaryadit	30
amazon	30
ambala	30
ambalal	30
ambedakar	30
amin	30
amirat	30
anaitik	30
anajni	30
ananam	30
andheri	30
angadi	30
anichchhaniy	30
animal	30
anishchitta	30
anokha	30
antarda	30
antariksh	30
antni	30
anubhavta	30
anumano	30
anushastro	30
anuyayione	30
anyatha	30
apatu	30
apavad	30
apavyo	30
apnavva	30
apnavya	30
apnu	30
apriy	30
apurn	30
apurva	30
apvado	30
apvadrup	30
archana	30
arjunni	30
armina	30
armyma	30
arsama	30
arthtantrama	30
aruna	30
asarna	30
ashmibhut	30
ashraydata	30
ashva	30
ashvet	30
asiani	30
ast	30
asthirta	30
atithi	30
atkave	30
augustma	30
aupcharik	30
aurangzeb	30
aushadhi	30
autput	30
avajna	30
avakashma	30
avakshay	30
avalokano	30
avardthi	30
avkashyatri	30
babra	30
babtoni	30
bachapan	30
bachava	30
badalavama	30
badashah	30
bade	30
badhaj	30
badpanna	30
bagad	30
bagichaoma	30
bahai	30
bahali	30
bahari	30
bahetar	30
bahucharaji	30
bajavta	30
baji	30
balaram	30
balasinor	30
bale	30
baljabrithi	30
balkonu	30
balsahitya	30
baltik	30
balvama	30
bamno	30
bamnu	30
banavai	30
bandharanma	30
bandhavi	30
bandhavyo	30
bandhno	30
bandho	30
bandhyo	30
banking	30
barbara	30
barda	30
bario	30
barmuda	30
barnard	30
barobar	30
barot	30
barvala	30
bashp	30
batavva	30
batavya	30
bava	30
bayoteknoloji	30
baypas	30
bemathi	30
bendanu	30
bengal	30
benkana	30
benkni	30
benkone	30
berojgari	30
besin	30
bhabhar	30
bhachau	30
bhada	30
bhaganu	30
bhagirthi	30
bhagomanthi	30
bhagtsinh	30
bhaini	30
bhairav	30
bhajavta	30
bhajavyu	30
bhajiya	30
bhalamano	30
bharava	30
bharayela	30
bhatiya	30
bhavishy	30
bhavsinhji	30
bhishme	30
bhoge	30
bhuko	30
bhumikani	30
bhumisenani	30
bhuskhalan	30
bhuttoe	30
biar	30
bibi	30
biharma	30
bik	30
biyas	30
bolio	30
bon	30
borde	30
bose	30
brahmanone	30
brahmchary	30
brahmputra	30
brajhiliyan	30
brands	30
brigediyar	30
brin	30
broadvay	30
brodgej	30
brodkast	30
buch	30
buddhni	30
burman	30
cake	30
chadavadano	30
chadavado	30
chade	30
chadhai	30
chainijh	30
chakrani	30
chakriy	30
chalanma	30
chalanna	30
chalavavani	30
chalela	30
chama	30
champaner	30
chancelor	30
chano	30
charak	30
charam	30
charcho	30
chari	30
charni	30
chashma	30
chaththu	30
check	30
chempiyanships	30
cher	30
cheriti	30
chess	30
cheta	30
chetan	30
chhataki	30
chhavani	30
chheke	30
chhode	30
chhtrapati	30
chhupavi	30
chhupi	30
chimanlal	30
chinane	30
chintao	30
chitar	30
chitrakam	30
chitrakut	30
chittabhramna	30
chiy	30
chodma	30
chokma	30
chomasani	30
choth	30
chuda	30
chuntnina	30
chuntnio	30
chutachhvaya	30
committi	30
courtni	30
dabalsama	30
dabane	30
dabanna	30
dabethi	30
dadar	30
dadasaheb	30
dadone	30
dadoni	30
dahanu	30
daheradun	30
dakhlo	30
dali	30
dampati	30
danidhar	30
danvir	30
dardini	30
dariyo	30
darmiyangiri	30
darshakone	30
darshniy	30
dasham	30
davama	30
davaone	30
dayakao	30
dayna	30
dayrekt	30
dead	30
dejh	30
dek	30
dekhavne	30
desaina	30
desar	30
detani	30
devalpar	30
devino	30
devna	30
devona	30
devtaone	30
devyani	30
dhakko	30
dhamni	30
dhanishth	30
dharadhorano	30
dharayela	30
dharmnirpeksh	30
dhartikampo	30
dhatuno	30
dhavan	30
dher	30
dhimu	30
dholavira	30
dholi	30
dhoraji	30
dhova	30
dhrol	30
dhummas	30
dhup	30
digdarshako	30
dijhainna	30
dijhart	30
dikshit	30
disijh	30
diska	30
divalni	30
divani	30
diyodar	30
diyon	30
dodma	30
dodvir	30
dog	30
domestik	30
dor	30
doryu	30
dravid	30
dudhma	30
duke	30
dungari	30
duniyanu	30
dushta	30
dvashtikon	30
dvipasmuh	30
dvisangi	30
dvitiy	30
edinbarg	30
edreso	30
efil	30
egiptian	30
ejansina	30
ejanto	30
ekalo	30
ekamni	30
ekant	30
ekli	30
eknu	30
eko	30
ekpan	30
eksplorar	30
ekthu	30
ekvakalchar	30
elayans	30
electron	30
elisan	30
emapi	30
emi	30
enalog	30
enathi	30
endroid	30
enech	30
enjal	30
enjiniyars	30
enjinma	30
enrone	30
ensayaklopidiya	30
estate	30
etiem	30
etleke	30
evan	30
fainal	30
faitar	30
falani	30
farajiyata	30
faramavi	30
fariyado	30
fatima	30
felata	30
felave	30
felavva	30
fen	30
fenke	30
fenkvani	30
feranhit	30
ferfarni	30
fes	30
fild	30
filipse	30
filmankan	30
filmone	30
finalma	30
flavar	30
forda	30
forde	30
formetma	30
foton	30
fransis	30
frenkalin	30
fulona	30
fulono	30
futboll	30
fybar	30
gadar	30
gadva	30
galan	30
galana	30
gamda	30
gamit	30
ganatarini	30
ganava	30
ganavavama	30
ganavesh	30
gandhijinu	30
gandhinu	30
ganitagn	30
ganitna	30
ganrajya	30
garbhapat	30
garibo	30
garya	30
gasna	30
gata	30
gatina	30
gatine	30
gatithi	30
gavarment	30
gavarnament	30
gayab	30
gayakvadi	30
gayakvadna	30
gayna	30
gazalma	30
gelik	30
geming	30
geri	30
gerkanuni	30
ghadiyalo	30
ghadtar	30
ghanivakhat	30
ghatakone	30
ghatanano	30
ghatnaonu	30
gheta	30
ghodani	30
ghogha	30
gitkar	30
gitono	30
gnanatmak	30
godji	30
golandaji	30
golibarma	30
gomti	30
gonoriya	30
gopinath	30
gotra	30
granthona	30
granthoni	30
graphika	30
gretest	30
gujaran	30
gumavyu	30
gunchvan	30
gurjari	30
hadaf	30
haidrabadna	30
haikortama	30
hajrine	30
hakikato	30
hakumat	30
halan	30
halat	30
hangeriyan	30
hansot	30
harifaima	30
harilal	30
hariprasad	30
haripura	30
harpar	30
hat	30
hatash	30
hathine	30
havamanani	30
havard	30
hayagriv	30
hedar	30
helovin	30
hemchandra	30
herald	30
het	30
hethalnu	30
himayati	30
hinduoni	30
hinglaj	30
hinsano	30
his	30
hispenik	30
historiya	30
hokayantrani	30
hokei	30
holma	30
hoyto	30
hua	30
huka	30
hulamana	30
hulamanu	30
humalathi	30
hyu	30
ichchhao	30
id	30
idukki	30
ijiptiyan	30
ijnerina	30
ijnero	30
il	30
imaratna	30
imejing	30
indiani	30
indiyanana	30
indoneshiyama	30
indoneshiyana	30
indrani	30
infalyuenjha	30
infrared	30
instol	30
irakma	30
irakni	30
irshya	30
ishk	30
ishvare	30
israyel	30
iyerlend	30
iyu	30
jabalpur	30
jabardast	30
jad	30
jadugar	30
jafrabad	30
jagyaethi	30
jagyane	30
jahajna	30
jahajoni	30
jaheratna	30
jaie	30
jajh	30
jalchar	30
jamal	30
jaminmathi	30
janasankhya	30
janine	30
janmajat	30
janmi	30
janmyo	30
janto	30
januaryma	30
japanio	30
jara	30
jasdan	30
jatioma	30
jatnu	30
jaysinhe	30
jekab	30
jeksan	30
jel	30
jesus	30
jevike	30
jhingana	30
jhinta	30
jhinte	30
jimi	30
jindgi	30
jiniva	30
jite	30
jivalen	30
jivananu	30
jivankatha	30
jivne	30
jod	30
jodavanu	30
jogvaio	30
joint	30
jordan	30
jorthi	30
jos	30
jotana	30
jovanu	30
judajuda	30
jungi	30
junma	30
juthona	30
jyot	30
jyotirling	30
jyotishiya	30
kachbo	30
kachchhani	30
kachchhano	30
kachdi	30
kachni	30
kadamb	30
kadane	30
kadash	30
kadhayo	30
kadhta	30
kadu	30
kafalo	30
kaha	30
kahevathi	30
kakshano	30
kalakani	30
kalakarone	30
kalakno	30
kalan	30
kalekshan	30
kalikat	30
kama	30
kamalna	30
kamano	30
kami	30
kamlo	30
kampyutarma	30
kampyutarne	30
kansy	30
kanyakumari	30
karamchand	30
karant	30
kararma	30
karavati	30
karbhari	30
kardiyak	30
kargo	30
karim	30
karkidrima	30
karnaru	30
karno	30
karodna	30
karodthi	30
karsandas	30
kartavy	30
karuna	30
karyakramano	30
karyana	30
karykramoma	30
karyoni	30
kashyap	30
kasino	30
kasturi	30
kathanu	30
kathiyavadi	30
katokatima	30
kaur	30
kaushal	30
kavie	30
kavitano	30
kavitanu	30
kavyasangraho	30
kaydesarni	30
kedma	30
keli	30
kendrathi	30
kent	30
keribiyan	30
kesh	30
keshod	30
kesoma	30
ketala	30
ketaluk	30
khadakal	30
khadko	30
khado	30
khagol	30
khajur	30
khana	30
khanani	30
khandna	30
khandoma	30
kharidhyu	30
kharidine	30
kharo	30
khati	30
khavani	30
khed	30
khedbrahma	30
khedutona	30
khedutoni	30
khengar	30
kheralu	30
khergam	30
khetina	30
khiladi	30
khinapradeshma	30
khoj	30
khole	30
khristio	30
kijhe	30
kimmatma	30
kimmato	30
kin	30
klabni	30
klaymet	30
kodni	30
kolambiyama	30
kolambiyana	30
kolejoma	30
kolhapur	30
kolosiyam	30
kondomno	30
kongresni	30
koni	30
konkrit	30
kori	30
koronari	30
koronavayras	30
korporeshanma	30
koshikaona	30
koshma	30
kotarnio	30
kothari	30
kothi	30
kottayam	30
koyal	30
kramankit	30
kresh	30
kritikal	30
krodhit	30
krud	30
krutyo	30
kshamtane	30
kshamtao	30
kudako	30
kumbh	30
kundama	30
kunnur	30
kuposhan	30
kurukshetrana	30
kutub	30
kving	30
kvontam	30
kvota	30
kyubama	30
kyubani	30
kyubik	30
ladvani	30
lagadi	30
lagavine	30
lageli	30
lagnane	30
laher	30
laie	30
lakadano	30
laks	30
lakshit	30
lambaina	30
lambgol	30
lanch	30
lashkarma	30
lavvana	30
lavvanu	30
lavyo	30
lekhono	30
let	30
leteks	30
letu	30
levatu	30
levayu	30
libiya	30
lidi	30
lobh	30
lokgito	30
lokhandna	30
lokhandni	30
loksahitya	30
lost	30
lotmanthi	30
lup	30
lyuisiyanana	30
machhaligharama	30
machhalini	30
machlio	30
madhyabhag	30
madhyamona	30
madhyapradesh	30
madri	30
mahabharatnu	30
mahalaxmi	30
mahar	30
mahatvna	30
mahavirna	30
mahemdavad	30
mahilaoma	30
mahitgar	30
mahitio	30
maikle	30
maina	30
majbutai	30
makhimar	30
malama	30
malaya	30
malelu	30
malikinu	30
maltimidiya	30
manatu	30
manavo	30
mandalni	30
mandalo	30
mandlik	30
mangti	30
mangto	30
manilalna	30
manipuri	30
manorog	30
mantrio	30
manvina	30
manyu	30
marcha	30
marchant	30
marganirdeshan	30
margaret	30
margno	30
masana	30
mashino	30
mathama	30
mathana	30
mathano	30
maunten	30
mavjat	30
medanni	30
medisan	30
mega	30
meghalay	30
meghraj	30
megneshiyam	30
megnetik	30
mejik	30
mejistrete	30
meksikoma	30
melanu	30
melavavi	30
melavnari	30
mens	30
menu	30
meru	30
mesopotamiya	30
mesopotemiyana	30
methodist	30
milanna	30
miligram	30
millennium	30
milo	30
mimansa	30
minite	30
mishranane	30
mitrone	30
modem	30
modha	30
mohamad	30
mokaline	30
montrial	30
morgan	30
morva	30
motabhai	30
motapaya	30
mubarak	30
muddama	30
muddane	30
muddaone	30
mudrao	30
mukavano	30
muko	30
mulakshar	30
mulyana	30
mulyani	30
murkh	30
murtimant	30
murtine	30
musafar	30
mushkelima	30
muthiya	30
mutra	30
muvment	30
nadar	30
nadiyad	30
nagarne	30
nagarnu	30
nahero	30
naherue	30
najaro	30
nalakar	30
namaskar	30
nami	30
namoma	30
namunarup	30
nanak	30
nanakdo	30
nananno	30
nandarbar	30
nandshankar	30
narayane	30
narayanni	30
nataknu	30
natakonu	30
nathuram	30
navalkathano	30
navalkathaoma	30
navlika	30
navnit	30
nayko	30
nehruna	30
netvarko	30
nevtonna	30
nevyorkna	30
nilam	30
nimavama	30
niranjan	30
nirixan	30
nirpeksh	30
nirthak	30
nishanio	30
nitina	30
nitini	30
nivadya	30
nivasasthan	30
niyamno	30
niyamoma	30
niyamoni	30
niyamono	30
nizam	30
nokrio	30
nondhay	30
nondhi	30
notice	30
novembarma	30
nrutyama	30
nuksanne	30
numberni	30
nyuyorkama	30
oap	30
oberoy	30
odakhavi	30
okhamandal	30
oktobarna	30
olangi	30
olimpiks	30
omega	30
ontariyo	30
ordao	30
orthodoks	30
orvil	30
oslo	30
pablikeshan	30
pablikeshans	30
pachak	30
pachhalno	30
padarthni	30
padavo	30
padmavibhusan	30
padnar	30
padni	30
padrio	30
padtar	30
padyatra	30
pahadio	30
paherta	30
pakadvama	30
pakde	30
pakne	30
pakshina	30
pakshioma	30
pakshno	30
palali	30
paliyo	30
pamshe	30
panao	30
panchal	30
panchayato	30
pandadao	30
pandurang	30
panimathi	30
panipat	30
pankhna	30
pankti	30
panna	30
pant	30
paragana	30
parakram	30
parana	30
parashar	30
paravartan	30
parformans	30
parimaniy	30
parinamyo	30
parivartanne	30
parivhanna	30
parkani	30
parking	30
parmanuo	30
paropjivi	30
parshurame	30
parvatna	30
parvatoni	30
paryatak	30
paryavaranni	30
pasandgino	30
pasanger	30
pasano	30
paseni	30
passvord	30
patalo	30
patang	30
patelne	30
pathrayela	30
pathri	30
patninu	30
patravyavhar	30
patrone	30
patrono	30
pattani	30
pattao	30
pattharo	30
pedhini	30
pekej	30
peketo	30
pelestain	30
pepsiko	30
pera	30
periyar	30
peshvana	30
peti	30
phinis	30
phramevork	30
pieselvi	30
pijha	30
pillai	30
pista	30
pistol	30
plaza	30
pleting	30
plot	30
pluto	30
po	30
police	30
polish	30
polisni	30
potanama	30
prabhavak	30
pradakshina	30
pradeshoni	30
prajani	30
prakaranoma	30
prakashana	30
prakriyanu	30
prakrutini	30
pramanik	30
pramoshan	30
pranalina	30
pranaline	30
pranalino	30
pranganma	30
pranina	30
prarambhthi	30
prashasanik	30
prashikshak	30
prashikshit	30
prasidhdha	30
prat	30
prathao	30
pratikud	30
pratishat	30
prato	30
pravasna	30
pravruti	30
prayogshalama	30
prerak	30
preshar	30
prodakshans	30
programne	30
projectni	30
prosesars	30
pruthvino	30
pujana	30
puje	30
pujvama	30
puraskarma	30
puratatvik	30
purnank	30
purne	30
purohit	30
purvapattima	30
pushp	30
pustakono	30
putadu	30
rabarna	30
rachayu	30
rachva	30
rachyu	30
rahenara	30
rahevathi	30
rahim	30
rais	30
rajchandra	30
rajvadane	30
rajvadano	30
rajvruttiy	30
rakamni	30
rakhavi	30
rakshaka	30
rakshaso	30
rama	30
ramatano	30
rampal	30
rampur	30
ramti	30
ramvanu	30
rangberangi	30
rangbhumina	30
range	30
rangsutra	30
ranji	30
rashtrane	30
rashtravad	30
rasna	30
reddi	30
rediyeshan	30
rejimentanu	30
rekordama	30
relmarg	30
reva	30
reyality	30
ridakshan	30
rijholyushan	30
rinchhna	30
rinchhni	30
risors	30
rispons	30
riyo	30
rob	30
rogchala	30
rojni	30
rokankarone	30
rokvani	30
romaniyana	30
ros	30
rotla	30
rudhigat	30
rudra	30
rugvedma	30
runi	30
rupiyano	30
rupo	30
sabandh	30
sabath	30
sabhyata	30
sabhyoma	30
sabmarin	30
sabsidi	30
sachavavama	30
sadan	30
saddam	30
sadioma	30
sadu	30
safaltane	30
sag	30
saga	30
sagai	30
sahasranam	30
sai	30
sainyano	30
sajivo	30
sajjata	30
salman	30
samai	30
samajava	30
samajavya	30
samajine	30
samajno	30
samajshastri	30
samartha	30
samashitoshn	30
samasyana	30
samasyaona	30
samayikma	30
sambandhne	30
sambandhni	30
sambandhoni	30
sambhalata	30
sameno	30
samgrina	30
samikshama	30
samitio	30
samjava	30
sampada	30
samrajyano	30
samy	30
sanchalako	30
sang	30
sangharshna	30
sangharshno	30
sangharsho	30
sangin	30
sangrahalayni	30
sankada	30
sanketlipina	30
sankulni	30
sans	30
sansade	30
sanshodhanni	30
sanshodhanno	30
sanskaranma	30
sanvanan	30
sanyas	30
saptahna	30
sarbhar	30
sarisrup	30
sarjanma	30
sarje	30
sarjit	30
sarkaroe	30
sarla	30
sarovaro	30
sarpanch	30
sarvadhik	30
sarvarna	30
sarvatrik	30
sarvoday	30
sashaktikaran	30
satam	30
satatyapurn	30
satho	30
satyagrahma	30
saundaryalakshi	30
savari	30
savka	30
sayla	30
schulmanthi	30
segment	30
sentarni	30
septembere	30
sevako	30
sevaone	30
shabdma	30
shabdnu	30
shabdonu	30
shaherona	30
shakaya	30
shakhama	30
shakhani	30
shakkariya	30
shakuni	30
shal	30
shanivare	30
shantinath	30
sharif	30
shasakona	30
shasankalma	30
shasanne	30
shastrama	30
shastrona	30
shastrono	30
shatabdina	30
sherna	30
sheval	30
shibir	30
shikarni	30
shikhsa	30
shikshanshastri	30
shikshika	30
shing	30
shingda	30
shinor	30
shive	30
shodhama	30
shokhin	30
shovma	30
shraman	30
shrinivas	30
shubha	30
shudhdha	30
shudra	30
shvan	30
shvasma	30
shyamji	30
sid	30
siddhantna	30
siddharaj	30
sidisi	30
sihor	30
sikret	30
simachihn	30
simens	30
siney	30
singvad	30
sinhali	30
sipahioe	30
sirijhma	30
sisu	30
sitar	30
sitara	30
sitina	30
sivilaijheshan	30
skad	30
smarakni	30
smithe	30
smol	30
snayuo	30
sneh	30
soft	30
solmi	30
som	30
sonano	30
sonet	30
soyabin	30
spardhana	30
spardhani	30
spashtpane	30
spirit	30
spot	30
stage	30
starling	30
staroma	30
stationma	30
stelon	30
stemp	30
sthalona	30
sthapai	30
sthapavani	30
storsa	30
stotra	30
striono	30
sudan	30
sudhar	30
suis	30
suko	30
suku	30
sumel	30
suparastara	30
supply	30
surati	30
suratthi	30
suresa	30
suryane	30
suryaprakash	30
susan	30
susangatata	30
svadma	30
svajhilend	30
svaminarayanna	30
svayatta	30
tabama	30
tabdili	30
tabib	30
tafavatne	30
taiyarima	30
takani	30
takkar	30
taklifo	30
talavno	30
taliban	30
taliya	30
tamakuna	30
tandurasti	30
tantrani	30
tapasma	30
tarbocharjar	30
tarun	30
tattvagnani	30
tatvagnanna	30
tatvik	30
tatvonu	30
tedma	30
teknolojima	30
teknolojini	30
tekra	30
teksta	30
teras	30
tere	30
testing	30
tetris	30
thak	30
thakre	30
thanari	30
thangadh	30
thanu	30
thard	30
thasra	30
ther	30
thriji	30
thru	30
tibetma	30
ticket	30
tikhi	30
timnu	30
tirur	30
tiruvnantpuram	30
tishyu	30
todine	30
tolama	30
transaporteshan	30
tranthi	30
trasvadi	30
trij	30
trijya	30
tukdina	30
tulsidas	30
tum	30
tutela	30
tvoday	30
udbhavyo	30
uddhar	30
udeshthi	30
udhyognu	30
udiya	30
ugata	30
ujavay	30
ukai	30
umeray	30
umre	30
und	30
unnat	30
upali	30
uparnu	30
upasthiti	30
updesho	30
upeksha	30
upma	30
urf	30
utaran	30
utarana	30
utarthi	30
uthalavi	30
uthave	30
uthavvama	30
utpadannu	30
utsahi	30
utsuk	30
uttarardh	30
uttarardhama	30
uttejak	30
vachak	30
vadado	30
vadal	30
vadank	30
vadao	30
vadhto	30
vadhuni	30
vadummthak	30
vagarnu	30
vaghne	30
vagi	30
vagra	30
vahanma	30
vahanona	30
vahenchni	30
vahetu	30
vahevarma	30
vaidakiy	30
vaignanikoe	30
vaiking	30
vaild	30
vakef	30
valanne	30
vall	30
vanaspatini	30
vanki	30
vano	30
vanshiyta	30
vanshnu	30
vanthali	30
vaparavani	30
vaparva	30
vaprashna	30
vaprashni	30
vaprayel	30
varafarati	30
varase	30
varasni	30
varchasva	30
vargani	30
vargoma	30
varkas	30
varnanatmak	30
varnavyu	30
varni	30
varsane	30
varshiy	30
varshoni	30
vartanne	30
vartano	30
vartaona	30
vash	30
vasko	30
vastinu	30
vastuna	30
vastvikta	30
vasul	30
vatane	30
vavdi	30
vebsaits	30
vechanna	30
vechanni	30
vechata	30
vechati	30
velae	30
velyu	30
veparne	30
veshama	30
vicharta	30
viddhvanona	30
vidhima	30
vidhyarthini	30
vidhyutchumbakiy	30
vigrah	30
vijasthitimano	30
vijayna	30
vijayo	30
vikasyo	30
vikipidiya	30
vikiran	30
vikramadity	30
vikramo	30
viktorian	30
vilay	30
vimanana	30
vinamulye	30
vinanu	30
vinoba	30
virodhno	30
viruddhna	30
virudhhni	30
vishad	30
visheshagya	30
vishham	30
vishhayavastu	30
vishnue	30
vishnune	30
vishnuni	30
vishvakosh	30
vishvasu	30
vishvavidyalayni	30
vishvayudhna	30
vistareli	30
visthapit	30
vitan	30
viti	30
vivadno	30
vivek	30
vo	30
vyaktioe	30
vyathit	30
vyatit	30
vyavasaye	30
vyuh	30
yadagar	30
yalo	30
yat	30
yaun	30
yogna	30
yoji	30
yorkana	30
yorkashayar	30
yuase	30
yuddhano	30
yuesbi	30
yuganda	30
yujhars	30
yukren	30
yunani	30
yunivars	30
yunivarsitino	30
yunivarsitioma	30
yuniyanma	30
yuvraj	30
zalavad	30
zankha	30
zero	30
aadmi	29
aaiaiti	29
aaitisi	29
aaji	29
aakado	29
aakarama	29
aakarshaya	29
aakashama	29
aakramankari	29
aakshmik	29
aalochnatmak	29
aamir	29
aankado	29
aankhoma	29
aantardana	29
aantrakriya	29
aarambhik	29
aarktik	29
aartharni	29
aasamma	29
aashaspad	29
aautluk	29
aav	29
aavavanu	29
aavvana	29
aayurvedama	29
ab	29
abhigamo	29
abhinetrino	29
abhiprayo	29
abhiyano	29
academy	29
adachan	29
adalabadali	29
adalatna	29
adeshthi	29
adhikarie	29
adhikariona	29
adhikarkshetre	29
adhiveshan	29
adhuru	29
adhyayama	29
advat	29
advitiy	29
agevano	29
agiyarmi	29
agraganya	29
agtyano	29
aids	29
aiyer	29
akadmino	29
akhatna	29
aksham	29
akshardham	29
alam	29
alankrut	29
alvina	29
ambedkare	29
amrutlal	29
anami	29
anandshankar	29
angutha	29
ankur	29
antarrashtriy	29
antral	29
anubhavay	29
anuchchhed	29
anukram	29
anyani	29
apato	29
apavyu	29
apmanajnak	29
apnavayo	29
apnave	29
aprile	29
apurati	29
apurta	29
arebiyama	29
arl	29
aropi	29
arthshashtrana	29
arvallini	29
asahkar	29
asalma	29
ashanti	29
ashay	29
astitvne	29
athdamano	29
athvadiye	29
austin	29
avashesh	29
aveji	29
avnari	29
avord	29
ayodhyana	29
bachavya	29
bachcho	29
backup	29
badalvani	29
badlata	29
badvakhorone	29
baharno	29
baharnu	29
baibalna	29
baik	29
bajirav	29
balke	29
balo	29
bamna	29
bana	29
banavavana	29
banavayu	29
banavt	29
banavvo	29
bandarni	29
bandhai	29
bandhavavama	29
bandhela	29
bandhkamna	29
bangalima	29
bannemanthi	29
bano	29
bapulal	29
barad	29
barafni	29
baremas	29
barlinma	29
batavyu	29
bath	29
baul	29
bavla	29
bayographi	29
baz	29
bebhan	29
bedmintan	29
beki	29
belfast	29
belgam	29
benarji	29
ber	29
berie	29
besta	29
bethakama	29
bhaduti	29
bhajavya	29
bhaktone	29
bhaktoni	29
bhantar	29
bhanya	29
bharan	29
bharata	29
bharatpur	29
bhashy	29
bhatte	29
bhavnagarni	29
bhavnao	29
bhavnath	29
bhazan	29
bhedvine	29
bhegu	29
bhelavavama	29
bhimne	29
bhimsen	29
bhint	29
bhogvi	29
bhonsle	29
bibisina	29
bijae	29
bijama	29
bilakul	29
biliyanni	29
bim	29
bolma	29
bolvani	29
bonus	29
boris	29
bozana	29
brahmae	29
brahmane	29
brahmi	29
brahmno	29
brein	29
britanika	29
britne	29
brodbend	29
bruklin	29
burmane	29
carbonate	29
carbonna	29
chadata	29
chakasava	29
chalchitronu	29
chaleli	29
chalvalkar	29
chalvu	29
chamba	29
chamdina	29
chan	29
chanani	29
chandan	29
chane	29
charchil	29
charu	29
chath	29
cheins	29
chepne	29
chhatima	29
chhodava	29
chhupayela	29
chihnit	29
chintamani	29
chips	29
chokhkhu	29
chudasama	29
circle	29
companyoe	29
dab	29
dadam	29
dadma	29
dagh	29
dakor	29
dakshiniy	29
dakshinpaschim	29
dallas	29
dampatine	29
damptine	29
dantivada	29
daragah	29
darimyan	29
darshko	29
dastavejma	29
dastavejoma	29
davano	29
davaono	29
dekhavo	29
dekhita	29
derini	29
deshoyeh	29
deshvato	29
devayat	29
devdas	29
devgadhbariya	29
devidasne	29
devsthan	29
dhali	29
dhamdhumthi	29
dhandhadari	29
dhanpur	29
dhansura	29
dharnao	29
dharnidhar	29
dhatunu	29
dhimedhime	29
dhola	29
dhor	29
dhrutrashtrane	29
dhumketuo	29
dhuno	29
dhvajna	29
diganbar	29
dik	29
dioxide	29
disembarna	29
displi	29
divasnu	29
dokyument	29
draiving	29
drakshana	29
draupadine	29
dravak	29
dravan	29
drone	29
drop	29
drumer	29
dukanma	29
duniyano	29
durgam	29
durupayog	29
dushmanone	29
dvashtie	29
dvisangio	29
dyuti	29
echivment	29
edvin	29
efbiai	29
egyptvasio	29
eids	29
ekamna	29
ekostik	29
eksarkha	29
ekstenshan	29
ekveriyam	29
eleks	29
elyuminiyam	29
emai	29
email	29
englikan	29
enjiniyringma	29
enjinno	29
enjio	29
ensii	29
envayarnamental	29
eranda	29
eronotikal	29
erosmith	29
eshiyanu	29
eshiyatik	29
esidik	29
esidna	29
etek	29
ethletiks	29
factor	29
fai	29
failone	29
fainalsama	29
falavvama	29
fansi	29
farato	29
farava	29
farti	29
fatehpur	29
fedrarne	29
fefsanna	29
fektario	29
felato	29
felavi	29
femma	29
fenkyo	29
ferbadal	29
ferve	29
fiji	29
fiksan	29
filding	29
filmathi	29
finch	29
finland	29
flayar	29
fleming	29
flor	29
foj	29
fotografs	29
fugavani	29
fulone	29
fyual	29
fyuchar	29
gabharat	29
gadhval	29
gadu	29
gal	29
gallon	29
gamadaoma	29
gamane	29
gamone	29
gamto	29
ganato	29
ganatrima	29
ganavine	29
gandhino	29
gangotri	29
ganine	29
ganitashastr	29
ganitshastri	29
ganthiya	29
garbhadhan	29
garbhavastha	29
gardiyan	29
gat	29
gatima	29
gaurishankar	29
gavanu	29
ge	29
gemsa	29
gest	29
ghadva	29
ghanashyam	29
ghanatva	29
ghargatthu	29
ghatadana	29
ghatadane	29
ghatanaoni	29
ghelo	29
gherabandhi	29
gherayeli	29
ghuntan	29
gidh	29
ginis	29
gitanu	29
gleshiyar	29
gnani	29
gnanni	29
golmeji	29
golni	29
gorkha	29
gothve	29
govani	29
govardhan	29
govardhanaram	29
grahni	29
grass	29
grikma	29
guchi	29
gufani	29
gufaoni	29
gugalna	29
gulf	29
gundar	29
gunvattavada	29
guverane	29
guverani	29
haikortana	29
hajira	29
hajrat	29
hajrima	29
halanu	29
halar	29
halka	29
hammesh	29
haradvar	29
harishchandra	29
harmada	29
harshad	29
hastakshep	29
hastamaithun	29
hathane	29
hathmathi	29
havaldar	29
hayar	29
helen	29
hemiltan	29
heran	29
herine	29
herold	29
heviveit	29
hidimba	29
hijarat	29
himalayani	29
himandi	29
hinduona	29
hisar	29
holyvud	29
homrul	29
honarat	29
hors	29
hospitalni	29
hradayne	29
human	29
ibna	29
ichata	29
ichchhane	29
ijane	29
ijiptana	29
ikonomik	29
imu	29
indiyanama	29
inglende	29
inings	29
inoveshan	29
iraniyan	29
irelandna	29
isharo	29
isyu	29
itharnet	29
ivan	29
izarayal	29
jabarjast	29
jagi	29
jagyaoe	29
jahajne	29
jahajni	29
jalna	29
jamai	29
jamindar	29
jamini	29
jamshedji	29
jana	29
janavela	29
janganna	29
janglothi	29
janmanu	29
jantana	29
jasat	29
jast	29
jastin	29
jatilta	29
jatima	29
jatine	29
jatino	29
jatione	29
jationi	29
javan	29
jaypurna	29
jenifar	29
jesalmer	29
jethalal	29
jheta	29
jibh	29
jidiem	29
jindagi	29
jitanari	29
jivanbhar	29
jivraj	29
jodanano	29
jodanma	29
jodanna	29
jodavano	29
jodima	29
jodti	29
jovu	29
ju	29
jubani	29
junagarhna	29
junama	29
juta	29
juthoni	29
juvan	29
jyubili	29
kabrastan	29
kacho	29
kadanu	29
kado	29
kagadna	29
kahevat	29
kalakarona	29
kalakaroni	29
kalakma	29
kalash	29
kalpit	29
kamdarona	29
kamgirino	29
kampan	29
kampyutarna	29
kanni	29
kans	29
kantali	29
kantent	29
kanti	29
kapadna	29
kapal	29
kapurni	29
kapvama	29
karad	29
karanchi	29
karanothi	29
kararbadhdh	29
karatu	29
karavvano	29
karbhar	29
karkhanama	29
karkirdino	29
karmo	29
karnival	29
karodrajju	29
karte	29
kartik	29
karyakshetra	29
karyane	29
karyani	29
karyno	29
kashuk	29
kastrona	29
katari	29
kathakali	29
kathakar	29
kathani	29
kathiyavadma	29
kathlal	29
kauntar	29
kavina	29
kavioni	29
kavyama	29
kavyoma	29
kektas	29
kenedani	29
kensarthi	29
kesal	29
ketan	29
khada	29
khadki	29
khaine	29
khandesh	29
khandnu	29
kharash	29
kharchana	29
kharchne	29
khatana	29
khatao	29
khatlo	29
khatro	29
kheladioma	29
khetima	29
khile	29
khir	29
khmer	29
khoi	29
kholama	29
kholine	29
khorakne	29
khurd	29
khuvari	29
kidni	29
kijh	29
kik	29
kimatna	29
kimatni	29
kingni	29
kirnotsargi	29
kirtan	29
klaimet	29
klojh	29
kochima	29
kolar	29
kolasa	29
kolkatana	29
kombet	29
komna	29
komoditi	29
kompleks	29
komyunikeshans	29
kongresi	29
koniy	29
koriyana	29
koshikana	29
koshtakma	29
kotan	29
kotarine	29
kotarvama	29
kraisis	29
kriketno	29
krispar	29
kritiks	29
krupa	29
kshamatana	29
kshamatani	29
kshetramathi	29
kshetroni	29
kuber	29
kudarat	29
kuin	29
kulnu	29
kushalta	29
kutchma	29
kutumbana	29
kvartarfainalma	29
ladyo	29
lahorna	29
laiftaim	29
lainma	29
lainna	29
lakhavani	29
lakhavano	29
lakshanone	29
lakshi	29
lama	29
lambaini	29
laptop	29
larning	29
lebala	29
lemparde	29
lendaskep	29
letars	29
levato	29
lilu	29
load	29
lokmat	29
luna	29
lyuthar	29
machlighar	29
madhubala	29
madhyamoe	29
madhyathi	29
magani	29
magto	29
mahagujarat	29
maharishi	29
mahayan	29
mahilane	29
maitrak	29
maitripurn	29
makar	29
makarpura	29
malakhano	29
malao	29
malbar	29
maldivs	29
maleshiyama	29
malni	29
malvana	29
manase	29
manato	29
mandela	29
mandirono	29
mangl	29
mangne	29
manila	29
manilale	29
manka	29
mano	29
manushyane	29
manvio	29
manytane	29
mapni	29
marachu	29
marathaoe	29
marchma	29
margthi	29
mariyo	29
masjidni	29
masjidnu	29
masma	29
masur	29
matdar	29
mathna	29
matho	29
matiriyal	29
matvistarmanthi	29
mauntein	29
mehta	29
meking	29
melavashe	29
melaveli	29
menan	29
meps	29
mevadna	29
midiyama	29
miltan	29
minitani	29
mirar	29
mitarna	29
mithila	29
modhera	29
mokalo	29
mongol	29
mosamma	29
moukhik	29
mrunal	29
mrutdeh	29
mrutyudand	29
mrutyudandni	29
mudrit	29
mugat	29
mukadmo	29
mulakatione	29
muli	29
mulye	29
mun	29
muslimoni	29
nabale	29
nadu	29
nagarikonu	29
naheruna	29
naiki	29
najivi	29
nakhta	29
nakhva	29
nakshao	29
nalanda	29
namaj	29
nambarno	29
nanakdu	29
nandi	29
nara	29
narasahar	29
narayanne	29
narsing	29
nartak	29
nasir	29
natkona	29
natyalekhak	29
nechropethik	29
nehruni	29
netvarkano	29
nevzealand	29
nibandhono	29
nichenu	29
nihshulk	29
nik	29
nikade	29
nikatna	29
nilambur	29
nilatit	29
nirasha	29
nirdharan	29
nirikshak	29
nirikshano	29
nitima	29
nitine	29
nivadi	29
nondhvu	29
nondhya	29
nuksani	29
nyayalayna	29
nyukliyar	29
octoberma	29
odakhayo	29
odakhayu	29
odiai	29
ogastana	29
okha	29
okisjan	29
olimpik	29
olivar	29
olive	29
opreting	29
ostreliyani	29
ottoman	29
outdur	29
pachamo	29
pachhadnu	29
padado	29
padari	29
padbhar	29
paddhatione	29
padhima	29
padoshio	29
padvo	29
padvu	29
pahelanu	29
paheravama	29
paherela	29
paherine	29
paherva	29
pahochi	29
pahonchadyu	29
pahonchashe	29
pahonchavani	29
pahonchta	29
paida	29
pailat	29
pake	29
pakshona	29
pamelu	29
panama	29
panchayatna	29
panchthi	29
pandarmi	29
pandito	29
pankaj	29
panktio	29
papaiya	29
parab	29
parakrami	29
parangat	29
parast	29
parfomans	29
parforming	29
parikalpana	29
parinamyu	29
parinit	29
pariprekshyama	29
parisma	29
part	29
parvatmalani	29
paryant	29
pasandagini	29
pashuona	29
patalu	29
patanni	29
patavat	29
pathari	29
pathrayeli	29
patiya	29
patliputra	29
patnina	29
patnni	29
patrakaro	29
patrane	29
patrikao	29
pattharthi	29
pav	29
pech	29
pedhhina	29
pejis	29
peking	29
pensilveniya	29
perashut	29
petajatio	29
petlad	29
petna	29
pharaman	29
pharmasyutikala	29
pheravvama	29
photographer	29
phrancis	29
piday	29
piechdi	29
pilash	29
pitar	29
pivathi	29
plantama	29
pleg	29
pli	29
poliestar	29
ponnani	29
porbandarna	29
portalendama	29
posha	29
poshina	29
pracharak	29
pradarshanne	29
pradushako	29
pradushanne	29
pradyumna	29
praid	29
prajatini	29
prajatinu	29
prajatioma	29
prakalp	29
prakashani	29
prakriyaoma	29
pramaneni	29
pramanne	29
pramukhni	29
prarambhna	29
prastavnama	29
prathmikta	29
pratibaddh	29
praveshni	29
praveshvani	29
pravruttina	29
pravruttine	29
pravruttiona	29
prayatnoma	29
prayogma	29
prayojan	29
premne	29
prere	29
presidensina	29
presidensini	29
prinses	29
pro	29
projektane	29
punahsthapit	29
punchhdina	29
punena	29
puneni	29
punit	29
punrutthan	29
punya	29
purushoe	29
purvathama	29
purvkalin	29
purvna	29
pustara	29
pustika	29
putrine	29
rachaya	29
rachnana	29
rachnane	29
raghunath	29
raghuvir	29
rahasy	29
rahethhan	29
rahevasione	29
raijh	29
rajayna	29
rajistri	29
rajnitik	29
rajpur	29
rajsthanni	29
rajula	29
rajyomanthi	29
rakhanar	29
rakhel	29
rakhto	29
raktastrav	29
ramabai	29
ramakada	29
ramani	29
rambhadrachary	29
ramuj	29
randhvama	29
rane	29
rangoni	29
rashtragit	29
rashtrasanghna	29
rasiklal	29
rasne	29
rasoipratha	29
ratnagiri	29
rato	29
real	29
reli	29
reni	29
renkingma	29
retrikne	29
revadi	29
ridham	29
rikavari	29
rile	29
rington	29
riphainari	29
rita	29
rivolyushan	29
rogers	29
rohini	29
roja	29
rokankar	29
rokanni	29
romno	29
rop	29
round	29
rss	29
rudhichusta	29
rudhivadi	29
rujhvelt	29
rupiyanu	29
rushabh	29
ruting	29
sabave	29
sabhan	29
sabhe	29
sabyoe	29
sadantar	29
sadhak	29
sadhanonu	29
sadov	29
safalatathi	29
safaltani	29
safaltano	29
sagir	29
sahayni	29
sahityani	29
sahjanand	29
sahuthi	29
sahyogma	29
saijh	29
sajjad	29
sakriya	29
saliya	29
salthi	29
samacharo	29
samajnu	29
samapan	29
samaygalane	29
samayrekha	29
sambandhono	29
sambhar	29
sambodhit	29
samgrini	29
samit	29
sammilit	29
samosa	29
sampadkiy	29
samparko	29
sampattino	29
samrajynu	29
samsung	29
samuhno	29
samuhnu	29
samuhoma	29
samyikna	29
sandarbhit	29
sandha	29
sandhini	29
sandhya	29
sandovani	29
sangathanma	29
sanghavi	29
sanghe	29
sangrahak	29
sangrahne	29
sangramna	29
sankhyano	29
sanmelan	29
sanpradayik	29
sansadana	29
sanshodhanne	29
sansthaono	29
santalpur	29
santhal	29
santrupt	29
sanyam	29
sapana	29
saptembarna	29
sarahadni	29
sarfes	29
sarhado	29
sarkhavvama	29
sarki	29
sarojini	29
sarpne	29
sarpni	29
sasu	29
satish	29
satmu	29
savalat	29
sayantifik	29
second	29
sekandana	29
sekandano	29
sekshan	29
seling	29
senanu	29
senni	29
sentars	29
sevanu	29
shabdani	29
shabdshah	29
shaherikaran	29
shahne	29
shakayta	29
shakespeare	29
shakt	29
shaktini	29
shaktithi	29
shalamanthi	29
shan	29
shanivar	29
shankheshvar	29
shantina	29
sharnarthi	29
shasakoni	29
shastrano	29
shastroni	29
shaurya	29
shen	29
sherioma	29
shikarne	29
shikhandi	29
shikhe	29
shikhvi	29
shikshanani	29
shilanyas	29
shimala	29
shingo	29
shiro	29
shishn	29
shivlingni	29
shodhine	29
shodhna	29
shodhne	29
shodhni	29
shraddh	29
shrenine	29
shrikrushn	29
shriman	29
shrimp	29
shruti	29
shubhechcha	29
siddhantona	29
siddhantone	29
siera	29
signalo	29
sijhar	29
simachinharup	29
sindhma	29
sinemama	29
sio	29
sistamnu	29
sistamo	29
sitani	29
sitaro	29
sitigrupe	29
sitima	29
sitini	29
sivil	29
skim	29
skorar	29
slaid	29
smashan	29
solyushans	29
sorose	29
spardhak	29
spardhane	29
spida	29
sport	29
srushtina	29
stafa	29
stars	29
stelone	29
steshannu	29
sthanma	29
sthapayel	29
sthapayela	29
sthapayu	29
sthapnani	29
sthavar	29
stilna	29
suchano	29
sudradh	29
sukhakari	29
summer	29
sunni	29
surakshane	29
surang	29
suryna	29
svaminarayane	29
svapnama	29
svarajya	29
svaro	29
svarupno	29
svatantratana	29
svayamvar	29
svikarta	29
taimse	29
taiyario	29
taju	29
taknikono	29
takshashila	29
talimna	29
talukamanthi	29
talukamathak	29
talukano	29
tamakuni	29
tambana	29
tapasvi	29
tapmanni	29
taral	29
taranglambai	29
taras	29
tarnar	29
tate	29
tathyo	29
tatvoma	29
tavars	29
teblet	29
teknolojikal	29
teknolojis	29
telifon	29
tharmomitar	29
tikakaroe	29
tikha	29
timbo	29
toche	29
tock	29
tokugava	29
treil	29
trikam	29
trikonakar	29
trojan	29
trufi	29
tukdine	29
tulsa	29
turat	29
tvisted	29
tyulips	29
ubharta	29
udarvadi	29
udiu	29
ujavanina	29
ujavanini	29
ujavato	29
ukelo	29
ullekho	29
umere	29
unalo	29
undan	29
undanpurvak	29
unde	29
upadhyaksh	29
upapramukh	29
upbhokta	29
updeshak	29
upkaranone	29
upnagar	29
upnamthi	29
urdhvamandalma	29
ushna	29
utkhanan	29
utpadakone	29
utpal	29
utpati	29
utsavma	29
uttarni	29
uttarpurviy	29
vadali	29
vadana	29
vadani	29
vadhaghat	29
vadharvano	29
vadheli	29
vadhta	29
vadhtu	29
vadhvanu	29
vadva	29
vaghya	29
vahanoma	29
vahivatitantra	29
vahivatkarta	29
vairagy	29
vairasne	29
vaishy	29
vaivahik	29
vaividhyta	29
vajanma	29
val	29
valge	29
vanar	29
vanijyik	29
vaprai	29
vaprayo	29
varah	29
varansima	29
vargmul	29
vargnu	29
varnavama	29
varnavva	29
varshane	29
vartulma	29
vasai	29
vasava	29
vastukala	29
vastukar	29
vataghatoma	29
vatthi	29
vavajhodu	29
vavma	29
vechanne	29
vechvani	29
vektar	29
venezuela	29
veparni	29
vet	29
vetanma	29
vev	29
vibhajanni	29
vicharni	29
vicharno	29
vicharono	29
vichlit	29
vidhyaman	29
vidhyapithama	29
vignanio	29
vignapan	29
vijaya	29
vijli	29
vijyi	29
vikasavavanu	29
vikasavyo	29
vikat	29
vikimepiya	29
vikipidiyana	29
vikrami	29
vilambit	29
vilson	29
vinano	29
vinayan	29
vindasar	29
virpur	29
visavkarma	29
vishanu	29
vishayna	29
vishhayani	29
vishishtatao	29
vishnunu	29
vishram	29
vishuvvrutt	29
vishvabharni	29
vistarono	29
vistarthi	29
vistarvama	29
vistaryo	29
visvsniy	29
vitavyo	29
viththalbhai	29
viyena	29
voch	29
vodka	29
voran	29
vors	29
voshington	29
vrukshnu	29
vrundavan	29
vulvu	29
vyakhyama	29
vyanjano	29
vyavaharik	29
vyavasayama	29
vyavasayma	29
vyavsayi	29
vyuhrachanao	29
yado	29
yaduvanshi	29
yagnik	29
yak	29
yantro	29
yatna	29
yatrio	29
yats	29
yayati	29
yayavar	29
yoje	29
yuddhoma	29
yugani	29
yuniform	29
yuniyne	29
yuropiyno	29
yuropno	29
yuvati	29
zadna	29
zara	29
zen	29
aadhunikikaran	28
aafrikanu	28
aaftar	28
aaiaieme	28
aaienes	28
aajubajuma	28
aalbamo	28
aandhrapradeshna	28
aangla	28
aantardani	28
aapelo	28
aaple	28
aapvathi	28
aarogyani	28
aashaythi	28
aashcharyachkit	28
aashep	28
aathamna	28
aavre	28
aavvani	28
aayojano	28
aayovani	28
aazadina	28
abhinav	28
abhiyanani	28
abhyasoe	28
adadhathi	28
adadni	28
adam	28
adinath	28
afers	28
afvao	28
agekuch	28
agrim	28
ajey	28
akshans	28
aksharona	28
alaha	28
aligadh	28
alvine	28
alvini	28
amartya	28
ambali	28
anath	28
anbani	28
andhakar	28
andharama	28
anekvar	28
angelas	28
anisht	28
annapurna	28
anshatah	28
ansuya	28
antaray	28
antarma	28
antbhagma	28
anukulta	28
anyama	28
anyane	28
anyayi	28
anyoe	28
apekshakrut	28
apekshao	28
arabic	28
aramdayak	28
architecture	28
ardha	28
arebiyana	28
armeniya	28
arnest	28
arogysambhad	28
arthatantrano	28
arthshashtrama	28
arthtantrani	28
asai	28
asangat	28
asantusht	28
asaroma	28
ashramani	28
asmarth	28
asprushyata	28
astitvana	28
astitvani	28
astitvno	28
athdamanma	28
athvadik	28
atirikt	28
atisar	28
avadh	28
avayavo	28
avrodhe	28
avstha	28
ayask	28
ayojak	28
babar	28
babatno	28
bachchu	28
bada	28
badnu	28
badvana	28
bafi	28
bagasara	28
bagdad	28
bagichani	28
bahenna	28
bahuvchan	28
bajarne	28
bakri	28
balakna	28
balvantray	28
banavavi	28
banavayela	28
banavelo	28
bandarne	28
bandhak	28
bandharanne	28
bandhayelu	28
bandhayu	28
bandhvanu	28
bandhyu	28
banduko	28
bangkok	28
bangladeshi	28
bangladeshni	28
bannenu	28
banvana	28
bapor	28
bara	28
barafavarsha	28
barmo	28
barth	28
basketball	28
bastar	28
batar	28
baykarbonet	28
bekagraund	28
bekbon	28
beking	28
beni	28
benjh	28
benke	28
benkoe	28
benkoni	28
besava	28
betal	28
betheli	28
bevda	28
bhagalpur	28
bhagavtam	28
bhagoni	28
bhagvanno	28
bhaioni	28
bhajno	28
bhajvani	28
bhangar	28
bhani	28
bhanvad	28
bharadvaj	28
bharatanatyam	28
bhartiyona	28
bhartiyoni	28
bharvani	28
bhashamanthi	28
bhashaono	28
bhasma	28
bhavishyavani	28
bhayne	28
bhaythi	28
bhiksha	28
bhimashankar	28
bhina	28
bhinnta	28
bhoj	28
bhram	28
bhrashtacharna	28
bhrugu	28
bhugarbhma	28
bhujma	28
bhumima	28
bhuprushth	28
bhutiya	28
bhuttona	28
bilt	28
bimarina	28
bing	28
birala	28
biryani	28
blad	28
blockbuster	28
bo	28
bojhon	28
bombamaro	28
bordama	28
bordi	28
bovling	28
brahmchari	28
brandani	28
bret	28
buddhisali	28
budget	28
bul	28
bulbul	28
bumrengs	28
californiama	28
californiana	28
cedi	28
chadya	28
chahko	28
chakrana	28
chakrane	28
chalchitranu	28
chalchitrona	28
chambal	28
chamtkar	28
chanano	28
chandini	28
chandravadan	28
chandravanshi	28
chanu	28
charabina	28
charanma	28
charchane	28
charchanu	28
charitro	28
charkha	28
charo	28
chattopadhyay	28
chaturbhuj	28
chaturthi	28
chavai	28
chavla	28
chayapachayani	28
chein	28
chelsi	28
chepal	28
chepno	28
chhavanima	28
chhed	28
chhupa	28
chidambaram	28
chikana	28
chiku	28
chilo	28
chinanu	28
chinu	28
chitrakari	28
chitrakla	28
chitrangada	28
chodvama	28
chokara	28
choti	28
chup	28
client	28
clubo	28
compakt	28
congress	28
core	28
course	28
cutak	28
dabalyudbalyui	28
dadabhai	28
dadana	28
dadhi	28
dadna	28
dakshinni	28
dale	28
damptie	28
danish	28
dankh	28
darajjana	28
darbhanga	28
dardima	28
darekma	28
darni	28
darshane	28
darshnarthe	28
dasha	28
dashera	28
daskroi	28
davaoma	28
dayalu	28
dayaram	28
daynesti	28
degri	28
dehradun	28
dejhart	28
dekhayu	28
delvada	28
dena	28
deshalji	28
deshbhakti	28
dethli	28
devagadh	28
devil	28
devki	28
devoe	28
dhabkara	28
dhadaka	28
dhamki	28
dhanadhya	28
dhandhakiy	28
dhandhama	28
dhankai	28
dhanush	28
dharavahikma	28
dharavva	28
dharkham	28
dhartikampma	28
dhodiya	28
dhoti	28
dhrutarashtra	28
dhvast	28
dijhastar	28
dilhino	28
dindayal	28
distribyuted	28
divalma	28
divalna	28
dogra	28
doktarni	28
dol	28
dont	28
dora	28
doze	28
dradh	28
draft	28
drams	28
dramvadak	28
draupadina	28
dudhna	28
dukhava	28
duniyane	28
dushasan	28
dushmanavat	28
dvarkama	28
dvaucks	28
dyri	28
eaiji	28
edan	28
edmiral	28
edvenchar	28
ejansini	28
ekadhikar	28
ekagrata	28
ekamma	28
ekamoma	28
ekarama	28
ekek	28
ekso	28
elelpi	28
elen	28
elisane	28
emem	28
endrev	28
epolo	28
erlains	28
esemesa	28
eses	28
esh	28
etlas	28
europni	28
evordama	28
fainanshiyal	28
falake	28
falavani	28
fandna	28
fando	28
fankshan	28
fansini	28
faravu	28
fargyusanne	28
farmaceutikals	28
farmavvama	28
faryu	28
father	28
faundeshanni	28
fayda	28
fefasa	28
fefsama	28
feith	28
felavvama	28
fijhikal	28
finlendma	28
fishar	28
flad	28
floridama	28
fols	28
fons	28
frame	28
fransna	28
frantiyar	28
frejhar	28
frenchaijhar	28
fulna	28
gadano	28
gadio	28
gadyo	28
gamana	28
gambhiratathi	28
gandhari	28
gandhijino	28
gantavya	28
garbhagruhma	28
garbhit	28
garibone	28
garoli	28
gatha	28
gatishilta	28
gatividhi	28
gaudiy	28
gauri	28
gaushala	28
gayakvade	28
gayana	28
gemma	28
gerhajar	28
ghanti	28
ghatadvani	28
ghatanaona	28
ghatanathi	28
ghatnakram	28
ghatnaono	28
ghatta	28
ghatva	28
ghatyo	28
ghudkhar	28
ghusi	28
gitone	28
goe	28
goga	28
golandajo	28
golfar	28
grafa	28
grahakna	28
grahakne	28
grahakona	28
gramar	28
granthnu	28
grast	28
grend	28
gres	28
gricena	28
griko	28
groupna	28
gruhma	28
gruhsth	28
gruhyuddh	28
grupe	28
gruv	28
gunahit	28
gunone	28
gunvattane	28
gurukul	28
gurune	28
guruo	28
gyankosh	28
hadaka	28
haidrabadma	28
haidrokarban	28
haiskulmanthi	28
haj	28
hajjaro	28
hanumanni	28
haridvar	28
hariken	28
harish	28
hariyanana	28
harmandir	28
harris	28
hastlikhit	28
hatyani	28
hatyao	28
hausni	28
havamanma	28
hazarat	28
hectar	28
hej	28
hemchandrachary	28
hempashayarma	28
hempashayarna	28
herisan	28
hetune	28
himalayana	28
himoglobin	28
hissedari	28
hitlere	28
hogan	28
hokayantrano	28
holide	28
holivud	28
holo	28
hormon	28
hospitalna	28
hotlo	28
humayuna	28
humlana	28
humlani	28
idli	28
if	28
ijiptna	28
ikonomi	28
ikonomiks	28
ikshvaku	28
ilivatid	28
im	28
imarati	28
indeksh	28
indies	28
indipendans	28
indipendant	28
indiyanapolis	28
indoneshiyan	28
indrana	28
inglendma	28
ining	28
iningma	28
intarnal	28
intek	28
intelna	28
intu	28
isa	28
ishu	28
ishvarnu	28
iski	28
ismail	28
ispat	28
isuni	28
ithar	28
itihaskaroe	28
iyan	28
iyar	28
jadavpur	28
jagyana	28
jahajonu	28
jakat	28
jalandhar	28
jalashayo	28
jaliya	28
jaliyanvala	28
jalni	28
jamavyu	28
jambudi	28
jamvani	28
janar	28
janato	28
janayo	28
jangalmanthi	28
janglono	28
janmasthan	28
janmat	28
jano	28
januarya	28
janvama	28
japhphna	28
jarnalma	28
jatani	28
jatinu	28
jatoma	28
jatthane	28
javalle	28
jaydrath	28
jef	28
jekmene	28
jeks	28
jemanu	28
jhek	28
jheviyar	28
jhimbabve	28
jidbalyupi	28
jip	28
jivat	28
jivram	28
jodavani	28
jodhpurna	28
joita	28
joiti	28
joshina	28
joshini	28
jovano	28
juan	28
jugar	28
julam	28
junagadhani	28
junagadhma	28
juniyar	28
jusso	28
jvalamukhina	28
jvalamukhini	28
jyuri	28
kabaddi	28
kabro	28
kachara	28
kachrano	28
kadhvano	28
kafotpadak	28
kagado	28
kahyo	28
kaikeyi	28
kalakthi	28
kalika	28
kaling	28
kaliyar	28
kalkattani	28
kalnu	28
kalorin	28
kampanioma	28
kamuk	28
kamyunikeshans	28
kana	28
kandha	28
kanek	28
kanektikat	28
kanjharvetiv	28
kannadma	28
kanone	28
kansept	28
kantani	28
kapure	28
karachla	28
karavine	28
karavnar	28
karkirdine	28
karlo	28
karnadev	28
karnatakma	28
karpatra	28
kart	28
karyakramone	28
karyalyo	28
karyano	28
karyanvit	28
karyavahine	28
karyna	28
karyvahini	28
kasam	28
kasht	28
kastroni	28
kata	28
katal	28
kathano	28
kathmandu	28
kaunsile	28
kaunt	28
kauntina	28
kaushaly	28
kaushik	28
kavatra	28
kavitane	28
kavitaono	28
kaviyatri	28
kavyani	28
kayadathi	28
kayde	28
kedvanikar	28
kelari	28
kelvi	28
kendrasthane	28
ketaliy	28
ketlake	28
ketlakna	28
ketlek	28
kevo	28
khachar	28
khamiyukt	28
khandero	28
khandkavya	28
kharidyo	28
kharist	28
khateno	28
khedan	28
khedutoe	28
khino	28
khodi	28
khopari	28
khorakno	28
khuman	28
khuno	28
khyalne	28
kinarani	28
kintu	28
kis	28
kishoro	28
klok	28
kodana	28
kodma	28
kolasani	28
kolins	28
komiks	28
konark	28
kondomane	28
kong	28
kongresama	28
kongresne	28
konvent	28
kora	28
koral	28
korpsa	28
koshikaoma	28
kosta	28
kostal	28
kotarela	28
kotareli	28
kramanusar	28
krik	28
kriminal	28
kriyama	28
kriyane	28
kriyapad	28
kromiyam	28
krupathi	28
ksh	28
kshetriya	28
kshitij	28
kuchha	28
kukana	28
kule	28
kuranma	28
kutumbone	28
kutumbonu	28
kuvama	28
kuvari	28
kvik	28
kyany	28
labhdayak	28
ladaine	28
laghutam	28
lagnni	28
lagshe	28
lakdanu	28
lakha	28
lakhanna	28
lakhayelo	28
lakshmibai	28
lakshyanko	28
lalach	28
lanni	28
lavchik	28
lavnar	28
leb	28
lekhakona	28
lekhakoni	28
lekhkone	28
lendafil	28
lengkavi	28
letinma	28
levisa	28
libaral	28
lingne	28
linka	28
lio	28
loj	28
lokgit	28
lokkathao	28
lokvayaka	28
loma	28
lop	28
lothal	28
lunti	28
machchhar	28
machchhu	28
machhalina	28
machhaline	28
mad	28
madadni	28
madao	28
madharbord	28
madhuri	28
madhyamoma	28
mahableshvar	28
mahakavyo	28
mahasachiv	28
mahatta	28
mahemano	28
mahmud	28
mahotsavma	28
maind	28
majmudar	28
makaina	28
malakhana	28
malno	28
mamle	28
mamra	28
manasoni	28
manati	28
manavjat	28
manavvama	28
mandakini	28
mandirone	28
mangalna	28
mangva	28
manishankar	28
manjira	28
manoranjanna	28
manovignan	28
mansona	28
mantralayni	28
manushyani	28
manyo	28
manytaprapt	28
mapani	28
mapna	28
marchathi	28
margoni	28
marino	28
mars	28
martina	28
marvad	28
mashingan	28
mashinri	28
masjido	28
masuri	28
matchni	28
matdaro	28
matino	28
matrane	28
megh	28
melavati	28
mele	28
melvvano	28
menyufekcharing	28
mesechyusets	28
mesejing	28
meshvo	28
mesopotemiya	28
midtaun	28
milakatane	28
milano	28
mili	28
milkatna	28
mirpur	28
mishranthi	28
mistar	28
mit	28
mithaio	28
moda	28
modelma	28
modethi	28
mokalvani	28
molekyular	28
mon	28
monika	28
monoksaid	28
morcho	28
morning	28
mrutyuma	28
mrutyuthi	28
muddat	28
mukam	28
mukame	28
mukavana	28
mulat	28
mulma	28
mulno	28
mulrupe	28
mulyama	28
munjhvan	28
muri	28
musalmano	28
muslimona	28
muzaffar	28
mycrov	28
nabadai	28
nabadu	28
nabhe	28
nach	28
nad	28
nadiona	28
nadiono	28
nadithi	28
nagara	28
nagarikata	28
nagarpalikani	28
nagindas	28
naijar	28
najhio	28
nakare	28
nalakhyan	28
namaz	28
namshesh	28
nanakada	28
nankada	28
nankhyo	28
narakma	28
narayanna	28
nargis	28
navajya	28
navami	28
navapur	28
navlakha	28
navnirman	28
nayake	28
nekst	28
nepchyun	28
neral	28
netagiri	28
netaona	28
netherlands	28
netra	28
netvarkanu	28
nevada	28
nevar	28
nevtonni	28
nichali	28
nidhi	28
nikalva	28
nikol	28
nimit	28
nimnlikhit	28
nirjan	28
nirmannu	28
nirvah	28
nishkriyta	28
nivade	28
nivasiao	28
niyo	28
nokarini	28
nolej	28
nonastop	28
nondhayelu	28
nordhan	28
nyayi	28
oat	28
odakhavya	28
odishan	28
odit	28
oganis	28
ogaste	28
ojar	28
oman	28
omkareshvar	28
orda	28
orekal	28
orijinal	28
osborn	28
pada	28
padarthnu	28
padata	28
padava	28
paddhatinu	28
padelo	28
padhie	28
padna	28
padoshma	28
padoshna	28
padvane	28
paghadi	28
pahonchine	28
pailot	28
paiplain	28
pakavvama	28
pakdai	28
pakshiono	28
pakshkaro	28
pakshoe	28
palayan	28
palghar	28
pallav	28
palpa	28
pamine	28
pamnar	28
panchey	28
panchni	28
pankharma	28
pankhio	28
pankhni	28
panthna	28
paramarsh	28
paramparani	28
paramparathi	28
parform	28
paribaloma	28
paribhashama	28
paribhashik	28
pariksha	28
parinamone	28
paristhitini	28
paristhitino	28
parivaramanthi	28
parivartanna	28
parixanma	28
parker	28
paro	28
parpota	28
parsan	28
parvatarohan	28
patadi	28
paththarothi	28
pathya	28
patnie	28
patranu	28
pautri	28
payama	28
payano	28
payridoksal	28
pedasho	28
peint	28
pelesma	28
pelod	28
pengvin	28
penorama	28
peshioma	28
pesing	28
pest	28
phakulty	28
phonni	28
pikchars	28
pilu	28
pintium	28
pitamah	28
pithno	28
plastikni	28
plazma	28
polimar	28
poliyo	28
pongal	28
portugijhoe	28
pozitivah	28
prabandhak	28
prabhavni	28
prachalan	28
pradehsno	28
pradeshomanthi	28
pradeshone	28
pradushanni	28
pradushko	28
praimri	28
prajapati	28
prajatine	28
prajationa	28
prakashnoma	28
prakirn	28
prakriyamathi	28
prakriyathi	28
pramukhpad	28
pramukhpadni	28
pranalini	28
pranam	28
pranini	28
praptakarta	28
prasansha	28
prasari	28
prashnano	28
prathamna	28
pratikriyama	28
pratinidhioe	28
pratishthane	28
pratit	28
prativarsh	28
pratyaropan	28
pravahima	28
pravasno	28
pravaso	28
prayagraj	28
prayasrupe	28
prayogshil	28
prayojak	28
premika	28
premthi	28
preranathi	28
privenshan	28
programna	28
programni	28
programo	28
proparti	28
proto	28
protokolni	28
punjivit	28
puranna	28
puranu	28
puratattviy	28
purnviram	28
purushna	28
purvagrah	28
purvattar	28
push	28
pustakalayma	28
pustakonu	28
putrano	28
putranu	28
rachanani	28
rachela	28
rachnano	28
rachnaoma	28
rahemane	28
rahenar	28
raid	28
raijhing	28
raitars	28
rajakno	28
rajaniti	28
rajkotni	28
rajmarg	28
rajputona	28
rajyono	28
rakhatu	28
rakhvathi	28
raktanu	28
ramane	28
ramatni	28
ramcharitmanas	28
ramdev	28
ramgadh	28
ranakdevi	28
rangadi	28
rangoma	28
rangpur	28
ranio	28
rashiyani	28
rashtrapita	28
rashtravadio	28
rasio	28
ravane	28
ravanne	28
ravanno	28
ravna	28
raye	28
raygadh	28
recording	28
redi	28
refari	28
regyuleshan	28
rek	28
rekhachitra	28
rekhachitro	28
rekhiy	28
rendam	28
renjama	28
renk	28
reshiyo	28
restora	28
rich	28
rida	28
rij	28
rio	28
riper	28
risorsis	28
ritarn	28
rochak	28
rojindi	28
rojna	28
rokai	28
rokanna	28
rokay	28
rokayela	28
roma	28
romaniyama	28
roshni	28
rotali	28
royal	28
rudolf	28
rupavti	28
rusi	28
sabase	28
sabathna	28
sabhyona	28
sadabahar	28
safalatana	28
safaltae	28
safari	28
sahaso	28
sahayta	28
sahbhagio	28
sahityano	28
sahiyari	28
saifar	28
saiyadna	28
samacharma	28
samagrino	28
samaje	28
samant	28
samasyaono	28
samavayi	28
sambhadya	28
sambhalavi	28
sambhalay	28
samgrio	28
samikshao	28
samjayu	28
sampattini	28
samrajye	28
samrajyo	28
samrpan	28
samudrano	28
samudrathi	28
sanam	28
sande	28
sandeshani	28
sandeshavyavahar	28
sangathanne	28
sangathanoe	28
sangharshne	28
sanghrshma	28
sangrahalayna	28
sanhitama	28
sankale	28
sankali	28
sankalvama	28
sanketlipini	28
sankhyaona	28
sanosra	28
sanshleshan	28
sanshodhanama	28
sansmarano	28
sansthagat	28
sansthe	28
santshri	28
sanyojit	28
sao	28
saoundtrak	28
sapraman	28
saptaho	28
saradare	28
sarahna	28
sarakhavi	28
sarave	28
sare	28
sarhade	28
sarjata	28
sarjati	28
sark	28
sarkas	28
sarovarni	28
sarpakar	28
sarpna	28
sarvalo	28
sarvasamanya	28
sarvbhaumatva	28
sashakt	28
sasla	28
saspensana	28
satkar	28
satlasna	28
satpuda	28
satrama	28
satsang	28
sattanu	28
satva	28
satyagrahni	28
satyana	28
satyano	28
sava	28
savarkar	28
savarkundla	28
savarma	28
savcheti	28
savishesh	28
sefti	28
seksyual	28
seloan	28
seltik	28
sensas	28
sevaono	28
shahjaha	28
shakbhajini	28
shakh	28
shaktima	28
shalaoni	28
shalya	28
shanghai	28
shantipurn	28
sharanagati	28
sharire	28
shasake	28
shastragar	28
shastriji	28
shatal	28
shauchalay	28
shefild	28
sherio	28
shikarna	28
shikhava	28
shikhoni	28
shikhvava	28
shipyard	28
shivajina	28
shivpuri	28
shlokma	28
shodhno	28
shodhta	28
shodhvano	28
shogun	28
shop	28
shreshtam	28
shuddhi	28
shuddhikaranni	28
shukal	28
shunyavkash	28
sibies	28
sidhdhapur	28
silka	28
simama	28
simani	28
simant	28
simyuleshan	28
singar	28
sino	28
sipahione	28
sipiyu	28
sitaram	28
sitijh	28
sivan	28
skauts	28
smithsoniyan	28
snehrashmi	28
snuker	28
sofiya	28
softver	28
soja	28
somvare	28
sonal	28
sopari	28
spardhako	28
spardhanu	28
sparshi	28
spashtikaran	28
stanpan	28
steshans	28
steshne	28
sthalone	28
sthambh	28
sthanantar	28
sthitiman	28
stim	28
stritma	28
strom	28
style	28
suchkank	28
sudharani	28
sugam	28
suigam	28
sukhdev	28
sunavni	28
surdas	28
suryamandalna	28
suryano	28
suryathi	28
suryavanshi	28
sushupt	28
suta	28
suthar	28
sutrama	28
svamine	28
svargiy	28
svarupani	28
svarupone	28
svayamvarma	28
svit	28
tail	28
tamba	28
tanjhaniya	28
tanna	28
tarana	28
tarfe	28
tatvani	28
tatya	28
tekrioma	28
tekrioni	28
telangana	28
telent	28
tels	28
templar	28
tetar	28
tetlu	28
thailendama	28
thap	28
thapano	28
tharavo	28
tharmomitars	28
theravi	28
thodok	28
thomsan	28
tibetna	28
tina	28
tiraskar	28
toda	28
tole	28
tomi	28
topmaro	28
total	28
toyota	28
trafikne	28
travelers	28
trenne	28
trenni	28
turkeyma	28
turkie	28
turma	28
tvachana	28
ubhri	28
ucho	28
udano	28
udati	28
udbhavta	28
uddhyannu	28
udepur	28
udhyogone	28
udipak	28
udyanno	28
ujjad	28
ukeli	28
ulati	28
ullekhit	28
umare	28
umda	28
umreth	28
unghma	28
uniyted	28
unnati	28
upakla	28
upalabdhi	28
upanadi	28
upasak	28
upayogni	28
upbhog	28
upleta	28
upnishad	28
urjanu	28
urvashi	28
ushnaktibandh	28
ushnta	28
uthavva	28
utpadnonu	28
utsarjanma	28
uttejna	28
vachma	28
vadane	28
vadharta	28
vadharyo	28
vadilal	28
vagadi	28
vagadyu	28
vaghna	28
vah	28
vahanonu	28
vaidhanik	28
vajpeyi	28
vakilo	28
vallabhipur	28
valvani	28
valyo	28
vanchta	28
vanraj	28
vanshe	28
vanshni	28
vansna	28
vaprashne	28
varda	28
vargno	28
varmontani	28
varshnu	28
vartamanama	28
vartani	28
vartaonu	28
vartulna	28
vasanma	28
vaso	28
vastivishyak	28
vataghatono	28
vatavaranmanthi	28
vatnu	28
vatta	28
vavna	28
vayuona	28
vazir	28
vebsaitni	28
vedhak	28
vera	28
vibhavana	28
vibhavnao	28
vicharona	28
vicharvama	28
vichitraviry	28
vidarbh	28
vidheyak	28
vidhyarthine	28
vidisha	28
vidyutbhar	28
vigyanna	28
vijadina	28
vikasati	28
vikasavavani	28
vikasavya	28
vikasnu	28
vikherai	28
vikhuta	28
vikli	28
vikramne	28
vikreta	28
vimanmathak	28
vimanone	28
vimanoni	28
vinantine	28
vinashkari	28
visfotak	28
vishayonu	28
vishhayona	28
vishleshanatmak	28
vishnuno	28
vishuvvrutiy	28
vityu	28
vivekanande	28
viyetnamma	28
voldemort	28
volkenik	28
vont	28
voyejar	28
vrudhdhina	28
vrudhdhini	28
vudsane	28
vul	28
vyajabi	28
vyaktivachak	28
vyapi	28
vyasan	28
vyasna	28
vyavaharma	28
vyavaharo	28
vyavasthanu	28
vyavsayne	28
yadu	28
yajurved	28
yashoda	28
yavatmal	28
yel	28
yogni	28
yojata	28
yojayu	28
yorkar	28
yudhishthire	28
yukti	28
yunisef	28
yunivarsitine	28
yusuf	28
zaghdo	28
aachar	27
aachran	27
aadhyatmikta	27
aafrikano	27
aafrikathi	27
aagahio	27
aagam	27
aagava	27
aahvan	27
aaipisisi	27
aaityuns	27
aakadama	27
aakalan	27
aakaro	27
aakarshva	27
aakramanna	27
aakramanni	27
aalpain	27
aamne	27
aanandna	27
aanandpur	27
aanchka	27
aanchki	27
aankdashastra	27
aankvama	27
aantrashtriy	27
aanushangik	27
aapa	27
aapatti	27
aaras	27
aarasna	27
aarkiyolojikal	27
aarogyane	27
aaropsar	27
aartharna	27
aartsama	27
aashanka	27
aatmakthama	27
aatmanu	27
aatmavishvas	27
aavakvera	27
aavavathi	27
aayodin	27
abajo	27
abaut	27
abhang	27
abhas	27
abhayaranyani	27
abhigamama	27
abhigamne	27
abhinayna	27
abhinetrio	27
abhyasnu	27
achhandas	27
acid	27
adams	27
adhikarik	27
adhikarna	27
adhikaroni	27
adhikshak	27
adhura	27
adhuro	27
adil	27
adini	27
adino	27
afva	27
agiyarmo	27
agnan	27
agnima	27
ahevaloma	27
ahinna	27
ahom	27
ajgar	27
ajharbaijan	27
akabare	27
akale	27
akhtar	27
akshamta	27
alankaran	27
alhabad	27
alina	27
amaro	27
americae	27
amirgarh	27
amlikranni	27
ampayar	27
anandni	27
andajpatra	27
andarnu	27
andartekarne	27
andhikrut	27
ani	27
anichchha	27
anidar	27
anjani	27
antarthi	27
antena	27
anuyayioe	27
apagred	27
aparadh	27
apload	27
apradhi	27
apradhio	27
aprasar	27
araj	27
arajakta	27
arbima	27
ardhalashkari	27
arebiyan	27
arjunno	27
asantrupt	27
asarni	27
asarno	27
ashutosh	27
ashvin	27
asvasth	27
at	27
athavadiyana	27
athmo	27
atkavvani	27
atkavvano	27
atke	27
atmana	27
atul	27
atyadhik	27
atyadhunik	27
avadhi	27
avajno	27
avalamban	27
avastavik	27
avavama	27
avishvasaniy	27
avkashna	27
avtarno	27
avyav	27
babtonu	27
bachavo	27
bachavvama	27
bachavvano	27
bachchao	27
badalato	27
badhe	27
badpanni	27
badtan	27
badvakhorona	27
bahenne	27
baheram	27
baherin	27
bahudha	27
bahumat	27
bahumtithi	27
baibalma	27
bajarmathi	27
bajumanthi	27
bajuno	27
bakara	27
bakor	27
balakni	27
balakno	27
baline	27
baluchistan	27
balvant	27
banavatani	27
banavayel	27
banavayo	27
banda	27
bandarno	27
bandhankarta	27
bandharanno	27
bandhava	27
bandhavya	27
bandhay	27
bandhayelo	27
bandhkamno	27
bandhya	27
bangadio	27
bangladeshmathi	27
bannar	27
bantva	27
barabari	27
bare	27
bareli	27
baring	27
barkashayar	27
barmama	27
barn	27
barnars	27
basni	27
bavad	27
bavan	27
bayo	27
bayoloji	27
beg	27
beijingna	27
bekhamne	27
bekre	27
belna	27
belni	27
bendano	27
benglore	27
benkane	27
besadi	27
besilika	27
bhadar	27
bhadrambhadra	27
bhagrup	27
bhagva	27
bhaiona	27
bhajapana	27
bhane	27
bharaya	27
bharoso	27
bharta	27
bhartiyoe	27
bhashaone	27
bhatriji	27
bhattani	27
bhavyata	27
bhayajanak	27
bhejvadi	27
bhensan	27
bhima	27
bhimni	27
bhimrav	27
bhingada	27
bhojanama	27
bhramak	27
bhuchar	27
bhujthi	27
bhuri	27
bhustar	27
bhustariy	27
bhustarshastra	27
bhuvneshvari	27
bigals	27
bijathi	27
bijne	27
bijno	27
bilirubin	27
bimarithi	27
bismil	27
biya	27
blogs	27
boardni	27
bojhe	27
bokaro	27
bold	27
bolivudna	27
bolvu	27
bombema	27
bombena	27
bopal	27
bording	27
boston	27
brahmaji	27
brahmanoe	27
braujhars	27
bredmenna	27
bredmenne	27
bredmenni	27
britenni	27
brod	27
buffet	27
bukar	27
buland	27
bundelkhand	27
bunkar	27
bust	27
calcium	27
campma	27
cartun	27
casoti	27
cathan	27
chabutro	27
chadar	27
chadavvama	27
chadhi	27
chahakone	27
chaitya	27
chakasi	27
chakrathi	27
chakravato	27
chalakati	27
chalanni	27
chalatu	27
chalvalnu	27
chalvani	27
chamakdar	27
chamoli	27
champa	27
chanakya	27
chanasma	27
chandma	27
charit	27
chariti	27
charitrakar	27
charlie	27
charlsana	27
charthi	27
chatur	27
chaturthansh	27
chaudami	27
chaudamo	27
chaudash	27
cheplinne	27
chet	27
chhantkav	27
chhinavi	27
chhodata	27
chhodavi	27
chhupavava	27
chhutchhat	27
chilima	27
chintak	27
chintanatmak	27
chitradurg	27
chitrakala	27
chitrankan	27
chitt	27
chittodgadh	27
chodyo	27
chois	27
chokhano	27
chokhkho	27
chopdi	27
chotaraf	27
chuan	27
chukvi	27
chuntanini	27
clubnu	27
comeondov	27
community	27
cubalt	27
cuk	27
dabalyuecho	27
dabanno	27
dabavine	27
dabba	27
dadano	27
dadona	27
daitya	27
dakhvi	27
dakshinpurviy	27
dalma	27
danadar	27
danav	27
dareke	27
dari	27
dariyakinarana	27
daruno	27
darunu	27
darvarshe	27
dasama	27
dashmo	27
daskama	27
dast	27
dayakaothi	27
decembar	27
dehant	27
depo	27
dera	27
derasro	27
desert	27
det	27
detano	27
detroj	27
deve	27
devgan	27
devone	27
dhad	27
dhagalo	27
dhaja	27
dhankayeli	27
dhanushya	27
dharai	27
dharama	27
dharavvani	27
dharmona	27
dharnane	27
dharya	27
dhatune	27
dhodhni	27
dhrone	27
dhrpad	27
dhvivedi	27
dhyanani	27
diagram	27
didi	27
difendar	27
dijhainne	27
dijhainno	27
dijhital	27
dijhnie	27
dikario	27
dilhine	27
dipika	27
dipluma	27
dipresanna	27
dirghakalin	27
disembare	27
dish	27
dishani	27
disorder	27
divain	27
divaisis	27
divma	27
dogs	27
dordu	27
dorvani	27
dorya	27
dotkom	27
drashtikonne	27
dravyaman	27
drive	27
droing	27
duck	27
dudhi	27
durbin	27
duri	27
dursanchar	27
duryodhne	27
dushmanne	27
dvadashi	27
dvarf	27
dvavan	27
dvipo	27
dvon	27
dyual	27
edmand	27
edvans	27
efsi	27
egriment	27
eid	27
eji	27
ejyukeshnal	27
ekaki	27
ekalu	27
eke	27
ekjhost	27
eklavy	27
ekna	27
ekrar	27
ektiv	27
ekvis	27
elekatroniks	27
elekjhandriyama	27
elijhabethne	27
emechyor	27
emithist	27
enbiespi	27
enbisi	27
enjals	27
enjilas	27
entibayotik	27
entoniyo	27
erabse	27
erena	27
eris	27
eriyal	27
eriyama	27
erlainsana	27
esisi	27
esti	27
eston	27
ethnik	27
europnu	27
evrej	27
fadke	27
failma	27
fails	27
falait	27
falona	27
faloni	27
fandma	27
fandni	27
fands	27
faras	27
faratu	27
farmma	27
fatakari	27
fatakarine	27
fato	27
faydao	27
februarie	27
februaryma	27
felavani	27
fenkva	27
fensi	27
ferari	27
fervine	27
fifth	27
fijhishiyan	27
fiks	27
filadelfiyana	27
filmoe	27
filtara	27
filter	27
fingar	27
fir	27
flaits	27
flet	27
florens	27
forbse	27
forms	27
forsis	27
forth	27
franceni	27
fred	27
frenchaijhing	27
frut	27
fu	27
fugavane	27
futbolma	27
futki	27
gadina	27
gadine	27
gae	27
gambhirta	27
gamomanthi	27
gamona	27
gandhak	27
gangane	27
ganj	27
garaj	27
garamima	27
garbhagruh	27
garbi	27
garg	27
garibima	27
gariyadhar	27
garmini	27
gatini	27
gaur	27
gayelo	27
geleksi	27
gelerima	27
gemna	27
gemni	27
geng	27
geranti	27
gerkayde	27
gersamaj	27
gesolin	27
ghadiyadni	27
ghadiyalna	27
gharne	27
gharoni	27
ghasni	27
ghatakoni	27
ghatatu	27
ghatma	27
ghatna	27
ghatyu	27
ghaunni	27
ghauno	27
ghodana	27
ghodane	27
ghodao	27
ghodesavar	27
ghodi	27
ghumali	27
ghummat	27
gil	27
girana	27
girnarani	27
gitonu	27
glaidar	27
gnyanane	27
gnyati	27
gompa	27
gop	27
gopalganj	27
gopaniyata	27
gota	27
grafikal	27
grahna	27
grahona	27
gramjano	27
granthasth	27
granthne	27
granthono	27
groth	27
gruhini	27
gu	27
gudganv	27
gujjubhai	27
gul	27
gulabni	27
gunama	27
gunao	27
gunvattayukt	27
guptata	27
guptchar	27
gustav	27
hadpinjar	27
hakdar	27
halanachalan	27
halava	27
halchal	27
halk	27
halko	27
hana	27
hanumanaji	27
haraji	27
harbal	27
harij	27
hasta	27
hastaprat	27
hatavva	27
hathna	27
havaimathko	27
hedakvartar	27
helsinki	27
hembarg	27
hen	27
hijri	27
himvarsha	27
hinduone	27
hinsana	27
hita	27
hitma	27
hodio	27
holdina	27
holina	27
honduran	27
horn	27
hotalma	27
hotaspot	27
hotelma	27
hud	27
huk	27
humalaone	27
humayune	27
huna	27
hune	27
huvar	27
hyuj	27
ifekt	27
ijiptama	27
iko	27
ilektrod	27
ilektroniksa	27
imaratno	27
imaratnu	27
imaratoni	27
imdi	27
imfal	27
inamo	27
inar	27
indanu	27
indhanna	27
indiyae	27
indiyanani	27
indiyans	27
indrae	27
indraprasth	27
indu	27
indulal	27
inglendano	27
inke	27
instityushan	27
insyorans	27
intarvyu	27
intelni	27
iomi	27
iomie	27
irada	27
iranni	27
ise	27
isi	27
it	27
italini	27
itihasvid	27
jackmen	27
jadav	27
jadidar	27
jadsthad	27
jadve	27
jag	27
jage	27
jagrat	27
jagyo	27
jahajma	27
jaheratoma	27
jaherkhabro	27
jakadi	27
jakarta	27
jalpaigudi	27
jamaikan	27
jamana	27
jambudiya	27
jame	27
jamindaro	27
jamnalal	27
jamno	27
janavata	27
janavel	27
janaya	27
janglona	27
janie	27
janino	27
jankshan	27
janmajayanti	27
janoi	27
janretar	27
jantunashko	27
janvu	27
janya	27
janyuarithi	27
jar	27
jarjarit	27
jarmanino	27
jarsina	27
jaruriyatni	27
jatin	27
jatma	27
jatra	27
jatthana	27
javallej	27
javanijh	27
javaskript	27
jefarsan	27
jeki	27
jelam	27
jeli	27
jemini	27
jenrik	27
jeone	27
jesar	27
jhagadia	27
jharnu	27
jidipi	27
jietiti	27
jitma	27
jitvani	27
jivti	27
jokhamane	27
jokhamni	27
jokhamnu	27
jokhmone	27
joni	27
josh	27
joti	27
journey	27
junagadhama	27
junana	27
juthane	27
jyorj	27
jyotish	27
jyotishshastra	27
jyuls	27
kabaja	27
kabajiyat	27
kadvi	27
kafi	27
kag	27
kagadni	27
kaheto	27
kahevto	27
kalaji	27
kalas	27
kalelkar	27
kalin	27
kalio	27
kalki	27
kalno	27
kalp	27
kalpanane	27
kalupur	27
kamagirinu	27
kamanasibe	27
kamane	27
kamar	27
kamarshiyal	27
kamase	27
kamdev	27
kampniono	27
kampnionu	27
kampojhar	27
kampyutro	27
kanma	27
kanyao	27
kapat	27
kape	27
kapot	27
kapva	27
karachima	27
kararno	27
karavera	27
karina	27
karishu	27
karmcharioni	27
karmono	27
karnaraone	27
karnarni	27
karnaro	27
karpet	27
kartar	27
kartis	27
karyakramona	27
karyakramoni	27
karyashil	27
karyvahino	27
karyvahio	27
kashmirni	27
kastams	27
kataksh	27
katarlekhak	27
kathavastu	27
katibandhiy	27
katkhune	27
katokatino	27
kattar	27
kaun	27
kavioe	27
kavyitri	27
kayadaone	27
kaydesarna	27
kazakistan	27
keda	27
kel	27
kelavani	27
keliforniyani	27
kelsium	27
kelvani	27
kemikals	27
kempabel	27
kendrabindu	27
keneri	27
kensarma	27
kenvas	27
keralama	27
keralno	27
kerini	27
keshubhai	27
ketlany	27
kevdiya	27
khagolshastriy	27
khajuraho	27
khalva	27
khaman	27
khanagikaran	27
khanderav	27
khandno	27
kharbachadi	27
kharidya	27
khatani	27
khedyo	27
kheladioe	27
kheladiona	27
khenchai	27
khenchan	27
khenchata	27
khenchine	27
khili	27
khilji	27
khinapradesh	27
khiru	27
kholva	27
khristana	27
khunao	27
kil	27
kinarathi	27
kinesiyan	27
kingdomni	27
kingna	27
kishan	27
kishoravasthama	27
klintanna	27
klintanni	27
klum	27
kochina	27
kok	27
kolambas	27
kolamboma	27
kolejno	27
koloniyal	27
kompresar	27
konkordani	27
kontraktar	27
kopirait	27
korp	27
korporeshanne	27
koshikama	27
kosi	27
kotarakam	27
kox	27
kraft	27
kramankan	27
kramankni	27
krantima	27
kreol	27
krishna	27
krodhe	27
kroeshiyan	27
kronikal	27
krushnano	27
krutiona	27
krutione	27
krutya	27
kshamatanu	27
kshetrone	27
kudi	27
kudko	27
kulma	27
kulo	27
kumarpad	27
kuntine	27
kutara	27
kvibekni	27
kyoto	27
lad	27
ladhumati	27
ladvaiya	27
ladvanu	27
lagade	27
lagadine	27
lagan	27
laganione	27
lagatar	27
lagatu	27
lagav	27
lagavva	27
lagel	27
laghumatio	27
lahaul	27
lainne	27
lakadio	27
lakdamanthi	27
lakhanar	27
lakhelo	27
lakhtar	27
lambavavama	27
lambay	27
lamborginina	27
lankana	27
laos	27
lare	27
latviya	27
laukik	27
leik	27
lekhanma	27
lekhoni	27
lekin	27
lendar	27
lesbiyan	27
leteksh	27
levane	27
ligal	27
limitedna	27
liniyar	27
lipina	27
lipino	27
lisa	27
liti	27
livar	27
lohana	27
lohino	27
lohinu	27
loid	27
lokarpan	27
lokomathi	27
lokothi	27
loktantra	27
lotma	27
ludhiyana	27
machhalione	27
machhimar	27
madhi	27
madhyayug	27
madhymni	27
madresa	27
mafatma	27
magajne	27
magma	27
magti	27
magva	27
mahabli	27
mahakavi	27
mahamandi	27
mahanagarpalika	27
mahanubhavo	27
maharajae	27
mahasabhana	27
mahasagaro	27
mahatvane	27
maher	27
mahetano	27
mahilani	27
maikalna	27
maisurna	27
maithili	27
majabur	27
makbara	27
makmohan	27
malai	27
malhar	27
malkam	27
malkhama	27
mallika	27
malvathi	27
manapsand	27
manasnu	27
manavta	27
mandalana	27
mandan	27
mandlio	27
manhar	27
maniben	27
manjurini	27
manne	27
mannu	27
manosthiti	27
manse	27
manti	27
mantralayna	27
mantrimandalma	27
marche	27
marketing	27
marmik	27
marnoparant	27
marvel	27
mashinni	27
mastishk	27
matapitana	27
mathada	27
mathalu	27
mathani	27
matima	27
matrana	27
matrutva	27
mausam	27
mavo	27
meghpar	27
melavavo	27
melavvu	27
meleriya	27
melvnara	27
meni	27
meping	27
merilend	27
merino	27
merit	27
meritaim	27
meta	27
methemetikal	27
midiyam	27
midiyana	27
midlend	27
mijhorima	27
milanni	27
miler	27
minakshi	27
minepolisma	27
mishranama	27
misra	27
mitarma	27
mitho	27
mitre	27
modelna	27
modhu	27
modina	27
mohak	27
mokalavano	27
mokalavanu	27
monghu	27
monte	27
mortar	27
motama	27
motni	27
mrunalini	27
mrutdeho	27
muddaoni	27
mudivadi	27
mughlo	27
muhurt	27
mukavu	27
mukayela	27
mukela	27
mukeli	27
mukesha	27
mukhi	27
mukhpatra	27
mukvano	27
mukvo	27
mula	27
mulakatni	27
mulji	27
mulyona	27
mulyoni	27
mumbinu	27
mumtajh	27
munie	27
murt	27
murtina	27
nabdu	27
nablaio	27
nadalne	27
nadioni	27
nagarpalikao	27
nagli	27
naijiriya	27
nain	27
naisargik	27
najarma	27
najhivad	27
najiva	27
nakarvama	27
nakho	27
nala	27
namarta	27
namdev	27
nanama	27
nandini	27
narsinhrav	27
nasana	27
nastama	27
natakno	27
natakoni	27
nate	27
nathu	27
nau	27
naukao	27
navalram	27
navembare	27
navlakthanu	27
navratrina	27
navtar	27
nayro	27
nebraskama	27
nerude	27
nhanalal	27
nibhave	27
nikasma	27
nikat	27
nikhil	27
nimvama	27
nirbharta	27
nirjiv	27
nirmanno	27
nirvasit	27
nisan	27
nisantan	27
nitino	27
nitrogen	27
niyantrak	27
niyantranna	27
nizamuddin	27
nors	27
norveni	27
nots	27
nukshankarak	27
nuvel	27
nyayalayma	27
nyayni	27
oalakhan	27
obame	27
odakhavvama	27
odakhne	27
ofisni	27
ojhi	27
oklahomama	27
oklendama	27
olimpikma	27
onli	27
opning	27
opreshnal	27
opretiv	27
opshan	27
optik	27
ordana	27
orlandoma	27
orlandoni	27
orliyans	27
ostreliye	27
otoman	27
oushadh	27
oval	27
ovarni	27
ozonana	27
pachvama	27
padakhe	27
padarthno	27
paday	27
padayu	27
padbhrasta	27
paddhationi	27
paddhti	27
padno	27
paglane	27
pahala	27
pahelae	27
pahele	27
pahereli	27
pahervanu	27
paherya	27
pahonchela	27
paisani	27
pakistanne	27
pakistanno	27
pakistannu	27
pakshnu	27
pakshone	27
palatnoe	27
palika	27
paliyao	27
palkhi	27
palta	27
palvama	27
panchag	27
panchayati	27
panche	27
panchmi	27
pancholi	27
pandavono	27
panipuri	27
panjabni	27
pankhono	27
panktima	27
papad	27
papers	27
paradhinta	27
parakhi	27
paramhans	27
parashuram	27
parasio	27
pareshan	27
parikshano	27
parikshit	27
parimano	27
parinamasvarupe	27
parinamrupe	27
parishadnu	27
parishde	27
parishisht	27
paristhitinu	27
paristhitione	27
parjivi	27
parkana	27
parmatma	27
parnya	27
parsanaliti	27
partanarship	27
partyne	27
pasandgine	27
pasandgiyukt	27
pashudhan	27
pashuone	27
pashvim	27
pasport	27
patada	27
patalma	27
patanjali	27
patharma	27
patharnu	27
pathhn	27
pathrayelu	27
patiala	27
patiyu	27
patma	27
pavanna	27
payoniyar	27
paython	27
ped	27
performance	27
perisni	27
peshavar	27
peshve	27
petni	27
phont	27
piaio	27
pidh	27
pidi	27
pidito	27
piditone	27
pigne	27
pigs	27
piknik	27
piksel	27
pilani	27
pindari	27
pink	27
pipavav	27
pitano	27
pitru	27
plajhma	27
plantani	27
plastikna	27
playback	27
plen	27
plenet	27
plesteshan	27
pochi	27
polandma	27
poli	27
popyular	27
portfolio	27
poshako	27
pot	27
prabhashankar	27
prabhat	27
prabhavthi	27
pradarshanni	27
prag	27
praim	27
prajama	27
prajationi	27
prakand	27
prakshepit	27
pramanbhutta	27
pramanikaran	27
pramanpatro	27
pramod	27
pramukho	27
prantno	27
prapautra	27
prarup	27
prashansak	27
prashansako	27
prashnarth	27
pratapgadh	27
prathane	27
pratihar	27
pratikraman	27
pratiksha	27
pratipadit	27
pratispardhine	27
pratyaghat	27
pratyutar	27
pravartati	27
praveshyo	27
pravrutt	27
prayamri	27
prayasoma	27
prayatnma	27
premchand	27
premio	27
premno	27
prerya	27
prinsipal	27
pritilta	27
priyanka	27
programno	27
projekto	27
prostet	27
protokolo	27
prototaip	27
prushthabhumima	27
pruthkaran	27
puchhta	27
pulo	27
pulp	27
puname	27
punarvasan	27
punchh	27
punragaman	27
punupyogma	27
puravni	27
pure	27
purni	27
purushni	27
pushpo	27
rachananu	27
rachanatmak	27
rachata	27
rachayita	27
racheli	27
radiyo	27
rahasymay	27
rahasyvadi	27
rahenak	27
rahsyamay	27
rajan	27
rajaram	27
rajgopalachari	27
rajistresan	27
rajvadanna	27
rajvanshni	27
rajvio	27
rajyasbhama	27
rakhaya	27
rakhti	27
ralf	27
ramapra	27
ramatotsav	27
ramatvir	27
ramdevpir	27
rameshvaram	27
ramine	27
ramniya	27
ramprasad	27
ramzan	27
ranar	27
ranave	27
ranchi	27
randhine	27
rangbhed	27
rangona	27
rangthi	27
raning	27
rashtrasandh	27
rasno	27
ratanpur	27
ratrie	27
ratrini	27
rautars	27
rayan	27
raydhan	27
regyuletri	27
rejimentano	27
rejimente	27
rekard	27
rekhani	27
rekordajh	27
rem	27
renjars	27
renoni	27
rep	27
retrikni	27
rev	27
revti	27
rhadayna	27
rhadayni	27
riban	27
risk	27
ritbhat	27
ritni	27
riva	27
robinsan	27
rodham	27
rogapratiraksha	27
rogi	27
rojbarojna	27
rokano	27
rokvano	27
romaniyani	27
ronaldoe	27
rotari	27
rudhi	27
rudhirabhisran	27
rudranath	27
rue	27
rugvedna	27
rujh	27
rul	27
rule	27
runvati	27
rushini	27
ruts	27
sabar	27
sabhar	27
sabhyane	27
sabhyatana	27
sachavava	27
sachivalay	27
sadhanani	27
sadhansamagri	27
sadhyo	27
sagarma	27
sagarna	27
sahastrabdi	27
sahebni	27
sahelethi	27
sahu	27
sainikono	27
sajani	27
sajavvama	27
sakal	27
sakriypane	27
sakriyta	27
salahthi	27
salamatini	27
salfet	27
salun	27
samajsevak	27
samasta	27
samavata	27
samaykalma	27
sambandhio	27
sambhale	27
sambodhanma	27
samelgiri	27
samghan	27
samjavani	27
samny	27
sampadako	27
sampattinu	27
samrajay	27
samshitoshna	27
samta	27
samudaye	27
sanbhdta	27
sanbhdvama	27
sanchejh	27
sandarbhoma	27
sandhima	27
sandhina	27
sandhio	27
sandip	27
sandra	27
sangathanna	27
sangathhanna	27
sangthit	27
sangyao	27
sani	27
sankalayelo	27
sankalpna	27
sankshepma	27
sannyasi	27
sansadsabhya	27
sansarma	27
sanshodhnatmak	27
sanskarnoma	27
sanskaro	27
sanskrutithi	27
sansthaonu	27
santos	27
santoshva	27
santusht	27
sanvedi	27
sanvidhan	27
sapne	27
sapno	27
saradaro	27
saran	27
saravaiya	27
sardarne	27
sarhadi	27
sarjanni	27
sarjanoma	27
sarjayo	27
sarkhej	27
sarkho	27
sarmukhtyar	27
sarovarma	27
sarovarna	27
sarsvat	27
sarvala	27
sarvarno	27
sarvsanmtithi	27
sarvvyapi	27
sastu	27
sattavalao	27
satvahan	27
sayan	27
saybar	27
saypras	27
seasonma	27
selin	27
selshiyas	27
semikandaktar	27
senao	27
sendi	27
senetma	27
senna	27
sentigred	27
serverne	27
sesil	27
seting	27
setni	27
sevabhavi	27
seve	27
shahar	27
shaheromannu	27
shaheromanthi	27
shaktinu	27
shalae	27
shalano	27
shalaona	27
shamak	27
shankaracharyae	27
shankha	27
shanpun	27
sharada	27
sharanarthio	27
sharmae	27
sharnai	27
shasakone	27
shastrana	27
shatrudhn	27
shatrunjay	27
shayar	27
shayda	27
shekela	27
shekine	27
sheroni	27
sherpoint	27
shetrunji	27
shikario	27
shikhona	27
shil	27
shilalekhoma	27
shilong	27
shilpi	27
shinde	27
shirachchhed	27
shivalay	27
shivmandir	27
shiyrarne	27
shmit	27
shodhai	27
shodhnibandh	27
shodhyo	27
shonu	27
shravy	27
shrivastav	27
shrungar	27
shrunkhla	27
shveta	27
shyama	27
siddharaje	27
sienen	27
sikal	27
sikval	27
sinemana	27
singhne	27
singhni	27
sipisi	27
siramik	27
sisodiya	27
sistamna	27
skand	27
skuls	27
skvodran	27
smithna	27
snov	27
sodam	27
sodha	27
softaverni	27
sogado	27
sojitra	27
solankie	27
soloman	27
somaliya	27
somvar	27
son	27
sonpai	27
sonpayu	27
spardhano	27
sprey	27
stab	27
stardast	27
stariya	27
ste	27
stem	27
stending	27
steshanna	27
stetistiks	27
sthalono	27
sthalthi	27
sthanoma	27
sthapatyana	27
sthioma	27
sthitisthapakata	27
sthul	27
sthulta	27
stokhom	27
strakchar	27
strionu	27
strip	27
strotoma	27
subhashbabu	27
subramanyam	27
suchavva	27
sudharane	27
sudhare	27
sudharel	27
sudhir	27
suez	27
sukumar	27
sukvine	27
sultane	27
surakshama	27
surendranath	27
surkhab	27
sutar	27
sutrapada	27
suvyavasthit	27
svachalit	27
svajhi	27
svano	27
svargni	27
svarupono	27
svasthyane	27
svaymsanchalit	27
sveden	27
svidanma	27
svidenma	27
sviming	27
svinga	27
svisa	27
svitjharlendama	27
tabla	27
tadu	27
tagorna	27
taili	27
taitals	27
taivanma	27
tajna	27
takati	27
takhallus	27
taknikna	27
takrar	27
talala	27
talati	27
taleti	27
talimma	27
talimni	27
talukaono	27
tamamne	27
tamilma	27
tanka	27
tao	27
tapasni	27
tapka	27
tapmanane	27
tarah	27
taranga	27
taraoni	27
tarbocharjd	27
tarkibo	27
tarto	27
tatsth	27
tatvarti	27
taunship	27
tavarikh	27
teb	27
tehri	27
teks	27
teksasma	27
teksasna	27
telephonni	27
telescope	27
telikamyunikeshan	27
telivijhanna	27
telni	27
telno	27
tenesima	27
terentino	27
tev	27
thag	27
thane	27
thapan	27
thapko	27
thare	27
thayani	27
thayanu	27
theaterma	27
thiji	27
thiyetar	27
thiyosofikal	27
thrilar	27
tibeti	27
tikano	27
tikatmak	27
tikitna	27
timone	27
tipa	27
tiranthkaro	27
tirthasthal	27
tirthasthan	27
tne	27
tod	27
tokiyo	27
toli	27
topkhana	27
topology	27
toponi	27
tornedo	27
toronto	27
trank	27
trejhri	27
trend	27
trijana	27
trije	27
triputi	27
trivedie	27
trofima	27
tukadio	27
tukdima	27
tukdione	27
tuna	27
turkamenistan	27
turkima	27
turna	27
tvachani	27
tvit	27
tyagi	27
uanalu	27
ubheli	27
uddan	27
uddhav	27
udhog	27
udhogni	27
udhyanama	27
udhyanani	27
udine	27
udnakhtola	27
udyogona	27
umerya	27
umravo	27
umti	27
unai	27
unchaina	27
unni	27
unno	27
upakranni	27
upanishhado	27
uparvasma	27
upkhandni	27
upkrame	27
upsarg	27
upyogkartao	27
urduma	27
urugve	27
ustada	27
utaravama	27
utare	27
utarine	27
utarpurva	27
utarvani	27
utaryo	27
utpadnone	27
utran	27
utsahit	27
utsavni	27
uttara	27
uttarpurvama	27
vacha	27
vachano	27
vadatal	27
vadhavathi	27
vadhuna	27
vadna	27
vadvama	27
vagad	27
vagadavama	27
vagarno	27
vaghar	27
vahana	27
vahelu	27
vahenchayel	27
vahivatni	27
vaidak	27
vaidhya	27
vaishnavo	27
vaishvikaranna	27
vaiyktik	27
vakhnay	27
vakpati	27
vakra	27
valtarni	27
valyu	27
vanaspatishastri	27
vanche	27
vanchvama	27
vandan	27
vangine	27
vanni	27
vanshano	27
vanshma	27
vansni	27
vaparatu	27
vaparayeli	27
vaprashkartana	27
vaprashkartani	27
varchyualaijheshan	27
vardhman	27
varnit	27
vartamanapatra	27
vartamanapatro	27
vartaoni	27
vasahtoma	27
vasantma	27
vasatino	27
vasna	27
vastivala	27
vastuno	27
vastuoma	27
vastupal	27
vasulat	27
vataghatkaro	27
vatnio	27
vavanu	27
vayasko	27
vayral	27
vayunu	27
vechine	27
veit	27
velavadar	27
velesli	27
veparno	27
veparnu	27
veran	27
veri	27
vibhagone	27
vicharothi	27
videshio	27
videshna	27
vidhruvikran	27
vidhyapithana	27
vidhyarthioma	27
vigyanano	27
vihin	27
vijayne	27
vijayvada	27
vikasave	27
vikramajnak	27
vilis	27
vils	27
vilupt	27
vimana	27
vimanama	27
vimanne	27
vinantithi	27
vinas	27
vindhy	27
viniyog	27
vintar	27
visavbharna	27
vishakhapatnam	27
vishakhapattanam	27
visheshadhikar	27
vishrami	27
vishvamitri	27
vishvbharna	27
vitave	27
viththal	27
vitu	27
vivadh	27
vivadne	27
vivash	27
vivechanatmak	27
viyetanam	27
vokar	27
voles	27
volsama	27
vonted	27
vorant	27
vrukshona	27
vudi	27
vumans	27
vushu	27
vyaparma	27
vyaparna	27
vyavaharu	27
vyavasayana	27
vyavasayiko	27
vyavsthana	27
vyavsthane	27
vyavsthao	27
vyutpanna	27
yadvo	27
yagyama	27
yatharth	27
yatrae	27
yatrana	27
yatrao	27
yogini	27
yojaya	27
yuenna	27
yugalo	27
yugthi	27
yukena	27
yunaitede	27
yuniti	27
yuropi	27
zukav	27
zumbeshama	27
aabohavani	26
aadasaro	26
aagmanthi	26
aagni	26
aahiro	26
aahvathi	26
aaiares	26
aaiensi	26
aaieso	26
aaifa	26
aaiif	26
aaiji	26
aaikon	26
aaisakrim	26
aajthi	26
aakarshay	26
aakri	26
aalbamni	26
aalochak	26
aalu	26
aamalina	26
aamto	26
aan	26
aanandiben	26
aanjna	26
aankhani	26
aanklav	26
aantarvigrah	26
aapghat	26
aarbisi	26
aarbo	26
aarkansas	26
aarmastrong	26
aarmie	26
aarogyana	26
aaropone	26
aarpar	26
aarsenal	26
aas	26
aasan	26
aashish	26
aasvad	26
aatank	26
aatankvadne	26
aatlo	26
aatmao	26
aavakne	26
aaveg	26
aavruttini	26
aavruttinu	26
aayanmargo	26
aayano	26
aayati	26
aayniy	26
aayogna	26
aayojanma	26
aayojanni	26
abhinayne	26
abhivadana	26
abhiyanne	26
abhyasi	26
addhu	26
ade	26
adharm	26
adharmo	26
adharstambh	26
adhikarine	26
adhikarni	26
adhikarone	26
adhin	26
adhyakshata	26
advani	26
afaghanistanna	26
agadthi	26
agamanani	26
aganit	26
agauno	26
ahalyana	26
ahesas	26
ajamayashi	26
ajani	26
ajherbijan	26
akbarni	26
akhabaro	26
akhatama	26
akhbarma	26
aksharone	26
akshauhini	26
alba	26
alie	26
aloukik	26
altra	26
altravayoleta	26
amalsad	26
amanya	26
ambe	26
amdavadno	26
anandi	26
andharya	26
andhshraddha	26
anjir	26
anksho	26
anokho	26
antarani	26
antarne	26
antarno	26
antimvidhi	26
anubhavna	26
anubhavne	26
anurag	26
anusarava	26
anusari	26
anuyayioni	26
anyana	26
apang	26
aparna	26
apavva	26
apekshe	26
aprakashit	26
apripakva	26
apurnak	26
arjan	26
aryabhatt	26
asaf	26
asakti	26
asarona	26
asatya	26
ashakt	26
ashcharya	26
ashirvad	26
ashirvadthi	26
asli	26
asman	26
asthma	26
atankvadioe	26
atharvaved	26
athday	26
athvadiya	26
atkayat	26
atre	26
audyogikran	26
avagani	26
avarodho	26
avashyktao	26
avibhajit	26
aviksit	26
avinash	26
avrajvar	26
avtaro	26
ayan	26
ayodhyama	26
babylon	26
bachavma	26
badalatu	26
badalaya	26
badalta	26
badalya	26
badatkar	26
badavakhor	26
badmer	26
badthi	26
bafta	26
bagayati	26
bagdi	26
bagha	26
bahodo	26
bahuchar	26
bahumali	26
bahumukhi	26
baits	26
bajarnu	26
bajh	26
bajhar	26
bajrang	26
balaknu	26
balgeriyan	26
balk	26
balki	26
balne	26
balpanthi	26
balpurvak	26
balvan	26
balvani	26
bamani	26
banarsi	26
banavavu	26
banavayeli	26
banavdavyo	26
banavto	26
bandre	26
banke	26
barfila	26
bariya	26
barmijh	26
barminghamna	26
bavismo	26
bavlu	26
bebiloniyan	26
bedine	26
beijingni	26
bekteriyal	26
bela	26
belne	26
benkar	26
benkig	26
bermana	26
berojgar	26
beromitar	26
besan	26
besant	26
betdhar	26
bethakoni	26
beti	26
betsamenni	26
bhagana	26
bhagona	26
bhagono	26
bhagonu	26
bhagya	26
bhajveli	26
bhaktina	26
bhaktivedant	26
bhalo	26
bhalta	26
bhanavavama	26
bhandolna	26
bhandolni	26
bharatnatyam	26
bharatu	26
bharyo	26
bhashashastri	26
bhashathi	26
bhathiji	26
bhati	26
bhau	26
bhautikshastr	26
bhautikshastrana	26
bhavne	26
bhedi	26
bhejvalu	26
bhinar	26
bhintchitro	26
bhishmna	26
bhogavo	26
bhogve	26
bhojanani	26
bhramna	26
bhramnkshama	26
bhubhag	26
bhudan	26
bhukampma	26
bhukhamro	26
bhumina	26
bhumine	26
bhustarshastriy	26
bhuvan	26
bibisie	26
bibisini	26
bihaind	26
bijanu	26
bijapur	26
bijepi	26
bildingni	26
bilimorathi	26
biliyanna	26
bimarine	26
binsanpraydayik	26
biyar	26
blackburn	26
bled	26
bloging	26
boing	26
boj	26
boliviya	26
bolnar	26
boron	26
botal	26
boyajh	26
brahmanand	26
brahmanna	26
bramankaksha	26
branch	26
brasels	26
braune	26
breil	26
brendan	26
brisben	26
britishrone	26
buking	26
cabin	26
chadva	26
chaherana	26
chaildahud	26
chainijhma	26
chakrano	26
chala	26
chalanne	26
chalato	26
chalavya	26
chalvalne	26
chalvalni	26
chamachi	26
chamachidiya	26
chamada	26
chamak	26
chamatkarik	26
chandel	26
chandrano	26
chandro	26
chapai	26
chapamar	26
charchana	26
chaudas	26
chavvismo	26
chayan	26
chedethi	26
chelsiya	26
chempiyan	26
chempiyanshipsama	26
chepagrast	26
cheplinna	26
chepna	26
cheptar	26
chera	26
chermen	26
cherparsan	26
chhando	26
chhapi	26
chhathi	26
chhbio	26
chhevadana	26
chhodavana	26
chhodno	26
chhokarione	26
chhute	26
chido	26
chijvastuao	26
chinai	26
chintama	26
chintano	26
chitralekha	26
chitrone	26
chitta	26
chiz	26
chokio	26
chomasana	26
chonti	26
chopada	26
chotalal	26
chovismo	26
chukadane	26
chukavvi	26
chukvine	26
chukvya	26
chumbak	26
chunanda	26
chuntayeli	26
club	26
committina	26
dabalyutisi	26
dabanni	26
dablin	26
dablyudablyuef	26
dabu	26
dakorma	26
daksh	26
dalno	26
dalnu	26
daloma	26
dalpatbhai	26
dantno	26
darajjani	26
darakhastane	26
darbi	26
darekane	26
darekna	26
darekni	26
darmiyanni	26
darshavayo	26
darshavine	26
dasgupta	26
dau	26
davakhana	26
davedar	26
dayko	26
daynemik	26
dayoksaidnu	26
dekhadi	26
dekhito	26
dekhitu	26
dene	26
derek	26
derio	26
desaini	26
deshanikal	26
deshbhakt	26
deshbharna	26
deshono	26
designer	26
detagram	26
deti	26
devils	26
devliya	26
devne	26
devnu	26
devoni	26
devtani	26
dhakama	26
dhakelavama	26
dhamakio	26
dhamma	26
dharasabhama	26
dharashayi	26
dhardar	26
dharmoni	26
dharmshastra	26
dhartikampna	26
dharvad	26
dhimethi	26
dhiraj	26
dhoi	26
dhornone	26
dhuna	26
dhvajdand	26
dhvanina	26
dhyeyo	26
diesem	26
dilaks	26
dinesh	26
dio	26
direktars	26
dities	26
divalne	26
divetiya	26
divijhan	26
divijhanna	26
doab	26
doctorateni	26
doctoro	26
doda	26
dodata	26
dodati	26
dokyumentari	26
domeinma	26
dominik	26
drashyama	26
drav	26
dronachary	26
dudhala	26
dudhno	26
duhkh	26
dukhad	26
durghatnama	26
dvitiyna	26
early	26
ebaut	26
ebio	26
echapi	26
echtitipi	26
edidase	26
edvaijhri	26
edvenchars	26
ekamne	26
ekane	26
ekantama	26
ekasaman	26
ekat	26
ekedemik	26
ekhaththu	26
ekrupata	26
eksapresve	26
ekschenj	26
ekvismo	26
elarjan	26
elijhabethni	26
elivetar	26
emaiti	26
emanna	26
emji	26
enbie	26
ensi	26
entibayotiks	26
entiti	26
envayarmental	26
envayarnament	26
eoel	26
ep	26
epalna	26
epiai	26
eplikeshno	26
erar	26
eristotalna	26
eristotle	26
erlaine	26
ero	26
eronautics	26
erportani	26
esosieshanna	26
esosiyeshanna	26
europthi	26
evenyu	26
evieshan	26
eviyeshan	26
fa	26
fainals	26
fajhal	26
falano	26
fali	26
faravani	26
farbas	26
farjiyatpane	26
farjo	26
farnando	26
fatakada	26
fefsani	26
feravva	26
ferfarna	26
fervay	26
fijhiks	26
filmomanni	26
filmono	26
filosofikal	26
fiy	26
flay	26
floridana	26
fobos	26
folo	26
fostar	26
frends	26
fugavano	26
futbolna	26
gachchh	26
gadan	26
gadvani	26
gaganchumbi	26
gaj	26
gajhalsangrah	26
galteshvar	26
gamatu	26
gamdi	26
ganavta	26
gandaki	26
gandki	26
gangani	26
gangster	26
ganitma	26
ganitno	26
ganthai	26
garabo	26
garadan	26
garamine	26
gavani	26
gavata	26
gazalno	26
gejhetiyar	26
gel	26
geliliyo	26
gemne	26
gesni	26
getse	26
gharethi	26
gharno	26
ghatadvana	26
ghatananu	26
ghatnae	26
ghatnama	26
ghatnana	26
ghatno	26
ghatto	26
gherai	26
ghoghamba	26
gilbart	26
giridhar	26
giyar	26
gnatima	26
gokul	26
golardh	26
golne	26
golno	26
gopnath	26
goro	26
gothvai	26
gothvay	26
gothvva	26
grahone	26
granthani	26
granthonu	26
graphiksa	26
greg	26
grinvich	26
grishm	26
gruhmantri	26
gruho	26
grupne	26
gujratne	26
gumavava	26
gunanitanand	26
gunank	26
guntur	26
gvalior	26
haidrolik	26
haikort	26
haindbuk	26
hajaroni	26
haldi	26
hangri	26
hant	26
haravavama	26
haravyu	26
harve	26
hasrat	26
hastakna	26
hastaprato	26
hathani	26
hathini	26
havbhav	26
havda	26
helo	26
hemu	26
her	26
hetupurvak	26
hev	26
himnadio	26
hinsani	26
hiran	26
hirani	26
hisabi	26
hissane	26
hissanu	26
hitavah	26
hitone	26
hits	26
hokayantro	26
holivudna	26
homs	26
hoshiyar	26
hospitloma	26
hostane	26
hoth	26
hui	26
humalakhoro	26
hyustanni	26
icc	26
ichchhathi	26
iepi	26
ijana	26
ijaone	26
ijaro	26
ikvipment	26
ilaychi	26
ilektrik	26
imaratne	26
indamanthi	26
indhanni	26
indiama	26
indiyana	26
indre	26
infarkshan	26
ingalish	26
inglendna	26
inka	26
inshyorans	26
instityutma	26
instityutna	26
intarkontinental	26
internetno	26
introdakshan	26
irvin	26
islamni	26
isrel	26
istar	26
ithenol	26
jado	26
jadunath	26
jagatni	26
jagdish	26
jagyano	26
jagyanu	26
jaheratane	26
jailmanthi	26
jailna	26
jalaplavit	26
jalmarg	26
jalne	26
jalor	26
jamat	26
jambu	26
janavani	26
janjatina	26
janmeli	26
janralni	26
japano	26
jarmanine	26
jaruriyatna	26
jasus	26
jationo	26
javaya	26
javed	26
javi	26
jesal	26
jethava	26
jharkhandna	26
jhaverat	26
jhonsan	26
jhum	26
jibi	26
jigar	26
jignasa	26
jillaono	26
jindagima	26
jirn	26
jivanparyant	26
jivanuo	26
jivvignani	26
jivvigyan	26
job	26
jodie	26
jodto	26
johnson	26
jokhamano	26
jokhamkarak	26
joravar	26
jorhat	26
jugantar	26
julyma	26
jvar	26
jyotindra	26
kabeliyat	26
kacharana	26
kachu	26
kadhavani	26
kahevani	26
kailash	26
kajhiranga	26
kakori	26
kalakarni	26
kalakaroma	26
kalasik	26
kaline	26
kaliya	26
kaliyug	26
kalyani	26
kamai	26
kamakura	26
kamishanni	26
kamishne	26
kamitina	26
kamp	26
kanal	26
kandhar	26
kanektar	26
kanishkana	26
kanna	26
kanona	26
kansani	26
kanstrakshan	26
kantemparri	26
kantenar	26
kanth	26
kanthana	26
kanthani	26
kanto	26
kapadane	26
kapadni	26
kapadno	26
kapadu	26
kapara	26
karanane	26
karanoni	26
kararne	26
karavata	26
karavavi	26
kardinal	26
karigari	26
karkhanao	26
karkun	26
karmacharine	26
karmakand	26
karnali	26
karnatakni	26
karsho	26
karyalayma	26
karyona	26
karyono	26
kasim	26
kasrat	26
kathaona	26
kathod	26
katokatine	26
kaunsilma	26
kaurvona	26
kaydesarta	26
kefi	26
keliko	26
kenal	26
kendrikaran	26
keralnu	26
kesino	26
kesna	26
kesne	26
ketalakma	26
ketalo	26
kethalik	26
kethod	26
ketlakne	26
ketrina	26
khagolashastra	26
khanama	26
khandala	26
khanipini	26
khanpan	26
khansi	26
khant	26
khar	26
kharchno	26
kharekharma	26
kharide	26
khatara	26
khato	26
khenchvama	26
kher	26
khinmanthi	26
khisakoli	26
khodkamma	26
khuda	26
khurashi	26
kiki	26
kiling	26
kimant	26
kimmatne	26
kingdamthi	26
kingfishar	26
kisan	26
kism	26
kith	26
klinik	26
klintanne	26
kobra	26
kodne	26
kodno	26
koko	26
kolejnu	26
kolon	26
konan	26
kondomni	26
konkordana	26
kopa	26
koreganv	26
kornel	26
korpas	26
korporeshans	26
koshikani	26
koshikaone	26
koteshvar	26
kotha	26
kothamir	26
koti	26
krantine	26
kriptografi	26
kriyapratikriya	26
kroasia	26
krom	26
krupachary	26
krutine	26
krutini	26
krutioni	26
krutionu	26
kshano	26
kulin	26
kuling	26
kulno	26
kumarne	26
kumarpadna	26
kumarpale	26
kunvar	26
kupavada	26
kustibaj	26
kutir	26
kutiyana	26
kvartajh	26
kvolifaing	26
kyuri	26
labhdayi	26
lagavayo	26
lagevalge	26
lagnishil	26
laits	26
lakhanne	26
lakhanni	26
lakhanu	26
lakhati	26
lakjhari	26
lakkadkhod	26
lakshanoni	26
lakshma	26
lakshminarayan	26
lakshyama	26
lamborginie	26
lans	26
larsan	26
latif	26
lavta	26
layan	26
leaut	26
led	26
ledijh	26
lekhankary	26
lekhone	26
lempard	26
lex	26
lids	26
limda	26
lingni	26
lisi	26
liverpul	26
lohithi	26
lohiya	26
lohiyal	26
lokeshan	26
londaring	26
londonthi	26
lopejh	26
lotna	26
luni	26
luptapray	26
lyukemiya	26
machhligharni	26
madadanish	26
madana	26
madhyamoni	26
madhyamonu	26
madhyayugma	26
madhyayugna	26
madina	26
madiya	26
madrasma	26
mahajan	26
mahantam	26
maharashtrani	26
maharashtriyan	26
maharav	26
mahavishyalay	26
mahetane	26
mahilaono	26
mahol	26
maikalne	26
maikalni	26
maikroprosesara	26
maikrovev	26
maim	26
malakhanu	26
malakhao	26
malharrav	26
malikni	26
malkhagat	26
malkhani	26
malta	26
malvanu	26
mamata	26
mamlama	26
mamlatdar	26
mamuti	26
managero	26
manave	26
manavi	26
manavtavadi	26
mandlima	26
mangu	26
manniy	26
manno	26
mansinh	26
mansna	26
mansne	26
mansni	26
manthra	26
mao	26
marjin	26
markandey	26
markasa	26
marks	26
mashur	26
maskane	26
masni	26
masti	26
matabhedo	26
matapite	26
matchno	26
mathakthi	26
mathni	26
matinu	26
matrani	26
mekdonald	26
melao	26
melap	26
meldi	26
melvay	26
memu	26
menahtanna	26
mengenijh	26
mengrov	26
mesopotemiyama	26
mesopotemiyani	26
methad	26
miksd	26
milkto	26
minbatti	26
minitano	26
minral	26
misauri	26
mishanna	26
mitarathi	26
mitarno	26
mithano	26
mitrana	26
mitroni	26
moh	26
mojani	26
mokalta	26
moklo	26
montana	26
mora	26
moraraji	26
morokko	26
moskoma	26
mosmi	26
motethi	26
motibhai	26
mudbhut	26
muddaoma	26
mujabno	26
mujabnu	26
mukabla	26
mukablo	26
mukavanu	26
mukhyamantrio	26
muknar	26
mulshankar	26
mumbine	26
munda	26
musa	26
mushkeliono	26
myujhiyamna	26
myunisipaliti	26
nabhi	26
nabhubhai	26
nadiya	26
nafarat	26
nagarikoni	26
nagarthi	26
nagina	26
naheruni	26
nakar	26
nakhshe	26
naklonu	26
nambarna	26
nambars	26
namra	26
narahri	26
narakni	26
narmadna	26
nars	26
nashama	26
nathjidadani	26
navai	26
navaz	26
navembarathi	26
navinikaraniya	26
navinta	26
navodit	26
nayakna	26
nayanaramya	26
nedharlendsama	26
nehrune	26
nelsan	26
nepalni	26
nerudane	26
neshansana	26
nibhav	26
nihali	26
nikalni	26
nikalto	26
nikaltu	26
nikalvani	26
nikatata	26
nile	26
nilgirina	26
nimantran	26
nio	26
nipajya	26
nirankush	26
nirashajanak	26
nirdosho	26
nirikshako	26
nirmanne	26
nirnayni	26
nishfaltane	26
nitione	26
nivadyu	26
nivde	26
nivedno	26
niymankari	26
niymitpane	26
nodhpatra	26
nojh	26
nokarima	26
nokiyana	26
nordik	26
noto	26
nrutyo	26
nruvansh	26
nyaymurtio	26
oalakhava	26
objekt	26
odakhvani	26
odkhaya	26
ognatrismo	26
ognismo	26
oklahomana	26
oklendana	26
oliv	26
omaha	26
onam	26
opanna	26
opretro	26
orbitar	26
orissana	26
ostreliyama	26
ostreliyano	26
ovarahed	26
pab	26
pachchismo	26
pachhli	26
pachinone	26
padadhri	26
padakaravama	26
padar	26
padarthma	26
padhdhatio	26
padmashrithi	26
pagdandi	26
paglanni	26
pagne	26
pagthi	26
pahadiya	26
pahale	26
paheryo	26
pahochadva	26
pahonchadya	26
pahonchvu	26
pakna	26
pakshine	26
pakshpat	26
palakad	26
palatnone	26
palla	26
palli	26
palo	26
pals	26
pamvani	26
panam	26
panchna	26
pandadani	26
pandarmo	26
panno	26
panvel	26
paperma	26
paragraj	26
paresh	26
parforeshan	26
paribhashit	26
parichayma	26
parinamoma	26
parinamya	26
parishado	26
paritoshak	26
parivarone	26
parivartanshil	26
pariyojanao	26
parshiya	26
paru	26
paryavaranne	26
paryavarnma	26
pasandagio	26
pasaone	26
pashchimthi	26
past	26
patangiya	26
patelno	26
pathral	26
paththaroni	26
patie	26
patinu	26
patla	26
pattharni	26
paua	26
paundani	26
pavanchakki	26
paylat	26
pein	26
pelene	26
penala	26
peparbek	26
peredaijh	26
perodi	26
peruna	26
petavibhag	26
phulni	26
pidadayak	26
pidha	26
pilak	26
pipaliya	26
piriyad	26
pirojne	26
pisine	26
pitha	26
pittalna	26
pivama	26
pivu	26
plantana	26
plasa	26
plastar	26
pleyars	26
poket	26
polendana	26
polma	26
potpotana	26
prabhakar	26
prabhuni	26
prabhupad	26
prachinkalma	26
prachlit	26
prachur	26
pradeshthi	26
pradip	26
prafulla	26
pragatya	26
prais	26
prajatima	26
prakarnama	26
prakarone	26
prakashanna	26
prakashanu	26
prakashko	26
prakriyaone	26
prakrutine	26
prakrutivadi	26
pramanikta	26
pranaligat	26
prangan	26
pranine	26
pranionu	26
prapyata	26
prashisht	26
prashnana	26
prashnone	26
prasre	26
pratape	26
pratapi	26
prathano	26
pratibandhne	26
pratinidhioni	26
pratinidhittva	26
pratiraksha	26
pratishodh	26
pravasnu	26
praveshata	26
praveshyu	26
prayatnothi	26
premal	26
premkatha	26
presma	26
prexakoni	26
prinsipiya	26
priyanvda	26
prodyusar	26
progresiv	26
projektano	26
protestant	26
protokolna	26
pujama	26
pujaniy	26
punaprapt	26
punasthapna	26
punrachna	26
puraskarni	26
puraskaroma	26
puratatvavid	26
purepuri	26
purina	26
purnahuti	26
purnata	26
purskrut	26
purusharth	26
purushne	26
purvanirdharit	26
purvardhma	26
purvathana	26
pushker	26
pustakalayo	26
pustakone	26
pustikao	26
pyara	26
rachanaone	26
rachanaono	26
rachnakar	26
radhakrushnan	26
radheshyam	26
rahasyo	26
raina	26
raitar	26
rajaono	26
rajbhasha	26
raje	26
rajgadh	26
rajinama	26
rajkotthi	26
rajmahel	26
rajsi	26
rajuatna	26
rajvadama	26
rajyabharma	26
rajymanthi	26
rakhai	26
rakhato	26
raktana	26
ramakhano	26
ramanath	26
ramatne	26
ramayanni	26
ramdas	26
rameshbhai	26
rameshvar	26
ranana	26
ranane	26
randeriya	26
randhan	26
randhankala	26
randhela	26
rangbhumima	26
ranki	26
rasbihari	26
rash	26
rashtrano	26
rashtranu	26
rashtrapatina	26
rashtriyakran	26
rashtriyata	26
rasni	26
raso	26
rathma	26
ratikshan	26
ratma	26
raul	26
rauting	26
rava	26
ravne	26
raysen	26
ream	26
rekhama	26
rekord	26
relvene	26
relveno	26
rene	26
resao	26
reshmi	26
restorants	26
retrikno	26
riform	26
rilif	26
ritma	26
riyaliti	26
rodni	26
rogan	26
rogoma	26
rogono	26
rohtak	26
rokya	26
rolend	26
royalti	26
rupani	26
sabal	26
sabandhit	26
sabhanta	26
sabhypad	26
sachavni	26
sadhai	26
sadhvama	26
sahanshilta	26
sahityakaro	26
sahityna	26
sahstra	26
sainiknu	26
sainyanu	26
saitma	26
saitna	26
saitni	26
sajatiy	26
sakht	26
sakshat	26
sakshatakar	26
sakta	26
salem	26
salvador	26
samajvano	26
samapramanta	26
samarthit	26
samasame	26
samasthaniko	26
samasyaonu	26
samavati	26
samavva	26
samaygalanu	26
samaykal	26
sambalpur	26
sambandhona	26
sambhalave	26
sambhalnar	26
samdhiyala	26
samikshak	26
samip	26
samitine	26
samjai	26
samjavama	26
samjavava	26
samjavta	26
sammanit	26
sammelano	26
sampradayno	26
samrajyvad	26
samrudhdh	26
samsyanu	26
samtol	26
samudaynu	26
samudayona	26
samudranu	26
samudratat	26
samudro	26
samvado	26
samved	26
sanand	26
sanbandhone	26
sanchalanni	26
sanchi	26
sandhine	26
sangali	26
sangathane	26
sanghno	26
sanghnu	26
sangrahalaynu	26
sangrahalyo	26
sangrahana	26
sangrahno	26
sangrahnu	26
sangthanno	26
sanhitani	26
sankad	26
sankhyaono	26
sankhyatmak	26
sankran	26
sankrati	26
sankulo	26
sanrakshanna	26
sanrakshanni	26
sanset	26
sanshodhanoma	26
sanskari	26
sanskrutiona	26
sansthanvad	26
santoshi	26
sanvardhanni	26
sanvatno	26
sanyog	26
sanyojanma	26
sanyuktpane	26
sapatie	26
sapatima	26
sapatinu	26
sapekshe	26
sarah	26
sarbiya	26
sardarni	26
sarhadna	26
sarsai	26
sarsambhal	26
sarvanumte	26
sarvars	26
sarvpratham	26
sasara	26
sathione	26
satlaj	26
satna	26
satyane	26
satyani	26
satyo	26
savchet	26
savistar	26
sekande	26
sendriy	26
senne	26
sensarship	26
sept	26
sesana	26
sesh	26
sets	26
sevaonu	26
sfatikiy	26
shabdakoshma	26
shabdkosh	26
shabdsamuh	26
shaft	26
shahadat	26
shahenshah	26
shailithi	26
shaktipith	26
shang	26
shankare	26
shantini	26
shantiniketan	26
shantino	26
sharam	26
sharane	26
shark	26
sharmajnak	26
sharmal	26
sharmishtha	26
sharuate	26
sharuvat	26
shasanthi	26
shatak	26
shed	26
sherholdar	26
sherholdaro	26
sherif	26
shering	26
sherni	26
shers	26
shetti	26
shikhavani	26
shikhavyu	26
shikshakone	26
shilpakar	26
shishyone	26
shitada	26
shital	26
shithil	26
shivajie	26
shivsena	26
shodhaya	26
shodhayu	26
shor	26
shoshak	26
shrikrushne	26
shrotao	26
shvasni	26
siarti	26
sikandarna	26
sikri	26
siks	26
simfani	26
simla	26
simma	26
sing	26
sistar	26
sitana	26
sitter	26
skaver	26
skolarship	26
skorpiyo	26
skotlendma	26
slo	26
slovt	26
smithni	26
sodao	26
solapur	26
somnathna	26
sonar	26
sosaytima	26
sothi	26
spektrama	26
spenna	26
spensar	26
sponsarship	26
sportastar	26
springastinni	26
springs	26
stand	26
starn	26
stediyam	26
stek	26
stenfordana	26
steshanne	26
stethoskop	26
stetsane	26
stetsanu	26
sthalma	26
sthambho	26
sthanane	26
sthapatyama	26
sthapatyano	26
sthapela	26
sthapnama	26
sthapnana	26
sthitimanthi	26
storijh	26
straik	26
straikara	26
strims	26
strioe	26
stroberi	26
strotmathi	26
studant	26
studiyo	26
subhdra	26
suchvi	26
sudeshna	26
sudha	26
sudharavani	26
sultanpur	26
sumatra	26
sunamini	26
suryamandir	26
susanskrut	26
sutrau	26
suvidhano	26
suz	26
svabhavna	26
svabhavne	26
svadhinta	26
svadne	26
svajhilendama	26
svarajni	26
svargmanthi	26
svaruponi	26
svasne	26
svastik	26
svatantratane	26
svechche	26
sviching	26
svidenna	26
svikaravani	26
svitjharlendana	26
tabadil	26
tabakkanu	26
tabakkaoma	26
tabe	26
tabkkavar	26
tabo	26
tadna	26
taigris	26
taimsana	26
takedari	26
taknikni	26
taknikoni	26
taktio	26
takvadi	26
talak	26
talapdi	26
talat	26
talela	26
taleli	26
talukaoma	26
talvaro	26
tamakuno	26
tamilnaduni	26
tampa	26
tana	26
tangasseri	26
tankio	26
tantrano	26
tapasna	26
tapuono	26
tarata	26
tarbuch	26
tarksangat	26
tarn	26
tarnaovar	26
tarti	26
tatae	26
tatvana	26
tatvane	26
tatvanu	26
taunma	26
taunshend	26
tava	26
tavarne	26
tejpal	26
tekedar	26
tekedaro	26
tektonik	26
telnu	26
temchhata	26
tenesina	26
tenko	26
terma	26
termo	26
terrijham	26
thailend	26
thalima	26
thapar	26
tharmala	26
thekane	26
thems	26
theory	26
theravya	26
think	26
tibetan	26
tips	26
tirad	26
tirisa	26
tiruchirapalli	26
tochno	26
tolana	26
tope	26
toy	26
traka	26
tram	26
tramp	26
trayengal	26
trenna	26
trevismo	26
triranga	26
trismo	26
triveni	26
tukadao	26
tukaram	26
tungnath	26
turnamentana	26
turnamentani	26
tushar	26
tutak	26
tuverni	26
tyanj	26
tyarbadna	26
tyji	26
uchchapradesh	26
uchcharno	26
uchhalo	26
uchharya	26
udaharanrupe	26
udanni	26
udasinta	26
uddeshine	26
ude	26
udeshyathi	26
udhyogsahsik	26
udyogono	26
ugti	26
ujavanio	26
ullekhniya	26
umiya	26
umrala	26
unaki	26
unesconi	26
unhone	26
upayoganu	26
upkaranoma	26
upnagro	26
uprantni	26
upsi	26
upyukt	26
ur	26
urjama	26
urmila	26
ushmiy	26
ushnaktibandhiy	26
usman	26
uthya	26
utkarsh	26
utkat	26
utkrantina	26
utpad	26
vachgalani	26
vadan	26
vadharvanu	26
vadhuno	26
vadine	26
vagadata	26
vagadava	26
vagade	26
vagerethi	26
vaghu	26
vahanne	26
vahechani	26
vahelo	26
vahenchava	26
vahevar	26
vahivatma	26
vaikom	26
vaitarna	26
vajandar	26
vajanni	26
vakhatma	26
valela	26
valeli	26
vallbha	26
valti	26
vang	26
vangima	26
vaniya	26
vanka	26
vanshavali	26
vanshne	26
vanta	26
vaprashkar	26
vaprashkaro	26
varalma	26
varano	26
varanvarana	26
varasadama	26
varasadani	26
varjit	26
varldavaid	26
varnamala	26
varnana	26
varnanama	26
varnavata	26
varo	26
varsani	26
varshaganthani	26
varsis	26
vartanu	26
varth	26
varu	26
vasel	26
vastroma	26
vasu	26
vataghatoni	26
vatanukulit	26
vatavaranthi	26
vatavrannu	26
vatchitma	26
vayusenae	26
vayvya	26
vayvyama	26
vebna	26
vebsaito	26
vech	26
vechankarta	26
vechanno	26
vedi	26
vedoma	26
velsha	26
vendeta	26
venu	26
verisain	26
vestaminstar	26
vethi	26
vibhagano	26
vicharan	26
vicharma	26
vichchhed	26
videshoma	26
vidhyashakha	26
vidhyutpravah	26
vidiyoma	26
vidyamandir	26
vidyangar	26
vigyanane	26
viharman	26
vikasano	26
vikasthi	26
vikimedia	26
vikretao	26
vikrutio	26
viksavya	26
viksavyu	26
vilabre	26
vilan	26
viliyamse	26
vimarsh	26
vinashna	26
vinstan	26
viramagam	26
virchand	26
virodhne	26
vishayono	26
visheshano	26
visheshatah	26
vishishtha	26
vishvakap	26
vishvavyapi	26
viskonsin	26
vismo	26
vistaromathi	26
vistaryu	26
vivechakoa	26
vivechkoni	26
vividhtao	26
vladimir	26
vokal	26
volga	26
volkeno	26
vora	26
voren	26
vorm	26
vrukshone	26
vruttant	26
vulf	26
vyajdar	26
vyaktitvana	26
vyapario	26
vyapt	26
vyutpati	26
vyutpattishastra	26
yadio	26
yatriko	26
yogdanne	26
yojnanu	26
yojnaoma	26
yuddhakedi	26
yuesesar	26
yuesni	26
yuktio	26
yunaidet	26
yunaitedna	26
yunifaid	26
yurenas	26
yureshiyan	26
yutisi	26
yuvanima	26
zada	26
zadi	26
zankhana	26
zili	26
aabehub	25
aabohavana	25
aachho	25
aagne	25
aagrama	25
aaharna	25
aaharne	25
aainstainne	25
aaitam	25
aajhmi	25
aajubajuni	25
aakaranu	25
aakarshanoma	25
aakarshya	25
aakhyano	25
aakra	25
aakramanthi	25
aalekhvama	25
aalkalain	25
aalva	25
aamalini	25
aambedkarna	25
aambliyara	25
aanandthi	25
aandhi	25
aandolno	25
aankdani	25
aantakvadi	25
aapu	25
aapurti	25
aaradhya	25
aarkaivjh	25
aarmd	25
aarogyaprad	25
aartana	25
aartsani	25
aarzi	25
aasamana	25
aashe	25
aashramo	25
aashro	25
aaspasnu	25
aatmano	25
aatmsamparn	25
aavanjavan	25
aavruttina	25
aavvi	25
abhan	25
abhivyaktini	25
acharyani	25
achuk	25
adachno	25
adalti	25
adavate	25
adhalak	25
adhikarini	25
adhikaronu	25
adhiktar	25
adina	25
aghri	25
agraval	25
ahevalna	25
ahevalne	25
ahinsana	25
ahmadshah	25
aja	25
ajava	25
ajmo	25
akadmima	25
akal	25
akarane	25
akasmato	25
akha	25
akhabari	25
akhada	25
akhatne	25
akhbarna	25
akhbaroma	25
aksharna	25
albat	25
alipor	25
allahabadma	25
allahna	25
alpjivi	25
altimet	25
amalikaranama	25
amare	25
amarsinh	25
ambalika	25
ambanie	25
ambedkarni	25
amerikathi	25
ami	25
amrapur	25
amurat	25
anadar	25
anadi	25
anagamo	25
anajno	25
anandno	25
anantaray	25
anaplagd	25
andajvama	25
andhadhundhi	25
andhara	25
anekavidh	25
angrejino	25
angutho	25
anirudhdha	25
anivarypane	25
ankhoni	25
antariyal	25
antarnu	25
antna	25
anubhavni	25
anubhavyu	25
anuchit	25
anukramnika	25
anulkshine	25
anupam	25
anushthan	25
anvaye	25
aogadela	25
apavado	25
applied	25
apratyaksh	25
apsarao	25
aranya	25
archan	25
arjine	25
arsapras	25
arthpurn	25
asarnu	25
asaroni	25
asarono	25
ashadhi	25
ashfak	25
ashrame	25
ashtang	25
ashtavakr	25
ashubh	25
ashuddh	25
ashvasan	25
askayamto	25
astr	25
asvadhy	25
asvikary	25
atankavadana	25
athdaman	25
athi	25
athvadiyani	25
athvadiyu	25
atirek	25
atut	25
aurangjhebna	25
aurangzebe	25
aushadhio	25
aushadho	25
austrian	25
auutsurcing	25
avagaman	25
avakanu	25
avasar	25
avasare	25
avavu	25
avdhut	25
avejima	25
avganvama	25
avrodhit	25
avsanna	25
avyavastha	25
ayub	25
aziz	25
babal	25
babre	25
bachavvani	25
bachchanna	25
bachchanni	25
bachubhai	25
baddh	25
badhama	25
badine	25
badlaine	25
badlavo	25
bagichana	25
baglo	25
bagma	25
bags	25
baharavtiya	25
bahenoma	25
bahera	25
bahishkrut	25
bahlik	25
bahubli	25
bahupakshiy	25
bajarno	25
bakul	25
baldev	25
baleshvar	25
balidanni	25
balkoe	25
balmandir	25
balna	25
balno	25
balua	25
banavanara	25
banavashe	25
banavato	25
banavtu	25
bandarna	25
bandarnu	25
bandhanu	25
bandhavelu	25
bandhayo	25
bandheli	25
bandhu	25
bandukoni	25
banhedhari	25
barafnu	25
barbar	25
bardolina	25
barkale	25
barlingtan	25
barmane	25
barmanni	25
barne	25
baro	25
barodana	25
batavta	25
batista	25
batlar	25
batris	25
baudhdh	25
bech	25
begda	25
begde	25
bej	25
bekteriyani	25
belens	25
belur	25
benedikt	25
benkna	25
benkona	25
besadavama	25
bethakni	25
bethkoma	25
bevdi	25
bhabha	25
bhabhi	25
bhadani	25
bhadarvi	25
bhadli	25
bhadrak	25
bhadrana	25
bhadresar	25
bhagava	25
bhaglana	25
bhagta	25
bhagy	25
bhagyashali	25
bhaioma	25
bhajpe	25
bhakshan	25
bhaktithi	25
bhandariya	25
bhandarkar	25
bhandolma	25
bhanta	25
bharanposhan	25
bharapai	25
bharayo	25
bharna	25
bharosapatra	25
bhartina	25
bhas	25
bhashno	25
bhattano	25
bhavangarthi	25
bhavuk	25
bhelsel	25
bheri	25
bhimji	25
bhogavyo	25
bhogilal	25
bhojak	25
bhojpur	25
bhola	25
bhumike	25
bhumisenama	25
bhupradesh	25
bhutanna	25
bhuttoni	25
biei	25
biharni	25
bijing	25
biladio	25
bildingma	25
bimal	25
binaprampragat	25
binod	25
binsarkari	25
bipinchandra	25
bital	25
biti	25
blaind	25
blogars	25
blokma	25
boar	25
boddh	25
bodhistva	25
bolavyo	25
bolioma	25
bolni	25
boltani	25
bolto	25
bombamara	25
bori	25
borivali	25
bosniya	25
boxar	25
boyal	25
brahmabhatt	25
branded	25
brando	25
breda	25
brera	25
britanne	25
britannu	25
briten	25
brokar	25
bromin	25
bruhspati	25
buddhe	25
buddhist	25
budhvar	25
bukhari	25
buraj	25
burhanpur	25
burmanna	25
carbonni	25
carne	25
casket	25
chakli	25
chakranu	25
chalavavano	25
chalavle	25
chalavyo	25
chalchitrana	25
chalchitroni	25
chaliyar	25
chamadu	25
chamakta	25
chamardi	25
chandrako	25
chandrama	25
chanhu	25
chant	25
chanta	25
chantar	25
chapal	25
chapati	25
chapta	25
charabinu	25
charamsimae	25
charchaspad	25
chardham	25
charitratmak	25
charkho	25
charso	25
chartard	25
chaulukya	25
chauri	25
chedi	25
chempiyanaship	25
chempiyanshipni	25
chenalne	25
chennaina	25
chepni	25
chesis	25
chetanana	25
chhatani	25
chhevade	25
chijvastuona	25
chikani	25
chilina	25
chiri	25
chitratmak	25
chitroni	25
chitto	25
chittod	25
chobari	25
chokiyat	25
chuk	25
chukavvani	25
chuna	25
chuntai	25
chupke	25
cold	25
congressnu	25
cud	25
dabanthi	25
dabavva	25
dabbama	25
dablyuecho	25
dabo	25
dadh	25
dadu	25
dahyabhai	25
daihik	25
dakhalgiri	25
dakhvyo	25
dakshino	25
dakshinpurvama	25
dalali	25
dalitone	25
damyantina	25
danachori	25
dantin	25
dara	25
darajjane	25
dardiaoma	25
dardiona	25
darji	25
darjja	25
darshanni	25
darshanno	25
darshanshashtra	25
dart	25
darune	25
dasada	25
dase	25
dashmi	25
dattana	25
davakhanama	25
davee	25
dayakaoma	25
dayaspora	25
dayoksaidna	25
decemberthi	25
dedaka	25
dekhashe	25
dekhavna	25
dekhi	25
dekkan	25
dela	25
demo	25
demokretik	25
demokrets	25
deshmathi	25
deshmukh	25
deshomathi	25
deshonu	25
deshvyapi	25
devdar	25
devmogra	25
dhakelai	25
dhamakedar	25
dhaman	25
dhancho	25
dhanji	25
dhanke	25
dharine	25
dharko	25
dharmada	25
dharmaraj	25
dharmashalao	25
dharoi	25
dhartikampni	25
dharva	25
dhasaro	25
dhiranni	25
dhodka	25
dhong	25
dhoranma	25
dhoso	25
dhovai	25
dhrujari	25
dhruvo	25
dhvajo	25
dhyanpatra	25
dhyotak	25
digrina	25
dilar	25
dinni	25
disaple	25
dishao	25
diskaunt	25
displeysment	25
distriktama	25
divasothi	25
diyar	25
dodva	25
doli	25
dorothi	25
dos	25
dosti	25
drags	25
dravanma	25
dravidiyan	25
dreg	25
dripkalpana	25
drushtithi	25
duha	25
dukanoma	25
dungarpur	25
duniyabharna	25
durdasha	25
durgapur	25
durni	25
durvyavahar	25
duryodhanni	25
dushan	25
dushmanna	25
dvait	25
dvibhashi	25
dye	25
echaivina	25
echchhe	25
echdi	25
echil	25
edgar	25
eds	25
ejansino	25
ekamone	25
ekamoni	25
ekars	25
ekbijama	25
ekmona	25
ekshpres	25
ekstarnal	25
ektana	25
ektani	25
ektho	25
ekting	25
ekyut	25
ele	25
elekjhandar	25
eliot	25
elyumni	25
emabia	25
ematrek	25
embyulans	25
emefti	25
emili	25
emvi	25
endru	25
eneches	25
enjins	25
enjinthi	25
enkar	25
enpiti	25
ensaiklopidiya	25
entidipresant	25
entijen	25
eprilthi	25
er	25
erborn	25
erfors	25
erijhona	25
erobik	25
erosmithe	25
ervejhna	25
esasi	25
eseks	25
eske	25
esthetikas	25
etomik	25
ev	25
evordajh	25
fadi	25
fagu	25
falama	25
falanu	25
falavi	25
fan	25
fansie	25
farasan	25
faravanu	25
farivar	25
farmavi	25
farming	25
fat	25
fatakarvama	25
fatko	25
faundeshne	25
faynans	25
faynansiyal	25
felati	25
felavane	25
ferbadali	25
ferfarthi	25
fero	25
fiksd	25
fildama	25
filips	25
filnsa	25
finiks	25
fishrijh	25
fitnes	25
fivar	25
flegship	25
fleminge	25
flit	25
flop	25
flopi	25
flora	25
florin	25
fok	25
fokas	25
fonma	25
forbidan	25
forensik	25
freit	25
frekchar	25
frenchama	25
fujivara	25
fulonu	25
fulothi	25
fuski	25
futej	25
futi	25
futna	25
gabbar	25
gadako	25
gadha	25
gajar	25
gamadama	25
gamadao	25
gamade	25
gaman	25
gamatna	25
gamdao	25
gami	25
gammathi	25
gamonu	25
ganashe	25
ganavvama	25
gandhingarma	25
ganitshastrio	25
ganthan	25
ganya	25
garamithi	25
garbada	25
garbhma	25
gardans	25
garima	25
garo	25
garvanar	25
gatiman	25
gau	25
gautamna	25
gaye	25
gayni	25
gaynu	25
geleliyo	25
gerhajari	25
gerlabh	25
gerlayak	25
ghadie	25
ghantadi	25
gharana	25
gharda	25
gharmanthi	25
gharnu	25
gharone	25
gharthi	25
ghasine	25
ghatadani	25
ghatakono	25
ghateli	25
ghatnani	25
ghatti	25
ghed	25
ghum	25
ghuma	25
ghumat	25
ghuvad	25
girish	25
girna	25
gitarist	25
gite	25
gnankosho	25
gnata	25
godase	25
godi	25
gokhle	25
golani	25
goldafishne	25
gona	25
gondalna	25
gopio	25
gordon	25
gospel	25
gothvayeli	25
gothvela	25
gothvine	25
grahakani	25
granthio	25
granthno	25
grenediyars	25
gruhna	25
grupma	25
grupna	25
gugalani	25
gulzar	25
gumavavi	25
gundharmone	25
gurutvakarshaniy	25
guruvar	25
gvaliyarna	25
hadakva	25
hadama	25
hadappan	25
haid	25
haidroksaid	25
haikorte	25
haiku	25
hailend	25
haiskulna	25
haiti	25
haits	25
hajarathi	25
hajaribag	25
hakni	25
halku	25
hansil	25
hantar	25
happi	25
haptavar	25
haravva	25
harela	25
hariyala	25
harma	25
harolna	25
harts	25
hasti	25
hasyalekhaka	25
hatavvama	25
hathethi	25
hathne	25
hathohathni	25
hathoma	25
hatyama	25
hausna	25
havaima	25
havamanna	25
havamanne	25
havamanni	25
havano	25
heg	25
heli	25
hem	25
hemchandrana	25
hemlet	25
hemofiliya	25
heroshima	25
hinga	25
hingis	25
hipetaitis	25
hissani	25
hissano	25
hithro	25
hoie	25
holend	25
homi	25
hone	25
honolulu	25
hopkins	25
horar	25
hornabil	25
hostel	25
hrudyastambhta	25
hubli	25
humalanu	25
humalaoma	25
humlane	25
hun	25
hunfada	25
huni	25
ichaniya	25
ichchta	25
igals	25
ikbal	25
ilektromegnetik	25
iman	25
imarartoma	25
imaratona	25
impekt	25
imsi	25
imuna	25
indiyani	25
infekshan	25
ins	25
insatant	25
inset	25
intaravyuma	25
intarmidiyet	25
intarsiti	25
inter	25
internetni	25
ipie	25
irakui	25
isapurv	25
isha	25
ishuna	25
ishvariy	25
isme	25
isvi	25
italima	25
itar	25
itihaskarona	25
itlina	25
jabali	25
jagaran	25
jagirdar	25
jaguar	25
jagyethi	25
jahajona	25
jahajone	25
jahajono	25
jaheratni	25
jaheratoni	25
jalavavani	25
jaldhodh	25
jalno	25
jamanana	25
janahani	25
janaveli	25
jangh	25
janjatio	25
janmadin	25
janmastami	25
jantani	25
jantar	25
japannu	25
jarak	25
jarasangh	25
jarmano	25
jaruriyatonu	25
jasvant	25
jatan	25
jativad	25
jatno	25
jaunpur	25
javabo	25
javalamukhi	25
jaybhikhkhu	25
jayeshth	25
jaykishan	25
jaysinhna	25
jeans	25
jefari	25
jeruslem	25
jhanskar	25
jhingano	25
jhulfikar	25
jibraltar	25
jillaoni	25
jina	25
jipsi	25
jitela	25
jiteli	25
jivanmathi	25
jivannirvah	25
jivansathi	25
jivnachritratmak	25
jivona	25
jivone	25
jivshrushti	25
jivva	25
jivvu	25
jivya	25
jodanani	25
jodha	25
jodio	25
jodya	25
jogindar	25
jogni	25
johar	25
jovai	25
judoka	25
judoma	25
juhu	25
julaithi	25
junthi	25
juthono	25
jyeshth	25
jyorjiya	25
jyorjiyan	25
jyotishvidyama	25
kabarni	25
kachaba	25
kachabo	25
kachana	25
kacharane	25
kachori	25
kachrani	25
kadno	25
kafiyani	25
kafla	25
kagda	25
kahelu	25
kahevano	25
kahevayo	25
kajal	25
kakdi	25
kalagrast	25
kalakoma	25
kalakruti	25
kalamo	25
kalank	25
kalapina	25
kalars	25
kalchuri	25
kalimpongma	25
kalpanao	25
kalpavruksh	25
kalyanak	25
kamdaroni	25
kamdhenu	25
kameng	25
kamgirio	25
kamoma	25
kampniomanni	25
kamthi	25
kanbi	25
kanchipuram	25
kanjharveshan	25
kanku	25
kanodiya	25
kantala	25
kantana	25
kanthariya	25
kanthi	25
kantilal	25
kapadne	25
kapai	25
kapasna	25
kapasni	25
kapdiya	25
kapurna	25
karavas	25
karavasama	25
karavvu	25
karbanano	25
karigar	25
karima	25
karnane	25
karobarma	25
karodapati	25
karodni	25
karodnu	25
karolina	25
karp	25
kartunist	25
karyakartao	25
karyapranali	25
karyathi	25
karyatmak	25
karyavahak	25
karykramonu	25
karyonu	25
karyvahina	25
kas	25
kashina	25
kast	25
kathaonu	25
katmal	25
kauntini	25
kaurvoni	25
kaushalyo	25
kavyono	25
kayamat	25
kayasth	25
kedareshvar	25
kempasni	25
kendramanthi	25
kendrane	25
keneth	25
kensarno	25
keptan	25
keriyar	25
keset	25
keshavlal	25
kevdi	25
khad	25
khadama	25
khadava	25
khadiye	25
khadkoni	25
khadtal	25
khaibar	25
khakhra	25
khalanayak	25
khalasio	25
khambha	25
khambhatno	25
khamine	25
khandkavyo	25
khani	25
khanji	25
khanu	25
kharai	25
kharava	25
kharchane	25
kharchavama	25
khardo	25
kharidvani	25
kharidvano	25
kharidyu	25
khasedva	25
khasiyto	25
khassi	25
khavan	25
kheladie	25
kheladina	25
khenchay	25
khi	25
khirama	25
kholyu	25
khulleam	25
khuni	25
kichak	25
kid	25
killebandh	25
kilomitarni	25
kimini	25
kimti	25
kinarao	25
kinari	25
kishoravastha	25
kisi	25
kitak	25
klabe	25
klaiv	25
klip	25
koching	25
kodinar	25
kohen	25
kohima	25
kolakta	25
kolkatani	25
kolso	25
kona	25
kondom	25
konsartama	25
konstebal	25
koriyani	25
koriye	25
kosamba	25
koshi	25
koshikaoni	25
koshoma	25
kothali	25
kothama	25
kotina	25
kramanko	25
krantikarione	25
kreg	25
kren	25
krezi	25
krietiv	25
kriketars	25
kriketni	25
kriketnu	25
kriyana	25
kriyashil	25
kromna	25
kronik	25
krop	25
krumi	25
krurta	25
krushnalal	25
ksharo	25
kshetrathi	25
kshetronu	25
kudratni	25
kumarni	25
kumbhar	25
kumbhariya	25
kundal	25
kundi	25
kung	25
kunj	25
kunkavav	25
kurukshetrama	25
kush	25
kutrim	25
kutro	25
kutumbe	25
kuvao	25
kvaipar	25
kvolifay	25
kvoliti	25
kyathi	25
labhshankar	25
ladaino	25
ladine	25
ladvaiyao	25
lagavya	25
lagavyu	25
lagnathi	25
lagnine	25
lagno	25
lagva	25
lagvani	25
lahorni	25
lainnu	25
lakhavana	25
lakhna	25
laki	25
laksh	25
lakshadvip	25
lakshanona	25
lakshanono	25
lakshmane	25
lakshmanne	25
lakshmina	25
lalkrushna	25
lambaino	25
lamborginini	25
lanbu	25
lanchhan	25
lankama	25
latur	25
lavajam	25
lavana	25
lavni	25
lavshe	25
lavyu	25
lebs	25
lekcharar	25
lekhonu	25
leni	25
lenin	25
lens	25
lenth	25
lep	25
lepcha	25
lestar	25
lidarship	25
lidjhana	25
lignait	25
lijh	25
likhi	25
lil	25
lilavati	25
limdo	25
linda	25
lingna	25
linkne	25
list	25
listama	25
listed	25
litarari	25
liter	25
lodhika	25
lohit	25
lokakatha	25
lokapriytane	25
lokhandma	25
lokhandno	25
lokhandnu	25
loknrutya	25
lokpal	25
loksangit	25
lokshahina	25
lonavala	25
loyd	25
luhar	25
luntfat	25
lyuis	25
lyuisiyanani	25
machhimaro	25
machhlioni	25
machi	25
madane	25
madanlal	25
madhavpur	25
madhyamheshvar	25
madhye	25
madhymma	25
madhymona	25
madira	25
madrasna	25
madyapanni	25
magdhi	25
magna	25
mahakavyama	25
mahakavyana	25
mahamantri	25
mahamari	25
mahanideshak	25
maharajana	25
maharajao	25
mahatmy	25
mahatmya	25
mahatvkankshi	25
mahavire	25
maheshvar	25
mahetanu	25
mahilana	25
mahishasur	25
mahitima	25
maikroikonomiksa	25
majumdar	25
makanani	25
maleshiyan	25
maleshiyana	25
malgudi	25
malikino	25
malkhane	25
malkhano	25
malne	25
malvane	25
malvi	25
malvu	25
malyalamma	25
mamio	25
mamutie	25
manavana	25
manchan	25
manchitra	25
mandodri	25
mandva	25
mangyu	25
manilalni	25
manish	25
mankad	25
manko	25
manpur	25
mansi	25
mansoma	25
manthan	25
mantralayma	25
mantramugdh	25
mantrano	25
mantrina	25
manvani	25
manvo	25
mapakram	25
mapno	25
maragha	25
margiy	25
marini	25
marji	25
markets	25
markyuri	25
marleshvar	25
maroli	25
marsidijh	25
marvanu	25
marvu	25
masa	25
masalana	25
masi	25
masjidno	25
matajine	25
matao	25
matapitane	25
matchne	25
mathakni	25
mathma	25
matine	25
matona	25
matru	25
matta	25
mauntabetan	25
maunted	25
mayavti	25
mayur	25
medanna	25
medinipur	25
meghdut	25
megnetait	25
meinlend	25
melani	25
melvvana	25
memoriyal	25
memrima	25
mendarin	25
menejd	25
merethonma	25
methemetiks	25
methina	25
mevasa	25
mijhorina	25
mikeniks	25
mikhail	25
miks	25
milanama	25
milanne	25
miliyannu	25
milk	25
minitana	25
minitna	25
mirjapur	25
misisippi	25
mitrani	25
mobho	25
modalma	25
modalne	25
modelni	25
mohini	25
mohmad	25
moins	25
monitring	25
mozambik	25
mpi	25
mrutak	25
mudirokan	25
mukabale	25
mukavi	25
mukayel	25
mukayeli	25
mulaksharo	25
mulatavi	25
mulne	25
mulyane	25
mulyone	25
mulyonu	25
mungera	25
murabbo	25
murad	25
murtione	25
murtipujak	25
musadda	25
musafarini	25
musafaroni	25
musharraf	25
mustafa	25
mutlak	25
mutrapind	25
myujhikna	25
nadie	25
nafama	25
nagarpalikama	25
nahato	25
nahush	25
naina	25
naitret	25
najarked	25
naka	25
nakhtrana	25
nakshani	25
nakshatr	25
nakshatrama	25
nakshikam	25
nalio	25
naliya	25
naliyerna	25
namanjur	25
namone	25
namono	25
nanani	25
nandan	25
nang	25
nankhe	25
nankhva	25
nanpanma	25
narajgi	25
narmadashankar	25
narmadni	25
naroda	25
nartako	25
nas	25
nashak	25
nasho	25
natakne	25
natvarlal	25
natvarsinhji	25
natyashastra	25
nausenana	25
navabe	25
navangarna	25
navik	25
naviko	25
navroji	25
nebyula	25
nero	25
netruttvama	25
nfa	25
nibandhma	25
nikah	25
nikalvama	25
nikalvana	25
nikaskar	25
nikatvarti	25
nikhalas	25
nindan	25
nipaj	25
nipunata	25
niradhar	25
nirmanadhin	25
nirmankary	25
nirnayatmak	25
nisargopchar	25
nishano	25
nishastra	25
nishnatoe	25
nisyandit	25
nitamb	25
nitioni	25
nivarva	25
nivassthane	25
niyamne	25
noam	25
notis	25
nova	25
nrutyakar	25
nrutyathi	25
nukshanne	25
nyaypurn	25
nyaytantra	25
nyujarsi	25
nyujhilendama	25
nyumoniya	25
nyural	25
od	25
odakhavay	25
odakhna	25
odakhta	25
oditoriyam	25
officena	25
ofisama	25
ofise	25
olkhavyo	25
ona	25
onar	25
organ	25
orissama	25
oshan	25
ostriyana	25
ostriyani	25
othentikeshan	25
othoritie	25
ovarale	25
overma	25
pachavi	25
pachchis	25
pachis	25
padai	25
padarma	25
padchhaya	25
paddhatisar	25
padne	25
pagalane	25
paglanne	25
paglao	25
pahelannu	25
paheravesh	25
pahochadvani	25
pahochya	25
pahonchadavama	25
pahonchadvano	25
pahonchvano	25
paipar	25
pakadvani	25
pakshamanthi	25
palaline	25
palanpuri	25
palanpurthi	25
paldi	25
pammping	25
pampa	25
pamtu	25
panchali	25
panchangma	25
panchmadhhi	25
panchmanthi	25
panduna	25
pandye	25
panir	25
pankha	25
pankhadio	25
panni	25
papu	25
papua	25
paragadhan	25
paramparanu	25
paravartit	25
pardesh	25
paribadone	25
pariblona	25
paricharika	25
parinamasvarup	25
parinamoni	25
paripath	25
pariprekshya	25
paristhitina	25
parivaroni	25
parivhanno	25
parixanoma	25
parle	25
parmeshvar	25
parnavi	25
paropakari	25
parshvanathni	25
partanars	25
partu	25
parvani	25
parvatina	25
parvatmalano	25
parvatmalao	25
parvez	25
pasandgima	25
pasane	25
paschadabhu	25
paschatap	25
pashto	25
pastavo	25
pather	25
patho	25
patrno	25
pattharna	25
pegoda	25
pekejing	25
penguin	25
penisilin	25
peranoid	25
pesab	25
peshvane	25
petajati	25
pethe	25
petit	25
pey	25
phakat	25
phid	25
pianu	25
pidofiliya	25
pimpri	25
pipar	25
pipli	25
pirni	25
pisiai	25
pitaji	25
pitsabarg	25
poetri	25
pojhishning	25
polan	25
polona	25
popyuleshan	25
poshakma	25
potpotani	25
prabha	25
prabhavo	25
prabhune	25
prachakran	25
prachinkalthi	25
pradata	25
pradeshono	25
pradhikran	25
pragmalji	25
prahladne	25
prajatione	25
prakashane	25
prakashanni	25
prakashsanshleshanni	25
prakashvarsh	25
pramanna	25
pramanni	25
pranino	25
pranisushti	25
prantanu	25
prarambhni	25
prasade	25
prasangni	25
prashastipatra	25
prathamavar	25
pratikriyarupe	25
pratimani	25
pratimanu	25
pratipadan	25
pratirup	25
pratishthan	25
pratispardha	25
pratyavartan	25
praudh	25
pravahit	25
pravahnu	25
pravasiona	25
praveshna	25
pravrut	25
pravruttini	25
pravruttioni	25
prayashchit	25
prayasna	25
prayatnshil	25
prayogoma	25
prayogshalao	25
prayukt	25
premnu	25
preri	25
priskripshan	25
pritam	25
priya	25
pron	25
protokolno	25
protsahak	25
protsahno	25
provaidar	25
provdhyogiki	25
pruf	25
pruthvithi	25
puchavama	25
puchhyu	25
pujario	25
pulav	25
pulni	25
punahnirman	25
punarnirman	25
punethi	25
punmudran	25
purepuro	25
purma	25
purskarta	25
purvagami	25
purvajona	25
purvathani	25
pustakalayni	25
putla	25
putrina	25
putrona	25
rachayo	25
rachvani	25
rafine	25
rahaya	25
rahethano	25
rahevane	25
rahevasioni	25
raino	25
rajdhanina	25
rajdhaninu	25
rajistard	25
rajkaranna	25
rajkotna	25
rajkumaro	25
rajkumarone	25
rajnitigna	25
rajnitima	25
rajputoe	25
rajuatne	25
rakheli	25
rakshanma	25
ramatnu	25
ramkhan	25
ramnarayan	25
ramtoni	25
ramvano	25
ranavav	25
ranchhodji	25
ranchhodlal	25
randal	25
rangbhumini	25
rangono	25
rangvama	25
ranino	25
ranjan	25
rasaynona	25
rasdhar	25
rashid	25
rashio	25
rashtrakut	25
rasodu	25
rathva	25
ratilal	25
ratnathi	25
ratni	25
ravanda	25
ravle	25
ravni	25
rayanna	25
record	25
redio	25
refrans	25
regyular	25
relima	25
relvema	25
renona	25
retiya	25
rights	25
rileshans	25
riplesment	25
riteil	25
riti	25
ritna	25
rivrafrant	25
robotik	25
rogone	25
rojgarini	25
rokankarona	25
rokanne	25
rokfelar	25
roksb	25
rokvana	25
rolet	25
rols	25
romaniye	25
romni	25
roni	25
rosh	25
roshe	25
roth	25
rubin	25
rudi	25
rudraprayag	25
runna	25
rupal	25
rupi	25
rural	25
rus	25
sabhao	25
sabhyani	25
sabhyono	25
sabnet	25
sachchidanand	25
sachvayela	25
sad	25
sadhava	25
sadhnono	25
sadhuone	25
sadhvi	25
sagna	25
sahasni	25
saheli	25
sahelu	25
sahishnuta	25
sahjik	25
sahsambandh	25
sahsikta	25
sahyogio	25
saif	25
sairandhri	25
sajana	25
sajivan	25
sajo	25
sakshamata	25
salagi	25
salangpur	25
salfaid	25
salgam	25
salil	25
salna	25
samacharpatro	25
samacharpatroma	25
samagrapane	25
samagrima	25
samajata	25
samajavavano	25
samajo	25
samajvu	25
samalingi	25
samantare	25
samarthakoe	25
samaypatrak	25
sambandhna	25
sambandhno	25
sambandhonu	25
sambhalta	25
sambhavitpane	25
sambodhe	25
samet	25
samethi	25
sammishran	25
samne	25
samoa	25
sampat	25
sampattine	25
sampradayoma	25
sampttina	25
samras	25
samrato	25
samsyane	25
samtula	25
samudrik	25
samvedanshilta	25
samyiknu	25
sanchal	25
sanchalakiy	25
sangathanni	25
sangathannu	25
sangathhanni	25
sanghne	25
sankado	25
sanketone	25
sankhyaoni	25
sankshiptma	25
sansadne	25
sanshadhan	25
sanshodhannu	25
santoni	25
sanvedanshilata	25
sanyojak	25
sapekshata	25
saptahe	25
saptahno	25
saradarana	25
sarahadthi	25
sarakaroe	25
sarakhave	25
saranjam	25
sarerashthi	25
sarhadne	25
sarita	25
sarjako	25
sarjanatmakata	25
sarjant	25
sarjayeli	25
sarjikal	25
sarjyo	25
sarvagrahi	25
sarvangi	25
sarvapalli	25
sarvasammti	25
sarvekshanna	25
sarvisni	25
sashan	25
satamani	25
satamo	25
satavis	25
sate	25
sathioni	25
satro	25
sattavalaoe	25
sattavismo	25
satyabhama	25
satyagrahna	25
satyam	25
satyavatina	25
saundaryani	25
saurashtranu	25
savaki	25
savalo	25
savana	25
savant	25
savarni	25
sayaji	25
sayansijh	25
schulni	25
scotlandna	25
segmentama	25
sekred	25
selam	25
selibriti	25
senanio	25
sevanne	25
sevanth	25
sevanthi	25
sfatiko	25
shaherono	25
shahno	25
shailiona	25
shakbhajio	25
shakespearena	25
shakvani	25
shakyatane	25
shalakiya	25
shalane	25
shamdaji	25
shami	25
shanagar	25
shankarsinh	25
shanta	25
sharati	25
sharkarana	25
sharkaranu	25
shastrani	25
sherdina	25
sherima	25
sherina	25
sheron	25
shibirma	25
shift	25
shikharni	25
shikhavanu	25
shikhvama	25
shikhvvama	25
shirshakthi	25
shishtachar	25
shivjie	25
shivratri	25
shodhakhol	25
shodhayel	25
shodhkhod	25
shodhya	25
shole	25
shon	25
shoni	25
shraddha	25
shravak	25
shridhar	25
shrikant	25
shrikrushnana	25
shrikrushnani	25
shukranuo	25
shukravar	25
shuru	25
shurvir	25
shvarjhenegarne	25
sialkot	25
siddhantnu	25
sidhdhanto	25
sidhdhantoni	25
sidnima	25
sies	25
sietal	25
sigma	25
sikkimni	25
silak	25
siligudi	25
silika	25
silvestar	25
simachihno	25
simae	25
simankan	25
sinchaini	25
sindhni	25
singaporma	25
singhana	25
siniyar	25
sirijhna	25
siriyan	25
sirka	25
sitapur	25
sivik	25
siyachin	25
siyang	25
skandh	25
skauta	25
skoring	25
skotlendani	25
skott	25
skrinaple	25
smarkoni	25
smit	25
snatko	25
sodani	25
softaverno	25
sokretis	25
solmo	25
sonanu	25
sosiyal	25
soumya	25
spam	25
speling	25
spenis	25
spich	25
spred	25
springastinne	25
srotthi	25
stambhma	25
stamp	25
starkane	25
start	25
stediyamni	25
steshanno	25
stetistikal	25
stetma	25
stetsano	25
sthalantarne	25
sthaniko	25
sthanna	25
sthapako	25
sthapavano	25
sthapeli	25
sthapnathi	25
sthaptya	25
sthithithi	25
stilani	25
storm	25
strinu	25
stritna	25
strotno	25
strotomanthi	25
studiyona	25
suchavta	25
sugara	25
suger	25
sughad	25
sukani	25
sukavani	25
sukhad	25
sukhdi	25
sukvi	25
sun	25
sunita	25
sunvali	25
suparhiro	25
sura	25
suryadev	25
suryamandal	25
sushma	25
sutradhar	25
suvidhane	25
suyojit	25
suzlon	25
svadesh	25
svaminarayanni	25
svaminathan	25
svargna	25
svarn	25
svasthay	25
svasthyani	25
svatantratano	25
svatantryasenani	25
svift	25
tabakkane	25
tabkkani	25
tagoreni	25
tahevarana	25
tahevarma	25
tajikistan	25
takavama	25
takavarima	25
tala	25
talavama	25
talavmanthi	25
talimbaddh	25
talna	25
talvama	25
tamakunu	25
tamanna	25
tamas	25
tanai	25
tankara	25
tankima	25
tantu	25
tapasvama	25
tapuoma	25
taraona	25
tarik	25
tarvi	25
taunshende	25
tavarama	25
taxi	25
tegs	25
tekniko	25
teknolojine	25
tekriona	25
telre	25
teman	25
temanno	25
templaro	25
tenisma	25
teoma	25
terami	25
terar	25
terentinoe	25
teslana	25
thailendana	25
thali	25
thao	25
tharavavama	25
tharna	25
theravavama	25
therve	25
thing	25
thisis	25
thiyodor	25
thiyrima	25
thol	25
thompasan	25
tibetni	25
tikane	25
timbi	25
timoe	25
timoni	25
tiranthkarni	25
titan	25
tithal	25
tivina	25
tobeko	25
todava	25
todavama	25
tolane	25
tovernu	25
transaleshan	25
transo	25
trasvad	25
tratakyu	25
travankorna	25
treining	25
treks	25
tres	25
tribyun	25
trik	25
trimurti	25
tru	25
tsunami	25
tukdane	25
tukdaoma	25
turkeyna	25
turnamento	25
tuteli	25
tyuringe	25
tyuringna	25
uchcharo	25
uchherma	25
uchherni	25
udabhvi	25
udagam	25
udas	25
udbhavi	25
udbhavya	25
uddeshyo	25
udhyanne	25
udva	25
udvada	25
uga	25
ugadi	25
ujani	25
ujavanino	25
ukalava	25
ukalavama	25
ulka	25
umedavarne	25
umera	25
umerata	25
umerta	25
umervani	25
umra	25
unchaine	25
undha	25
unke	25
unnu	25
upajavi	25
upakranne	25
upanishhadama	25
upayogakarta	25
upgrahna	25
upgrahne	25
uphar	25
upkar	25
upkaranoni	25
upvibhag	25
urjathi	25
usama	25
ushnas	25
ushntamane	25
uthyo	25
utpadakoni	25
utpadanoma	25
utpadanona	25
utpadnono	25
utprerak	25
utsavnu	25
utsavoma	25
utsechak	25
uttaradhikar	25
uttarottar	25
vachagalana	25
vadala	25
vadharyu	25
vadhavani	25
vadhvama	25
vadilo	25
vagha	25
vaghji	25
vaghnu	25
vagta	25
vagyathi	25
vahanono	25
vaheto	25
vahnone	25
vaildalaif	25
vaishali	25
vaividhysabhar	25
vajanne	25
vakhatthi	25
vakrokti	25
vaktao	25
vaktavyo	25
vakyama	25
vakyo	25
valay	25
vallabhabhaie	25
vallabhachary	25
vals	25
vamal	25
vanaspatine	25
vanchine	25
vancho	25
vanchvani	25
vandana	25
vandar	25
vandara	25
vanikran	25
vanio	25
vankar	25
vanshjoe	25
vanyajiv	25
vaparashakartane	25
vapsi	25
varai	25
vargane	25
vari	25
varmana	25
varnakyular	25
varnavyo	25
varsadnu	25
varshono	25
vartaono	25
vartulo	25
vartuloma	25
vasatinu	25
vasavdatta	25
vasavvama	25
vatanma	25
vatine	25
vavetaro	25
vayama	25
vayolin	25
vayuno	25
vebsaitna	25
vechaya	25
vechta	25
vedantna	25
vedma	25
vedvyas	25
vegan	25
vegasma	25
vembali	25
venchi	25
vep	25
veparione	25
veriyebal	25
vervikher	25
veshma	25
vesli	25
vetikan	25
vhay	25
vhel	25
vibhajanna	25
vibhajya	25
vicharati	25
vichardharana	25
vichardharane	25
vicharonu	25
vicharvu	25
vicketkiper	25
vidhvao	25
vidhyanoma	25
vidhyanu	25
vidvatapurn	25
vigte	25
vigyani	25
vihangavalokan	25
vijanu	25
vijaynagarna	25
viketo	25
vikral	25
vikramni	25
viksavai	25
vikseli	25
vikshanri	25
vilap	25
vimal	25
vimanna	25
vimanni	25
vimanono	25
vimochan	25
vimukh	25
vinantio	25
vinashni	25
vinati	25
vins	25
vipakshi	25
virasat	25
virudhdh	25
visarjit	25
visavdar	25
visfotama	25
vishayne	25
vishhaye	25
vishlesko	25
vishvasghat	25
vishvavidhyalayo	25
vishvayudhni	25
vistarana	25
vistaranne	25
vistarelu	25
vitavi	25
vite	25
vitne	25
vividhtama	25
volf	25
volter	25
vrudhdhima	25
vudsani	25
vyakaranna	25
vyakitao	25
vyaktitvani	25
vyavharni	25
vyavsayni	25
vyavsthani	25
vyavsthano	25
vyavsthapak	25
vyktigat	25
yadachchhik	25
yadhyapi	25
yadimanthi	25
yakrutma	25
yaman	25
yarvada	25
yashvant	25
yatayat	25
yatrani	25
yatrano	25
yerkad	25
yin	25
yo	25
yogdanni	25
yogendra	25
yohan	25
yojva	25
yojya	25
yueses	25
yugano	25
yugantar	25
yugm	25
yugne	25
yujh	25
yuniks	25
yunits	25
yureshiya	25
yuriya	25
yutiliti	25
yuvi	25
zadapbher	25
zansini	25
zerni	25
zhou	25
zil	25
zinavatabhari	25
zok	25
aabha	24
aabhir	24
aabhushan	24
aabhushano	24
aabkari	24
aabohavane	24
aadarniya	24
aadasar	24
aadato	24
aade	24
aadim	24
aaditya	24
aado	24
aadri	24
aafrika	24
aagrahthi	24
aaharni	24
aaibien	24
aaidentifayar	24
aainstainna	24
aaioes	24
aaipiel	24
aaipio	24
aaipodna	24
aairis	24
aaisotop	24
aajdin	24
aakarsananu	24
aakramanno	24
aakrosh	24
aala	24
aalekhati	24
aalkali	24
aalkoholik	24
aananddayak	24
aanandnu	24
aandhlo	24
aandolannu	24
aapat	24
aapkhud	24
aapnaru	24
aapvane	24
aarakshan	24
aarambhi	24
aarbies	24
aarendabi	24
aarkaivs	24
aarkitekts	24
aarls	24
aarmard	24
aaropan	24
aarpiem	24
aars	24
aarsaphanni	24
aartama	24
aartikals	24
aarudh	24
aashramshala	24
aashrayasthan	24
aasno	24
aatankvadni	24
aatarda	24
aatmakthanatmak	24
aatmakthatmak	24
aatmanirbhar	24
aatmasat	24
aavranma	24
aavruttioma	24
aay	24
aayarlendano	24
aayarlendanu	24
aaynik	24
aaynone	24
aayogni	24
aazamgadh	24
abajthi	24
abdullah	24
abhavna	24
abhigamni	24
abhisran	24
abhivyaktio	24
abhiyanana	24
abhiyanoma	24
abhyaranyano	24
abhyaranyo	24
achivment	24
achlank	24
achyut	24
acidnu	24
adhigrahan	24
adhikarma	24
adhikarne	24
adhikarona	24
adhyakshapde	24
adima	24
adlabadli	24
adravya	24
afsaro	24
agasine	24
ageinst	24
aghara	24
agnatvas	24
agnisanskar	24
agravarti	24
akadmie	24
akadmini	24
akasmate	24
akbarne	24
akola	24
aksh	24
akshare	24
aksharoni	24
alabama	24
alabhya	24
alagalag	24
alka	24
alto	24
alvar	24
aman	24
amaratva	24
ambadi	24
amdavadne	24
amerikio	24
amino	24
amman	24
anajani	24
anarakali	24
anaval	24
andajma	24
andakar	24
andartekarni	24
andhar	24
aneru	24
angane	24
angkor	24
angone	24
angrejimanthi	24
angrejini	24
anichchhe	24
anidrana	24
aniymitta	24
anjam	24
anke	24
ankshastra	24
ankusho	24
annakshetra	24
ansar	24
antastrav	24
antthi	24
anubhvone	24
anubomb	24
anugamio	24
anumodan	24
anusandhanma	24
anuvadma	24
apartment	24
apavavama	24
aprajit	24
aprinit	24
apttio	24
apurv	24
aral	24
ardhi	24
arkansasna	24
arora	24
arthani	24
arthatantrana	24
arthne	24
artna	24
arundhti	24
asammat	24
asantulit	24
asarkarta	24
ashoke	24
ashuddhio	24
asta	24
astavyast	24
asuro	24
asvasthata	24
atha	24
athag	24
athavato	24
aththavismo	24
atkal	24
atkavvana	24
atkavyo	24
attar	24
audichya	24
austria	24
avadhna	24
avagne	24
avakashayan	24
avdharna	24
avlokano	24
babatna	24
babubhai	24
bachavavana	24
bachavyo	24
bachchaone	24
badad	24
badalavi	24
badalyo	24
badamne	24
badamni	24
badavakhoro	24
baddal	24
badhhati	24
badhij	24
badiyan	24
badshahe	24
badvakhoroe	24
bafelo	24
bagamti	24
baherash	24
bahujan	24
bahutayat	24
bajavata	24
bajetni	24
bajuoni	24
bakhtardhari	24
balika	24
baliya	24
baljabripurvak	24
balkan	24
balkrushn	24
ballagna	24
balni	24
baloch	24
balpannu	24
balsahityakar	24
balthi	24
baltra	24
balun	24
balvanu	24
bam	24
bamanu	24
banavata	24
banavathi	24
banavatna	24
banavoma	24
bandarma	24
bandarthi	24
bandhane	24
bandhavel	24
bandhbesta	24
bandhkamne	24
bandhkamo	24
bandhuoni	24
bandhvano	24
banganga	24
bankigham	24
bannara	24
banu	24
bapani	24
bapuni	24
barafma	24
barafthi	24
baranima	24
barbad	24
bardolima	24
bargar	24
bargen	24
barmani	24
barminghamni	24
barns	24
barobri	24
barselona	24
bart	24
bashpotsarjan	24
batukeshvar	24
bauddho	24
baudh	24
bechraji	24
begdana	24
bejhin	24
bekal	24
belarus	24
beli	24
beraja	24
berar	24
besti	24
besvani	24
betar	24
bethun	24
betingma	24
betni	24
betno	24
bhadrakali	24
bhagakar	24
bhagatni	24
bhagavadromandal	24
bhagidarine	24
bhagn	24
bhagole	24
bhagvati	24
bhaie	24
bhaina	24
bhajavti	24
bhajnik	24
bhajvayu	24
bhajvine	24
bhaktima	24
bhaktini	24
bhaktino	24
bhandolne	24
bhandolno	24
bharama	24
bharatkam	24
bhartiya	24
bhartiyoma	24
bharvo	24
bhashanma	24
bhashaomanni	24
bhashaonu	24
bhattna	24
bhautikshastrama	24
bhavaina	24
bhavanathi	24
bhavishyanu	24
bhavnane	24
bhavone	24
bhavoni	24
bhayat	24
bhaygrast	24
bhejnu	24
bhejvalo	24
bhejyukt	24
bhilai	24
bhogavvi	24
bhojanna	24
bhojanno	24
bhojnalay	24
bholanath	24
bhonyatliye	24
bhrahmanoni	24
bhujao	24
bhujna	24
bhukampane	24
bhukhamra	24
bhumino	24
bhumitima	24
bhusaval	24
bhuttone	24
biarties	24
biepies	24
bifor	24
bijni	24
bildingna	24
bimarini	24
binanaphakarak	24
bindue	24
binduthi	24
bipin	24
birajaman	24
birsa	24
biyaran	24
blackberina	24
blenk	24
bler	24
bloks	24
bluger	24
blujhna	24
blututh	24
blyujh	24
bodhi	24
bojhne	24
bojhni	24
bolavine	24
boliviyana	24
bolro	24
bombana	24
bombar	24
bonapart	24
borniyo	24
botanikal	24
brahmandne	24
brahmandnu	24
brahmanona	24
brandana	24
briz	24
bronx	24
bu	24
budapest	24
buddhiprakash	24
budhimata	24
bujarg	24
bundhayel	24
bushe	24
byutiful	24
carato	24
carnu	24
chabima	24
chabine	24
chadhava	24
chadhe	24
chadhine	24
chadta	24
chadyo	24
chaganlal	24
chahata	24
chainani	24
chaitri	24
chakasavama	24
chakramathi	24
chakri	24
chalakata	24
chalako	24
chalakto	24
chalavine	24
chalkat	24
cham	24
chamakavati	24
chamki	24
chanchal	24
chandraguptana	24
chandranu	24
chandrasinhji	24
chapkam	24
chara	24
charanna	24
charchani	24
charche	24
charitry	24
charne	24
charnoma	24
chasani	24
chaturdashi	24
chau	24
chaurasiya	24
chavvis	24
chedti	24
chekdem	24
chenalni	24
chenlo	24
chennaini	24
chepnu	24
chestanat	24
chetak	24
chetakosho	24
chevdo	24
chhalana	24
chhanavat	24
chhataye	24
chhatrio	24
chikitsakiy	24
chikitsako	24
chikna	24
chimanbhai	24
chimnabai	24
chinathi	24
chitarvama	24
chitrane	24
chitravad	24
chitrono	24
chodvani	24
chokadi	24
chokhane	24
choprani	24
chotra	24
chovkidar	24
chovkma	24
chugtaie	24
chukavanini	24
chukavava	24
chuke	24
chuntay	24
chuntayel	24
churn	24
chustpane	24
chutak	24
chuto	24
chutvama	24
clement	24
coptik	24
dabalyupie	24
dabanvala	24
dabar	24
dadaji	24
dadine	24
dafanvidhi	24
dag	24
dagha	24
dah	24
dahapan	24
dakhkhanna	24
dakota	24
dalalo	24
daldar	24
dalpat	24
damar	24
dami	24
damni	24
dampti	24
damyantini	24
danane	24
dangi	24
dangna	24
dantani	24
danti	24
dantnu	24
danvo	24
dariyakantha	24
darno	24
darodo	24
darshavai	24
darshavama	24
darshavvani	24
darshavvano	24
dartamauth	24
darvajathi	24
darvaje	24
darvin	24
daska	24
dasni	24
dastavejone	24
datao	24
dati	24
dattatreyna	24
datte	24
davanu	24
davaonu	24
dayabitisna	24
dayagnostik	24
dayarima	24
daynasor	24
daynemiks	24
dehne	24
dekhave	24
deli	24
derina	24
deshbandhu	24
deshomanno	24
design	24
deton	24
devalpars	24
devas	24
devendra	24
devidas	24
devla	24
devli	24
dhabni	24
dhadako	24
dhak	24
dhank	24
dhankayel	24
dhankayela	24
dhany	24
dhapavva	24
dharasbhana	24
dharavahikoma	24
dharayu	24
dhareli	24
dharini	24
dharmaguru	24
dharme	24
dharmendra	24
dharmpatni	24
dharmthi	24
dharni	24
dharyo	24
dhatuma	24
dhatuoni	24
dhhanki	24
dhili	24
dholpur	24
dhovani	24
dhruve	24
dhum	24
dhuni	24
dhvajno	24
dhvajnu	24
dhvans	24
dhvip	24
diego	24
digrio	24
dije	24
dikra	24
dilhinu	24
dinanath	24
dindori	24
dini	24
dinkar	24
dipa	24
dishane	24
disneyni	24
divalini	24
divalnu	24
divaloma	24
divane	24
divijhanne	24
divijhnal	24
divsoni	24
doctorate	24
dodaviro	24
doktara	24
donaldane	24
donaldni	24
dorela	24
dorva	24
drenej	24
dres	24
dronne	24
dubadi	24
dubima	24
dun	24
dungro	24
dunyavi	24
duryodhanna	24
dushkalma	24
dushkalni	24
dvapar	24
dvarkadhish	24
dvarkani	24
dvarkathi	24
dvastiyeh	24
dvavya	24
dvipdi	24
dvipkalpama	24
ebardin	24
echpisiel	24
edam	24
ediess	24
edit	24
editing	24
edresni	24
egorafobiya	24
egrikalcharal	24
ehmad	24
ejanda	24
ejansie	24
ejansine	24
ejansinu	24
ekale	24
ekama	24
ekamnu	24
ekankio	24
ekas	24
ekpakshiy	24
ekrobet	24
eksachenjama	24
eksemel	24
eksesrijh	24
ekshapres	24
ektama	24
ektano	24
ektanu	24
ektinaid	24
eldar	24
elekjhandriyana	24
eli	24
eliveshan	24
elvi	24
elyuminiyamna	24
emativi	24
embi	24
emstardam	24
emtipie	24
endie	24
engal	24
enjhaim	24
enjiniyringna	24
enjiniyringni	24
enjiniyro	24
enjinnu	24
enkript	24
enna	24
enni	24
enthoni	24
entiokisdant	24
envayarment	24
epi	24
epik	24
eplikeshanma	24
eplikeshansama	24
eproch	24
erlainsani	24
ervejhe	24
esadbalyuef	24
esemesni	24
esesment	24
eset	24
esidni	24
esis	24
essare	24
esties	24
ethensama	24
ethlet	24
ethlit	24
etlantana	24
etlantani	24
fadiyu	24
failna	24
fait	24
faladrupta	24
falana	24
falikran	24
falone	24
fanas	24
fanta	24
farkavvama	24
farta	24
fasayela	24
fashivad	24
fatkarva	24
faul	24
faundeshanne	24
fayarfoks	24
fayarvols	24
fayring	24
fed	24
fefsamma	24
fefsanni	24
fejh	24
fekatri	24
fektarima	24
femili	24
fenkai	24
fenkavani	24
ferafaroni	24
ferrusio	24
filipainsama	24
filmamanthi	24
filmomanthi	24
filmotsav	24
filosofar	24
filtaring	24
fin	24
fini	24
finlend	24
firojhpur	24
fita	24
flavars	24
flayovar	24
flemingo	24
floting	24
fluna	24
foling	24
folt	24
fransano	24
frejhre	24
fremma	24
frenklin	24
fugana	24
fugva	24
fuljhar	24
futbolni	24
fuvaro	24
gadanu	24
gadheda	24
gadhyama	24
gaine	24
gajapti	24
gajjar	24
galane	24
galanu	24
galyo	24
galyu	24
gamadana	24
gamadu	24
ganatri	24
ganavani	24
gandharina	24
gandhingarthi	24
gandiv	24
gandu	24
gangama	24
gannapatra	24
ganthne	24
ganthone	24
ganva	24
ganvesh	24
garaminu	24
gariboni	24
garsiya	24
gaud	24
gavarnans	24
gavaskar	24
gayne	24
gazalni	24
gazani	24
gdpna	24
gep	24
geramarge	24
germanma	24
ghadatar	24
ghadvani	24
ghanabdha	24
ghanane	24
gharanana	24
gharave	24
ghari	24
ghatadar	24
ghatadavama	24
ghatadvano	24
ghatakoma	24
ghatki	24
ghatnano	24
ghatnaoma	24
ghatotkach	24
ghima	24
ghode	24
ghodesvari	24
ghorad	24
ghunna	24
ghusankhorone	24
gift	24
gild	24
glaid	24
glasgo	24
glucose	24
gnatini	24
gnyat	24
godsi	24
goenka	24
gojh	24
golakare	24
golibarni	24
golna	24
gopalanand	24
gopaldas	24
gor	24
gothvayel	24
gra	24
grafne	24
grenaite	24
grened	24
grupnu	24
gua	24
guchina	24
gujratini	24
gujratmanthi	24
gulabo	24
gumavine	24
gundharm	24
gungan	24
gunha	24
gunvattanu	24
gurue	24
gurunu	24
gussama	24
guvahati	24
gyanna	24
hadaku	24
hadamtiya	24
hadkana	24
hadppa	24
haidrojanna	24
haijin	24
haipartekst	24
hakikate	24
hakikatni	24
haku	24
hamid	24
hamir	24
hamirjie	24
hanumanjini	24
hanumanne	24
hardi	24
hardik	24
haridas	24
harlem	24
hasyapradhan	24
hatavavani	24
hatavine	24
hatho	24
hathyog	24
hatyakandma	24
havan	24
havathi	24
havethi	24
hazare	24
hech	24
hektarma	24
held	24
helenistik	24
helmet	24
helojan	24
helov	24
hendal	24
heraferi	24
hethalano	24
hethdno	24
hetuna	24
hetuone	24
heyar	24
hidimbi	24
hijda	24
himetait	24
hinduoma	24
hindutva	24
hinsatmak	24
hiralal	24
hirana	24
hitni	24
hitona	24
hitonu	24
hog	24
hoine	24
hokayantrana	24
hokayantrane	24
homar	24
homiyopethi	24
homoseksyual	24
hompej	24
hondurasma	24
hoshangabad	24
hotalna	24
hotelo	24
hradayrogna	24
hrud	24
huko	24
humalaono	24
humlakhor	24
humlano	24
husaine	24
hyustanna	24
ichti	24
iedies	24
ifekts	24
ijnerima	24
ijnerini	24
ikivti	24
ikvador	24
ikvinoks	24
ilajma	24
ilekatrik	24
ilekatronik	24
ilektro	24
ilektrolait	24
ilektropleting	24
ilevan	24
iliyad	24
imaratone	24
imigrant	24
indane	24
indaur	24
indi	24
indijhna	24
indrajit	24
indravti	24
indriyo	24
inglendane	24
iningsama	24
insapektar	24
instrument	24
intarnetni	24
internetne	24
intigreshan	24
iradathi	24
irake	24
irakne	24
irane	24
irod	24
irsha	24
ishvariya	24
ishvarno	24
islamabad	24
islamno	24
isreli	24
isrelma	24
isune	24
italie	24
itars	24
iti	24
iva	24
ivori	24
jaga	24
jagdalpur	24
jagyaoma	24
jahan	24
jaheratkaro	24
jaheratone	24
jahernamu	24
jainona	24
jaise	24
jakham	24
jakhau	24
jakuzzi	24
jalavavama	24
jalavvi	24
jalhal	24
jalvayu	24
jamanani	24
jamavava	24
jaminanu	24
jamingirini	24
jaminmanthi	24
janara	24
janardan	24
janari	24
janatama	24
janavva	24
jangalana	24
jangalonu	24
jangam	24
janglomanthi	24
jangloni	24
janmadivasni	24
janmakshar	24
janmelo	24
janturhit	24
japanijh	24
japanne	24
jarmanie	24
jarurat	24
jaruriyatmand	24
jashvant	24
jasma	24
jasvantsinhji	24
jatayu	24
jaththani	24
jaththatmak	24
jativadi	24
jatona	24
jatone	24
jatoni	24
javanona	24
javo	24
jayants	24
jek	24
jhambiya	24
jhaverie	24
jhinana	24
jhingani	24
jhink	24
jhurich	24
jijabai	24
jillaone	24
jimkhana	24
jinetik	24
jio	24
jipiesni	24
jitnari	24
jitno	24
jivanana	24
jivani	24
jiya	24
jodanane	24
jodanthi	24
jodela	24
jodtu	24
jodvani	24
jokhamna	24
jonsan	24
joshe	24
jovati	24
jua	24
judona	24
julaina	24
juliyas	24
junagadhathi	24
junagadhno	24
jungleni	24
junvani	24
juval	24
jvala	24
jvalanshil	24
jvelri	24
jyotishvidyani	24
kabrastanma	24
kachchhane	24
kacherima	24
kadhavana	24
kadhvu	24
kadne	24
kafiyano	24
kaheshe	24
kahevai	24
kahyuke	24
kairo	24
kakasaheb	24
kakrapar	24
kalagi	24
kalakana	24
kalakano	24
kalakliyo	24
kalapremi	24
kalibel	24
kalidasna	24
kalina	24
kalpeshvar	24
kamini	24
kamjor	24
kamleshvar	24
kamno	24
kampna	24
kampnijh	24
kampyutarni	24
kampyutarno	24
kamsutra	24
kamte	24
kandala	24
kanfedreshan	24
kanheri	24
kanipan	24
kankavti	24
kanoni	24
kansas	24
kantalajnak	24
kante	24
kantrolar	24
kanunbhangni	24
kapadana	24
kapavani	24
kapela	24
kapri	24
karagruh	24
karakoram	24
karate	24
karavama	24
karbohaidret	24
karigarone	24
kariyanani	24
karjhan	24
karko	24
karmabhumi	24
karmacharioe	24
karmana	24
karmano	24
karmchariona	24
karnatki	24
karnegina	24
karodana	24
karodathi	24
karodno	24
kars	24
karsinoma	24
kartal	24
kartikey	24
karvavada	24
karvero	24
karyakalma	24
karyalakshi	24
karykramne	24
karypaddhti	24
kasargod	24
kashmirno	24
kasturbhai	24
katarma	24
kathanayak	24
kati	24
katni	24
kattarpanthi	24
kavitaonu	24
kayadaona	24
kayal	24
kaydaoni	24
kaydaono	24
kedet	24
kelve	24
kendi	24
kendranu	24
kene	24
kenedano	24
kenedanu	24
kentonment	24
kentuki	24
kenyana	24
keram	24
kerbiyan	24
kerektar	24
kerina	24
kerolinama	24
kesno	24
kesoni	24
ketlakni	24
khadedi	24
khadha	24
khadiya	24
khagolshastrio	24
khaja	24
khajanachi	24
khajuri	24
khakhriya	24
khalasa	24
khalil	24
khambhi	24
khammam	24
khandiya	24
khanijma	24
khanijoma	24
khanjan	24
khanjval	24
khanmanthi	24
khanno	24
khapat	24
kharcha	24
kharcho	24
kharidnar	24
kharva	24
khase	24
khasedine	24
khasso	24
khassu	24
khat	24
khatash	24
khavano	24
kheladini	24
khenchva	24
khenchvani	24
khetilayak	24
khetine	24
khetino	24
khilafat	24
khirasra	24
khodine	24
kholya	24
khudiram	24
khulasa	24
kidi	24
kilar	24
kingne	24
kirat	24
kitti	24
klabne	24
klastara	24
klin	24
koding	24
kodiya	24
koinu	24
kokam	24
kolin	24
kolkatta	24
kolosiyamni	24
kols	24
kolsana	24
komans	24
komanvelth	24
konfedreshan	24
konsol	24
koparu	24
korbet	24
kornar	24
korporesane	24
koshikaomanthi	24
koshiy	24
kosmetik	24
kosmos	24
kotak	24
kotar	24
kotho	24
kovind	24
koydao	24
koyna	24
kramanknu	24
kramchakra	24
krantikariona	24
krantino	24
krantinu	24
kriketro	24
kriyapdo	24
krosing	24
kruplani	24
krushnakumarsinhji	24
krutagya	24
krutina	24
krutiono	24
kshamataone	24
kshanik	24
kuchipudi	24
kudratna	24
kuk	24
kukhe	24
kumarna	24
kumud	24
kundli	24
kuntina	24
kup	24
kuranni	24
kurnikove	24
kuttiyattur	24
kutumbani	24
kuvaitna	24
kuvamanthi	24
kuvana	24
kuvani	24
kvibekna	24
kyo	24
kyub	24
labhani	24
labhkarak	24
labhkari	24
ladatna	24
ladayu	24
ladvaiyaone	24
lagavela	24
laghuchitra	24
laghumti	24
lagnjivan	24
lagvathi	24
laithaus	24
laivs	24
lajpatray	24
lakhanona	24
lakshanonu	24
lakshmino	24
lakshyane	24
lalash	24
lalji	24
lamb	24
lambagalani	24
lamborginine	24
larj	24
lashkarana	24
latika	24
latkata	24
latkavi	24
latkavvama	24
launj	24
lavchikta	24
lebenan	24
leboretrijh	24
ledhar	24
lejisletiv	24
lekchar	24
lekhakno	24
lekhaknu	24
lekhe	24
lekhkoma	24
lekhno	24
lelend	24
lemp	24
lesli	24
levis	24
libral	24
lidhelo	24
lilash	24
liliya	24
limitedni	24
lina	24
liptan	24
lisban	24
listing	24
lithuaniya	24
liv	24
liya	24
liyon	24
lodhi	24
lojik	24
lokapriytana	24
lokhandi	24
lokomotiv	24
loksahityana	24
lotas	24
lotne	24
lotni	24
lu	24
ludvig	24
lukas	24
luking	24
machavi	24
machhalino	24
madagaskar	24
madhavrav	24
madhmakhi	24
madhyamanthi	24
madhyaratri	24
madyarkana	24
magane	24
maganlal	24
magh	24
mahadevbhai	24
mahadevi	24
mahaprabhu	24
maharajano	24
mahasangh	24
mahasbhe	24
mahe	24
mahebub	24
mahesanama	24
mahilanu	24
mahilaonu	24
mahipatram	24
mahommad	24
mahuda	24
mahudha	24
maikrosoftani	24
maikrosoftna	24
maithunne	24
maithunni	24
majakma	24
majja	24
majla	24
majuroni	24
makaji	24
makanna	24
makarsankranti	24
makau	24
makvana	24
malan	24
maldiv	24
malhotra	24
malikna	24
malikone	24
malini	24
malish	24
mallinath	24
malsamanni	24
mamlo	24
mananu	24
manavadhikar	24
manavatani	24
manavay	24
manavma	24
manavshastra	24
mandand	24
mandgina	24
mandina	24
mandla	24
mandlo	24
maneklal	24
manga	24
mangalni	24
mangalvar	24
mangato	24
mangavama	24
mangma	24
maninagar	24
manjari	24
manmohak	24
mannara	24
manobal	24
mansno	24
mansone	24
mansukhlal	24
mantar	24
manvano	24
manyataoma	24
manytana	24
mape	24
mapma	24
maraghi	24
marathaone	24
marbal	24
margha	24
margone	24
mariyam	24
marketingna	24
marvi	24
maryadane	24
masalani	24
masano	24
mashinma	24
mashinna	24
mashrum	24
masikna	24
masjidne	24
maskani	24
maslat	24
matangi	24
matapitani	24
mataramm	24
mathakne	24
matla	24
matna	24
matne	24
matni	24
matothi	24
matrathi	24
matri	24
matthi	24
matvistarnu	24
mau	24
maykobekteriyam	24
maza	24
mazar	24
mazhabi	24
medanno	24
megejhinma	24
megejhinni	24
meghanie	24
meghna	24
meghnad	24
mekdonalds	24
mekmilan	24
melanoma	24
melavato	24
meli	24
menahtanni	24
menhattan	24
menka	24
mental	24
merethonni	24
meriposa	24
mesenjar	24
mevada	24
midiye	24
mig	24
mijaj	24
mikenijham	24
mikine	24
milanijh	24
miliyanno	24
milkatni	24
milkha	24
minaldevi	24
minarao	24
minga	24
minitni	24
minito	24
minitthi	24
mirjhe	24
misails	24
mishanma	24
mishanni	24
mishanrijh	24
mishradhatu	24
mishranano	24
mishrano	24
mith	24
mithash	24
mithya	24
miura	24
miyana	24
modh	24
modhama	24
modini	24
mojni	24
mokhre	24
moklay	24
moklaya	24
mokuf	24
mono	24
more	24
moreshiyas	24
morishiyas	24
morli	24
mors	24
motarse	24
movembar	24
mrutdehne	24
mrutyuparyant	24
ms	24
muddani	24
mudini	24
mudraj	24
mugdh	24
mughloe	24
mujhe	24
mukhma	24
muktino	24
muktpane	24
mukund	24
mulakatno	24
mulayam	24
mulk	24
mulmathi	24
mulraje	24
multan	24
multhi	24
multimeter	24
munina	24
munine	24
munini	24
mushkelione	24
nadimanthi	24
nae	24
nafana	24
nagarjun	24
nagarpalikana	24
nagendra	24
nagraj	24
nagrikoe	24
nagrikono	24
nahava	24
naherna	24
naik	24
naitrutya	24
najdiki	24
najhioe	24
nakali	24
nakarta	24
nakhavanu	24
nakhvu	24
nakshi	24
nalini	24
nalna	24
nalne	24
naman	24
namane	24
namaste	24
nambro	24
namunama	24
nan	24
nanaji	24
nankhayo	24
napsand	24
narayanno	24
narmade	24
narne	24
naro	24
narsari	24
nartan	24
narv	24
nase	24
nashapray	24
naso	24
natalne	24
natkono	24
navabna	24
navagrah	24
naval	24
navar	24
navchetan	24
nave	24
navintam	24
navmu	24
navnirmit	24
naya	24
nayakni	24
nayan	24
nebraskana	24
nefa	24
negi	24
nesh	24
neshvil	24
netrutvani	24
nevil	24
nevtonne	24
nevtonno	24
nevyorkni	24
nichalo	24
nichan	24
nichlu	24
nihit	24
nij	24
nikalela	24
niksan	24
nilambit	24
nimnalikhit	24
nimya	24
nindra	24
nipajyu	24
nir	24
nira	24
nirav	24
nirdhar	24
nirgun	24
nirnayma	24
nirodh	24
nisargopcharak	24
nisargopcharko	24
nisha	24
nishchitapne	24
nishfaltana	24
nishkarshan	24
nishpaksh	24
nisyandan	24
nitioma	24
nivadyo	24
nivrutini	24
nivsan	24
niyamma	24
niyantranne	24
niyati	24
niyojit	24
nok	24
nokar	24
nokrie	24
nokrimanthi	24
nondhavyu	24
nondhayelo	24
nondhma	24
normal	24
novemberni	24
nrusinh	24
nrutyane	24
nrutyano	24
nuksanma	24
nuksanna	24
nun	24
nyayadhisho	24
nyujhilend	24
nyukliyas	24
nyupidiya	24
nyurolojikal	24
nyutans	24
nyutrino	24
oalakhai	24
objharveshan	24
odakhashe	24
odakhavta	24
odakhavyu	24
odakhie	24
odakhma	24
odishani	24
oditar	24
odiyo	24
ofisars	24
ofisma	24
ofset	24
ofshor	24
oh	24
ojh	24
ojhat	24
oklahomani	24
oktobarma	24
oktobarthi	24
olakhni	24
olangine	24
omar	24
op	24
opek	24
orado	24
oral	24
orderna	24
oregonma	24
ori	24
orijin	24
orlandona	24
orvile	24
osaka	24
ostriyama	24
otala	24
otonomas	24
otto	24
ovarsijh	24
oven	24
ovroni	24
pachdi	24
pachinona	24
packetne	24
paddhatie	24
paddhatisarna	24
padharya	24
padhine	24
padhiyar	24
padkarajnak	24
padkari	24
padkarono	24
padkarrup	24
padkaryo	24
padmini	24
padye	24
paglama	24
pahadoma	24
paheravani	24
paheravvama	24
pahonchadta	24
pahonchadvanu	24
pahonchnar	24
pahonchti	24
pakade	24
pakadyo	24
pakma	24
paknu	24
pakoma	24
pakshinu	24
pakshionu	24
pakshiy	24
pakshkar	24
pakti	24
pala	24
palang	24
palanpurma	24
palela	24
palni	24
pamashe	24
pamato	24
pamelo	24
pampo	24
panani	24
panchamna	24
panchamu	24
panchaso	24
panchayatma	24
panchkedar	24
panchvarshiy	24
pandene	24
panduni	24
paniya	24
panja	24
panji	24
pank	24
pankhadi	24
pankhma	24
paolo	24
parakashtha	24
parakashthe	24
parakramo	24
parani	24
parasmani	24
paridhan	24
parinamne	24
parinamshe	24
parinme	24
paripurnata	24
parishadne	24
parishram	24
paristhitik	24
parit	24
paritoshiko	24
parivahannu	24
parivaroma	24
parivesh	24
parixanna	24
parixao	24
parjambli	24
parnela	24
parnit	24
parsevo	24
parshvanathna	24
partanar	24
parth	24
parthiyan	24
partyno	24
partynu	24
parvala	24
parvatona	24
paryavaranvadi	24
pasandagino	24
pasandginu	24
pasani	24
pashuoni	24
pashupalanno	24
pasta	24
patanno	24
patelnu	24
patharone	24
pathrayelo	24
paththarno	24
paththarona	24
pathyapustak	24
patile	24
patnama	24
patnma	24
pato	24
patola	24
patrak	24
patrano	24
patronu	24
pava	24
pavanne	24
pavanno	24
paydalni	24
pedhhio	24
pedro	24
peintar	24
penda	24
peni	24
pensilveniyana	24
pepsico	24
peramaunt	24
perinthalmanna	24
perth	24
peruni	24
pes	24
petakampani	24
petan	24
pethapur	24
petriat	24
petti	24
phekto	24
phemili	24
phonna	24
piaren	24
pibies	24
pichatri	24
pichhao	24
pidati	24
pidiefma	24
pie	24
piele	24
pinannu	24
pinyin	24
pipalo	24
pipi	24
pipipi	24
piplana	24
pistana	24
pital	24
pitarai	24
pithhbal	24
pithma	24
pithni	24
pitishan	24
pittashay	24
piya	24
piyars	24
piyre	24
plants	24
pleins	24
pletoni	24
plutoniyam	24
pneumonia	24
pokar	24
pola	24
polad	24
policene	24
polisma	24
portalendana	24
portugalna	24
postaskript	24
povel	24
prabhavna	24
pracharma	24
prachintam	24
pradarshanoma	24
pradarshanthi	24
pradatao	24
pradhano	24
pradushanma	24
pragatima	24
pragte	24
prajae	24
prajano	24
prakarthi	24
prakriyaoni	24
pramoshnal	24
pranalioma	24
pranghatak	24
prarambhe	24
pras	24
prasadhno	24
prasangma	24
prasangone	24
prasaranni	24
prashnoni	24
prastutkarta	24
pratapsinh	24
pratirodhi	24
pratispardhio	24
prativarti	24
pratyenu	24
pravahano	24
pravahina	24
pravahona	24
pravasioe	24
pravasioma	24
pravasionu	24
praveshadvarni	24
prayasne	24
prayogmulak	24
prayogshalana	24
prejhanteshan	24
prese	24
presidensima	24
pret	24
prinsatan	24
prinsipals	24
printar	24
printed	24
prit	24
privyu	24
progres	24
proksi	24
provins	24
pruthak	24
puar	24
puchhva	24
pujavama	24
pukhtavayna	24
pulna	24
pulne	24
pulnu	24
punani	24
punaprapti	24
punathi	24
punchhdini	24
pungarthan	24
puni	24
punja	24
punupyog	24
purankatha	24
purnimana	24
purniya	24
purskarna	24
purthi	24
purvajoni	24
pushtimarg	24
pustake	24
putalu	24
putlu	24
putrini	24
putroni	24
pyalo	24
rabbi	24
rachavani	24
rachel	24
rachelu	24
rachta	24
radhakrushna	24
radhana	24
radhane	24
ragma	24
rahevama	24
rahevasioe	24
rahu	24
raiting	24
rajadhanima	24
rajaonu	24
rajavadi	24
rajayni	24
rajaynu	24
rajguru	24
rajistrar	24
rajkumarne	24
rajne	24
rajuari	24
rajuatma	24
rajuatni	24
rajuato	24
rajvadanni	24
rajvadanu	24
rajvanshe	24
rajvanshiy	24
rajvanshno	24
rajvansho	24
rajyarohan	24
rajyavyapi	24
rajyomannu	24
rajyonu	24
rakamani	24
rakamna	24
rakeshe	24
rakhela	24
rakheval	24
rakhnar	24
rakshanni	24
raktane	24
raktasravita	24
ramakadu	24
ramanalal	24
ramangar	24
ramanuj	24
ramatagamatana	24
ramatona	24
ramkhanoma	24
ramlila	24
ramno	24
ramtonu	24
ramtotsavma	24
ramvana	24
ranakpur	24
rananiti	24
ranbir	24
randhva	24
rangbhumine	24
raninu	24
ranjitsinh	24
ranjkadravya	24
ranne	24
rasal	24
rasaynik	24
rashtrasandhni	24
rashtravyapi	24
rasik	24
raskhan	24
raslila	24
rasma	24
rasnu	24
rastana	24
rastane	24
rastaoni	24
rathayatra	24
ratlam	24
ratorat	24
ravanni	24
ravat	24
ravivarna	24
ravo	24
raygad	24
rebit	24
rediyona	24
rekhane	24
rekordjh	24
remand	24
reshamna	24
retima	24
richarj	24
richlend	24
riding	24
riektar	24
rif	24
rika	24
riki	24
riko	24
rilijiyan	24
rimek	24
rimiks	24
ringna	24
ritno	24
rivolyushanri	24
robarts	24
rockstar	24
rodhak	24
rodhi	24
rogchalane	24
rogkarak	24
rognivarak	24
rohilla	24
rojbarojni	24
rokanma	24
rolar	24
rolinge	24
romanch	24
romiyo	24
ropvama	24
rotala	24
rovarni	24
roye	24
ruchikar	24
ruls	24
rumni	24
rupa	24
rupen	24
ruperi	24
rupiyo	24
rushino	24
rushione	24
ruth	24
ruvbut	24
rvald	24
sabapraim	24
sabhagruh	24
sabhakhand	24
sabhane	24
sabhanu	24
sabhaoma	24
sabhyana	24
sabhyomanna	24
sachvayeli	24
sadashiv	24
saday	24
sadgi	24
sadgun	24
sadhanne	24
sadhe	24
sadhnona	24
sadhnothi	24
sadhya	24
sadish	24
sadsyo	24
safaltana	24
safaltao	24
sagapan	24
sagarni	24
saghli	24
sagun	24
saha	24
saharan	24
sahasna	24
sahayko	24
sahaytathi	24
sahebne	24
sahelanio	24
sahitnu	24
sahiyara	24
sahkarthi	24
sahsiko	24
saiman	24
saini	24
sainyo	24
sajan	24
sakhavti	24
sakshartanu	24
salad	24
salahkaro	24
salahne	24
salamatina	24
sali	24
sallamni	24
salni	24
saltanatni	24
samagam	24
samagrimanthi	24
samajmathi	24
samajoma	24
samajsudharak	24
samajthi	24
samanatana	24
samantani	24
samanti	24
samantran	24
samantshahi	24
samanyarupe	24
samarambho	24
samarambhoma	24
samasyathi	24
samavta	24
samavto	24
samaydarshak	24
samayeli	24
samaygalathi	24
samayikna	24
samayiko	24
sambar	24
sambhalnara	24
sambhalni	24
sambhalpurvak	24
sambhavnao	24
sambodhava	24
sambodhine	24
sambodhta	24
samchoras	24
samitinu	24
samjavya	24
sampadi	24
sampattima	24
sampras	24
sampurnta	24
samrajyane	24
samratna	24
samrthy	24
samtolan	24
samu	24
samudaymanthi	24
samudayno	24
samudramanthi	24
samuhani	24
samuhona	24
samvay	24
samvedana	24
samyak	24
samyike	24
samyikni	24
samyvad	24
sanad	24
sanbandhe	24
sanbhadvama	24
sanchalanna	24
sanchy	24
sandh	24
sandhama	24
sandho	24
sangat	24
sangathanona	24
sangathanone	24
sangathnatmak	24
sangharshanu	24
sanghvi	24
sangnaone	24
sangrahalayne	24
sangrahoma	24
sangruhit	24
sanhitana	24
saniya	24
sanjog	24
sankalti	24
sankhyaone	24
sanrakshanatmak	24
sansarik	24
sansarna	24
sansarno	24
sanshodhanana	24
sanskrutno	24
santanoma	24
santkavi	24
santni	24
santoe	24
santoshe	24
sanvaddata	24
sanyasi	24
sanyojnoma	24
sanyojnone	24
sapatino	24
sapt	24
saptak	24
sarabhaie	24
sargama	24
sarjayela	24
sarmukhtyarshahi	24
sarovarnu	24
sarthak	24
sarvabhaumatvane	24
sarvaikal	24
sarvakalin	24
sarvekshano	24
sasan	24
saskrutik	24
sataty	24
satey	24
sathine	24
sattadhish	24
sattadhisho	24
satyavan	24
satyavatine	24
satyavtie	24
satyki	24
saubhagya	24
sauna	24
saurabh	24
savadh	24
savaka	24
saynus	24
sebath	24
sekandani	24
seksan	24
sektarma	24
selna	24
seminar	24
senchuri	24
send	24
sengar	24
sens	24
sentarno	24
sentarnu	24
sentaro	24
seri	24
seshans	24
setalment	24
setarde	24
seti	24
sevagram	24
sevamanthi	24
seving	24
sevvama	24
sfotak	24
shabana	24
shabdothi	24
shabdthi	24
shabri	24
shadi	24
shahada	24
shahajhanna	24
shahermathi	24
shahidi	24
shahpur	24
shailiono	24
shakava	24
shakuntla	24
shalaone	24
shaley	24
shalva	24
shama	24
shambhu	24
shamsher	24
shanadar	24
shankracharyana	24
shantidas	24
shantilal	24
shantine	24
shantiniketanma	24
shantithi	24
sharafi	24
sharbat	24
sharp	24
shashan	24
shastrane	24
shatabdini	24
shatpath	24
shatruo	24
shayan	24
sheki	24
shempen	24
sherabajar	24
sherd	24
sherdharako	24
sherdith	24
sherlok	24
sherne	24
sheroma	24
sherona	24
sheshnag	24
shetanna	24
shetanne	24
shetrunjay	24
shikagona	24
shikharji	24
shikhavta	24
shikhoe	24
shikhone	24
shikhrini	24
shikshakni	24
shikshakona	24
shikshakoni	24
shirsh	24
shirshako	24
shishir	24
shishupal	24
shivjini	24
shivkumar	24
shodhani	24
shodhavani	24
shodhayo	24
shodhvanu	24
shoe	24
shola	24
shoshai	24
shraddhalu	24
shraddhaluo	24
shramik	24
shrapne	24
shrikakulam	24
shrikrushnane	24
shrof	24
shrotaone	24
shukranu	24
shunkhla	24
shvasochchhvas	24
shvsan	24
sibidi	24
siddhantoma	24
siddhrajna	24
siesaies	24
sifilis	24
sigaretna	24
signechar	24
sikandre	24
sikar	24
sikvans	24
silai	24
silikon	24
simentam	24
sindhna	24
sindiket	24
sindur	24
sinemaghroma	24
sinemano	24
singalsama	24
singaporna	24
sinhala	24
sinhji	24
sinhnu	24
sinhoni	24
sinsinati	24
sinteks	24
sinthetik	24
siriyama	24
siriyas	24
sirohi	24
sistars	24
sitamadhi	24
sitanu	24
sito	24
sivayno	24
sivi	24
sking	24
skotiya	24
skotsa	24
skrep	24
skru	24
skulo	24
slam	24
smartafon	24
smekdaun	24
smita	24
snatkottar	24
snayuone	24
snek	24
sodama	24
sodano	24
sofatver	24
softaverna	24
softeil	24
soji	24
solid	24
solojho	24
solyushan	24
soma	24
someshvar	24
sompura	24
somvarna	24
sonama	24
songs	24
sopyo	24
sorthi	24
sosayatio	24
soshial	24
souprathamvar	24
soviyete	24
soyne	24
spenni	24
spirits	24
sputnik	24
srotoma	24
srotomanthi	24
srushtima	24
standards	24
starone	24
stateni	24
steli	24
sten	24
stenforde	24
step	24
stev	24
sthaloethi	24
sthalomannu	24
sthalothi	24
sthanni	24
sthapatyanu	24
sthapaya	24
sthapnano	24
sthitisthapak	24
stik	24
stilnu	24
sting	24
stiyring	24
stokna	24
straikar	24
striming	24
strotma	24
strotni	24
studiyoni	24
sudama	24
sudharnani	24
sudur	24
sukvela	24
sultana	24
sumitra	24
sunamina	24
sundaram	24
sundarban	24
sundram	24
suni	24
suniyojit	24
suparhit	24
suparnova	24
supt	24
suvidhama	24
suvidhaono	24
svabhave	24
svahili	24
svaminarayannu	24
svarajyani	24
svargasth	24
svarth	24
svatantrapane	24
svati	24
svayamsevako	24
svaymbhu	24
svikarvano	24
tabibo	24
tabkkao	24
tadko	24
taduparant	24
taduparat	24
tadvi	24
tahevarani	24
tahevaroma	24
tahini	24
taimur	24
taip	24
taiyabji	24
tajetarno	24
tajetarnu	24
tajgi	24
tajni	24
tajno	24
takht	24
takhtsinhji	24
takidni	24
takno	24
talavdi	24
talimno	24
taliyana	24
talni	24
tamilo	24
tanke	24
tankine	24
taono	24
tapaschrya	24
tapase	24
tapasne	24
tapasno	24
tapasva	24
tape	24
tapuona	24
tapuoni	24
tarane	24
taranu	24
tarfenkari	24
tarikhani	24
tarkni	24
tarla	24
tathya	24
tattvachintan	24
tattvagnanni	24
tatvano	24
tatvothi	24
taunna	24
taunni	24
tebs	24
teil	24
tekama	24
tekathi	24
tekrina	24
teksh	24
teksio	24
telivijhanni	24
telne	24
temannu	24
terakota	24
teritri	24
terresa	24
tetlo	24
tevama	24
than	24
thayano	24
theater	24
theaterna	24
thest	24
thodunk	24
thor	24
thos	24
thot	24
ththa	24
thukaravi	24
tidi	24
tilake	24
tilakna	24
timbaktuni	24
timothi	24
tirthdham	24
tista	24
tivari	24
todfod	24
tokan	24
tolani	24
toral	24
toranto	24
tori	24
tranek	24
tranmanthi	24
transajendar	24
transamit	24
transapondar	24
trasti	24
traydent	24
trein	24
trektar	24
tribhuvandas	24
trikonma	24
trikonna	24
trikonni	24
trinidadma	24
trivendram	24
tropikal	24
truth	24
trutyansh	24
tukadie	24
tukdini	24
tunkivarta	24
turnamentoma	24
tute	24
tuth	24
tvachane	24
tyarni	24
uanap	24
uatpadanne	24
uchchapradeshma	24
uchchtam	24
uchhina	24
udanna	24
udarmatvadi	24
udasin	24
uddabhave	24
uddamvadi	24
udhyanana	24
udhyogoni	24
udta	24
udupi	24
ujhbekistan	24
ujjaval	24
ukalta	24
ukelavama	24
ukraine	24
ulla	24
ullekhvama	24
ulstar	24
ulster	24
ulupi	24
umarlayak	24
umarno	24
umedvarone	24
umriya	24
unapne	24
unchaini	24
undaro	24
unghi	24
unmarma	24
upagrahni	24
upama	24
upanyas	24
uparkot	24
upayogna	24
upcharma	24
uphas	24
uplabdhata	24
uplabdhi	24
uplu	24
uprantna	24
uprastrapati	24
upyogkartane	24
urdhvagami	24
urmi	24
urmikavyo	24
urt	24
utaro	24
utaryu	24
utasavo	24
uthavine	24
uthavya	24
utkalan	24
utkrushth	24
utpadakata	24
utpadakoe	24
utpadaktama	24
utsavna	24
uttarakhandma	24
uttarapradesh	24
uttarayan	24
uttarkashi	24
vacation	24
vachko	24
vadamthak	24
vadapradhano	24
vadharti	24
vadharvana	24
vadharvi	24
vadhel	24
vadhunu	24
vadhvane	24
vadla	24
vadpada	24
vadvivad	24
vagadvani	24
vagadvanu	24
vagata	24
vaghri	24
vahako	24
vahanana	24
vahanane	24
vahechi	24
vahini	24
vahivtitantre	24
vahori	24
vaibrant	24
vairal	24
vairasni	24
vaividhypurn	24
vaja	24
vajir	24
vaju	24
vakhani	24
vakhanvama	24
vakro	24
valanane	24
valayni	24
valno	24
valvu	24
vanasi	24
vanchako	24
vandh	24
vanik	24
vanine	24
vankal	24
vanna	24
vanshanu	24
vanshaprampragat	24
vantol	24
vaparvani	24
vaparvanu	24
vaparya	24
vaprashkarne	24
vaprashkartaoe	24
vaprashno	24
varahi	24
varalthi	24
varasadana	24
varasdaro	24
vardhak	24
vargikrutt	24
vargiy	24
varmontane	24
varnani	24
varnapatdarshak	24
varnar	24
varnavti	24
varsana	24
varse	24
varshganth	24
vartanni	24
vartasangraho	24
varti	24
vasahatma	24
vasahtona	24
vashim	24
vashishth	24
vastaviktama	24
vastimanthi	24
vastulakshi	24
vastuma	24
vatela	24
vatson	24
vavazodu	24
vayard	24
vayda	24
vayune	24
vayuni	24
vebni	24
vebsaitma	24
vechavanu	24
vechvano	24
vedni	24
vedvati	24
veleslie	24
velth	24
velu	24
vempayar	24
veparioe	24
verai	24
veshbhusha	24
vetal	24
vibhagoni	24
vibhushan	24
vicharako	24
vichardharama	24
vicharoma	24
vichchhedan	24
videshthi	24
vidhano	24
vidhey	24
vidhyapithma	24
vidrohne	24
vidvata	24
vidyana	24
vidyapithmanthi	24
vigha	24
vignanioe	24
vihangam	24
vijalina	24
vijatiy	24
vijhiting	24
vijlini	24
vijye	24
vikalpoma	24
vikasalakshi	24
vikendrit	24
vikipidiyama	24
viksavvano	24
vikshepit	24
vilayati	24
vilhem	24
vilingdan	24
vimadata	24
vimananu	24
vimane	24
vimanoe	24
vinashne	24
vinchhiya	24
vindhyachal	24
vira	24
virah	24
virakt	24
virendra	24
virudhni	24
viryna	24
visfotna	24
vishishtapne	24
vishleshanma	24
vishleshanna	24
vishnuprasad	24
vishvabharmanthi	24
vishvavikhyat	24
vistaranna	24
vistarava	24
vistarine	24
vistarpurvak	24
vitipi	24
vitranni	24
vivadoma	24
vivadone	24
vivechanni	24
vivechno	24
vividhtane	24
viyetnami	24
vodafon	24
vohra	24
vordama	24
voriyars	24
vormingne	24
voshigton	24
vyabhichar	24
vyajani	24
vyaktiono	24
vyaktitvane	24
vyaparni	24
vyarth	24
vyasni	24
vyasno	24
vyatha	24
vyavasthaoma	24
vyavasthapanma	24
vyavasthapanna	24
vyavharna	24
vyavharne	24
vyavsayo	24
vyuhrachnani	24
xaviers	24
yadagiri	24
yadgirima	24
yadshakti	24
yagno	24
yagnopvit	24
yakshini	24
yantriki	24
yarda	24
yato	24
yatrane	24
yavan	24
yogno	24
yojanari	24
yojato	24
yojnaone	24
yojnaoni	24
yuarel	24
yuddhathi	24
yuddhaviramni	24
yuddhbhumi	24
yudhishthirna	24
yudhishthirni	24
yuenni	24
yugalgit	24
yujisi	24
yunik	24
yunilivar	24
yunilivre	24
yuropian	24
yuvatio	24
zabhbho	24
zadapne	24
zampalavyu	24
zankho	24
zerne	24
ziya	24
aachchhadan	23
aadarpurvak	23
aadhy	23
aagthi	23
aagvo	23
aagvu	23
aaharno	23
aaidentiti	23
aaidiya	23
aaien	23
aaii	23
aainstainni	23
aaitivi	23
aakarani	23
aakarshi	23
aakashvanina	23
aakramakta	23
aakramanma	23
aakrutima	23
aalbamoma	23
aalbams	23
aalisha	23
aamerna	23
aamla	23
aanandrav	23
aandman	23
aandolanno	23
aanganama	23
aankdana	23
aanki	23
aantararastiy	23
aantardama	23
aantra	23
aantriyal	23
aaranyak	23
aardra	23
aarefsi	23
aarked	23
aarkitekcharal	23
aarm	23
aarsenik	23
aarsiempi	23
aartas	23
aartiai	23
aashavad	23
aasif	23
aasvan	23
aathe	23
aatlu	23
aatmachritra	23
aatmik	23
aavahan	23
aavakmanthi	23
aavan	23
aavara	23
aavkarya	23
aavvano	23
aavvanu	23
aavvo	23
aaya	23
aayam	23
aaylend	23
aayojanna	23
aayojanne	23
aayurvedana	23
abdulla	23
abhedya	23
abhedyata	23
abhimanyuna	23
abhinetani	23
abhipret	23
abhiyananu	23
abhiyanno	23
abjopti	23
abrahmik	23
abrama	23
adchan	23
adeshane	23
adeshathi	23
adhavachche	23
adhikarina	23
adhikariono	23
adhikarno	23
adhipti	23
adhyakshani	23
adhyatm	23
adhyatmik	23
adhyayoma	23
adikham	23
adinu	23
adrashy	23
advi	23
afghanistanma	23
agein	23
agharu	23
agney	23
ahalyanu	23
ajab	23
ajanyo	23
ajaypal	23
ajmayash	23
akarbanik	23
akhado	23
akhati	23
akhatni	23
akota	23
akshansho	23
aksharne	23
aksharni	23
akshiy	23
alang	23
alavar	23
algoridham	23
alini	23
alipt	23
aljiriya	23
amaravati	23
ambarishe	23
americanone	23
amerikans	23
ameriknoni	23
amla	23
amrutsarma	23
anajne	23
anamato	23
anandit	23
anantnag	23
anderno	23
andharu	23
andragrejyuet	23
angola	23
angoni	23
angrejono	23
anichchhniy	23
aniket	23
anirnit	23
anita	23
aniyali	23
annon	23
anubhavyo	23
anukramma	23
anukulit	23
anunasik	23
anurodh	23
anusandhane	23
anusarya	23
anveshan	23
apache	23
apaksh	23
aparichit	23
aparyapt	23
apdets	23
apmanit	23
apna	23
apnavvani	23
apset	23
apvadrupe	23
ardho	23
ari	23
arjini	23
armar	23
arpit	23
arthaghatno	23
arthatantrane	23
arthsabhar	23
artilari	23
artni	23
arvindna	23
asahakar	23
asammti	23
asanjene	23
ashlil	23
ashtami	23
ashvatthamae	23
asim	23
asthirata	23
asurakshit	23
atakalo	23
atakavya	23
atakayatama	23
attapdi	23
aurangazeb	23
aushhadhi	23
avaganine	23
avajnu	23
avanti	23
avazma	23
avazo	23
avkashni	23
avloknaksham	23
avrodhi	23
avsarpini	23
avshya	23
avtarma	23
avyavastit	23
babatono	23
babri	23
bachavni	23
bachine	23
bachpan	23
badalayo	23
badalayu	23
badalti	23
badamnu	23
badhae	23
badkono	23
badla	23
badlatu	23
badvakhoroni	23
bagayat	23
bageshvar	23
bahadurithi	23
bahane	23
bahodi	23
bahuhetuk	23
bahumulay	23
bajunu	23
bakshini	23
balakma	23
balmukund	23
balpanna	23
baltimor	23
bamanbor	23
bamano	23
banarsidas	23
banavani	23
bandhanma	23
bandhaya	23
bandhta	23
bandhthi	23
banega	23
bankimchandra	23
bankni	23
bap	23
barabanki	23
barafno	23
barafvarsha	23
barfi	23
bariyana	23
barjhini	23
barkod	23
barna	23
baron	23
bartan	23
basma	23
basti	23
batalik	23
batavay	23
bataveli	23
batetani	23
batti	23
bayolojikal	23
beda	23
bejod	23
bekvotars	23
belgium	23
beljiyan	23
benegal	23
benglorema	23
benifit	23
benkne	23
besadyo	23
besavu	23
besva	23
bethakna	23
bethaknu	23
bethakono	23
bethu	23
betne	23
betsamenna	23
bevarli	23
bhadana	23
bhadapatte	23
bhagidarini	23
bhagidarino	23
bhagine	23
bhagirath	23
bhagvatsinhji	23
bhairavi	23
bhajpa	23
bhajvva	23
bhaktimay	23
bhaktinu	23
bhanatar	23
bhanava	23
bhanavata	23
bhanavava	23
bhandaro	23
bhanela	23
bharatbharna	23
bharavo	23
bharayeli	23
bhartini	23
bharvana	23
bhashae	23
bhashashastra	23
bhashashastrio	23
bhatakta	23
bhatigal	23
bhatrijo	23
bhautikshastranu	23
bhavarth	23
bhavnathna	23
bhavno	23
bhayani	23
bhedrekha	23
bhejne	23
bhetma	23
bhidne	23
bhikaji	23
bhikh	23
bhikshu	23
bhimdevna	23
bhimna	23
bhimnath	23
bhimtal	23
bhitar	23
bhogavta	23
bhoja	23
bhor	23
bhugarbhjal	23
bhujpur	23
bhukhro	23
bhukko	23
bhulne	23
bhumikaoma	23
bhupen	23
bhupendra	23
bhuvad	23
biba	23
bidi	23
biechpi	23
bies	23
bileshvar	23
biliyanthi	23
binch	23
bindune	23
binupyogi	23
birbal	23
bitals	23
bite	23
blekvel	23
blujhni	23
bohar	23
bojo	23
boksama	23
boksar	23
bolavta	23
bolina	23
bolivudma	23
boltana	23
bolvanu	23
borobudur	23
boxing	23
bradhar	23
brahmanne	23
brahmanu	23
brahmo	23
brajhile	23
branding	23
brandne	23
brayar	23
briding	23
britaniya	23
britans	23
britanthi	23
brokars	23
brokrej	23
bromvich	23
brunei	23
buddani	23
buddhne	23
buddhno	23
bukas	23
buni	23
buphpher	23
bushna	23
cardni	23
chadati	23
chadavi	23
chadine	23
chaherani	23
chainama	23
chakravatna	23
chalanno	23
chalavanu	23
chalchitrani	23
chalshe	23
champal	23
champavat	23
chandino	23
chandrane	23
chandrasekar	23
chang	23
chanpaner	23
charchit	23
charcoal	23
charlsane	23
charno	23
chatkakar	23
chatrachhaya	23
chatridal	23
chaudma	23
chavayeli	23
chavayelo	23
chavde	23
chavio	23
chejh	23
chellethi	23
chembars	23
chepthi	23
chetavanio	23
chetopagmiy	23
chhabi	23
chhandas	23
chhapara	23
chhavai	23
chhichra	23
chhink	23
chhodayu	23
chidralu	23
chijone	23
chijvastuoni	23
chinab	23
chinamanthi	23
chintajnak	23
chinubhai	23
chir	23
chiso	23
chittabhramnani	23
chodnu	23
chodvanu	23
chodvu	23
chomskina	23
chosath	23
chugtai	23
chukadama	23
chukadao	23
chukavnio	23
chuno	23
chupchap	23
chuti	23
chyavan	23
cochima	23
courtno	23
dabanvali	23
dabavavama	23
dablyuief	23
dabodi	23
dachi	23
dadao	23
dafnavi	23
dahak	23
dainikma	23
daiviy	23
dajhnek	23
dakhalo	23
daku	23
dalilma	23
dalmathi	23
dalono	23
damoh	23
damyantine	23
dandiya	23
daneshvari	23
dangarna	23
dansing	23
dantakthana	23
daramiyan	23
darbarni	23
dariyakanthani	23
dariyakinarani	23
darkhasto	23
darling	23
daroda	23
daroma	23
darshakoe	23
darshaniy	23
darshanma	23
darshanna	23
dashtie	23
dating	23
daulat	23
dauntaunma	23
davar	23
day	23
dayafrem	23
dayanande	23
dedli	23
dehantdand	23
dekhbhal	23
deko	23
delhaujhi	23
delver	23
demi	23
densiti	23
des	23
deshothi	23
deshpandey	23
devaliya	23
devann	23
devayeli	23
devdasi	23
devdut	23
devika	23
devlok	23
devno	23
devriya	23
devtana	23
devtane	23
devtaono	23
dhaba	23
dhabna	23
dhadakana	23
dhakelva	23
dhankayelo	23
dharanao	23
dharane	23
dharani	23
dharela	23
dharmagranth	23
dharmanishth	23
dharmantran	23
dharmgrantho	23
dharta	23
dhartikampne	23
dhaumya	23
dhaval	23
dhirnar	23
dhoine	23
dhonk	23
dhruvna	23
dhulna	23
dhumada	23
dhumketuni	23
dhumrapanni	23
dhvanik	23
dhvanimudran	23
dhyanasth	23
dhyanna	23
diggaj	23
diked	23
dikrane	23
dimitri	23
dipojhit	23
dipresanni	23
dipresanvala	23
diri	23
dishae	23
dishamanthi	23
disijhan	23
distrikts	23
divalone	23
divaloni	23
divasona	23
diyonna	23
diyonne	23
doctoral	23
dokyuments	23
dolfina	23
dominikan	23
dopamain	23
doplar	23
dosharopan	23
draivars	23
drashtithi	23
draupadinu	23
drein	23
dronna	23
dudhraj	23
dukkarna	23
dulhan	23
dumka	23
duphph	23
durgandh	23
durgavti	23
dushmanoe	23
dvarana	23
dvarkana	23
dvavyo	23
dvesh	23
dvipakshiya	23
dvipna	23
dvitiye	23
dyuk	23
dyut	23
ebsard	23
edmirals	23
edresing	23
edriyan	23
edyur	23
eidjhana	23
ejants	23
ekalta	23
ekamno	23
ekanu	23
ekatma	23
ekedmi	23
ekeshvarvad	23
eklo	23
eklu	23
ekmat	23
eksarkho	23
ekspo	23
ektars	23
ekva	23
ekvismi	23
eliment	23
eljibiti	23
eloy	23
elpi	23
eltitini	23
embeded	23
emdipi	23
emeliya	23
emil	23
empiji	23
empithri	23
encyclopedia	23
enimal	23
enimiya	23
enjalasma	23
enod	23
ensayaklopediya	23
ensiyant	23
entarkatika	23
entijens	23
entivayral	23
envay	23
epalni	23
epelet	23
eprile	23
erakraftana	23
eriksan	23
erosol	23
ertel	23
esai	23
esakyuel	23
eshijh	23
eshiyamanthi	23
estan	23
estetma	23
estoniya	23
estro	23
estroid	23
etieks	23
evil	23
evordani	23
evordas	23
evordjh	23
evordsama	23
evrithing	23
faiting	23
faiz	23
fakir	23
falasvarupe	23
falit	23
falve	23
fargyusanni	23
fariduddin	23
farman	23
farmave	23
farnandijh	23
fartu	23
fate	23
fatepur	23
fatkarvano	23
fatma	23
fatvani	23
faynalma	23
feijh	23
felayu	23
festo	23
fevrit	23
fildani	23
filder	23
filipino	23
filmafer	23
filmaferno	23
filmavavama	23
filsufina	23
filsufo	23
filtars	23
fimel	23
fonetik	23
fonne	23
fordana	23
fordane	23
formama	23
forsana	23
fra	23
frankfurt	23
frankois	23
franz	23
fredrik	23
frenchaijhis	23
fresh	23
frik	23
fupfus	23
futballer	23
futballni	23
futthi	23
gadhana	23
gadhni	23
gadhvali	23
gadini	23
gadino	23
galano	23
galib	23
galine	23
galio	23
gambhirpane	23
gambhirtapurvak	23
gamloko	23
gandhivad	23
gando	23
ganeshji	23
ganeshni	23
gangaram	23
gange	23
gangtok	23
ganitne	23
ganitshastrani	23
ganjashkar	23
ganpat	23
ganv	23
garbhavasthana	23
gathao	23
gatinu	23
gautamne	23
gavarnarni	23
gayakvadne	23
gayakvadni	23
gayone	23
gebriyal	23
ger	23
gerald	23
geravyavastha	23
gesana	23
gesne	23
gesno	23
ghada	23
ghade	23
ghadiyaloma	23
ghadvaiya	23
ghadya	23
ghanibadhi	23
ghasai	23
ghasaro	23
ghatadano	23
ghatakni	23
ghatakona	23
ghatakonu	23
ghatanaonu	23
ghatasfot	23
ghatne	23
ghatshe	23
ghatya	23
ghela	23
gheravo	23
ghoshnapatra	23
ghost	23
ghumli	23
gijhana	23
gijhar	23
girimala	23
girnarna	23
gitne	23
gnaneshvari	23
gnatio	23
gnyanani	23
gnyananu	23
gnyanatmak	23
godard	23
godes	23
gohilvad	23
golao	23
goldafishna	23
goldamene	23
goldamenna	23
golkipar	23
golma	23
gonda	23
gone	23
gorada	23
gorai	23
gothavavani	23
gotrana	23
govardhanramni	23
grahakoe	23
grahkono	23
grahniy	23
gregari	23
grehaund	23
grenait	23
grenaitna	23
grikna	23
gril	23
gruhatyag	23
gufana	23
gufaone	23
gufaono	23
gufaonu	23
gulabno	23
gulamimathi	23
gulamoni	23
gumavvanu	23
gundharmoni	23
gundharmono	23
gunoni	23
gunonu	23
gunvattavali	23
gunvattavalu	23
gurudev	23
guruji	23
guruno	23
gurutvakarshanana	23
guvar	23
guyana	23
gyanma	23
gyanno	23
gyanthi	23
habal	23
hadad	23
haidro	23
haidrojanno	23
hajarini	23
hajarithi	23
hakikatne	23
halaki	23
hamirjine	23
hamirpur	23
hansi	23
hansraj	23
hanumanna	23
hanumannu	23
harajima	23
hardakvar	23
harifo	23
harihar	23
harikrushna	23
harindra	23
harnav	23
harolni	23
harshal	23
hart	23
harthi	23
hasil	23
hasina	23
hastakni	23
hastantrit	23
hatavya	23
hathab	23
hathamti	23
hathiono	23
hathiyarona	23
hathiyarono	23
hatyanu	23
havale	23
havra	23
hechbek	23
hedgevar	23
heds	23
helan	23
helforde	23
help	23
hema	23
hendaling	23
heng	23
hepi	23
hile	23
hiling	23
hiliyam	23
himalayama	23
hin	23
hinduonu	23
hinsama	23
hinsane	23
hissao	23
hitalara	23
hokar	23
holivudma	23
honda	23
hondurasna	23
hoshiyarpur	23
hradayarogano	23
hradaythi	23
hukmo	23
hukumat	23
hul	23
humlathi	23
hunfala	23
hyujis	23
ibn	23
ichato	23
ichchhato	23
ichchhuk	23
idarna	23
ijipshiyan	23
ijiptani	23
imaratonu	23
imarti	23
inami	23
inayat	23
indire	23
indiyane	23
indoneshiyani	23
indrayni	23
indriy	23
ingled	23
inki	23
instoleshan	23
iravina	23
irfan	23
ishtdev	23
ishvarma	23
iske	23
iskonna	23
ispi	23
israyelna	23
isrona	23
isue	23
ithopiya	23
ivents	23
ivi	23
ivil	23
ivning	23
jadit	23
jagatne	23
jagiri	23
jagrukta	23
jahajoma	23
jajarman	23
jalashayma	23
jalashyoma	23
jalavvano	23
jalnu	23
jalprushth	23
jalvay	23
jamaikana	23
jamano	23
jamavat	23
jambavti	23
jamdagni	23
jamiya	23
jamkandorna	23
jamnagarna	23
jamya	23
janakar	23
janama	23
jangalone	23
janijoine	23
jankshanthi	23
janmajata	23
janmo	23
jannik	23
jansangh	23
jansankhyana	23
janvar	23
jaruriyatoni	23
jaruriyatono	23
jashapar	23
jatak	23
jaththano	23
jatigat	23
jauhar	23
jaydev	23
jaydrathne	23
jayfl	23
jaypurma	23
jeket	23
jekob	23
jemaj	23
jemanno	23
jerseyma	23
jesan	23
jesi	23
jeti	23
jhadne	23
jhar	23
jharnano	23
jherna	23
jhilendana	23
jhilendani	23
jignesh	23
jillaona	23
jiniyas	23
jinna	23
jishme	23
jitnara	23
jitvama	23
jitvano	23
jivandhoran	23
jivane	23
jivankalma	23
jivavran	23
jivna	23
jiyan	23
jobs	23
jodanno	23
jodannu	23
jodavu	23
jodyu	23
jogavaio	23
jogno	23
johansan	23
johni	23
joishe	23
joitu	23
jojh	23
jonse	23
jove	23
judijudi	23
judoni	23
julye	23
juniyre	23
junni	23
juthano	23
juthonu	23
jyotirav	23
jyotishi	23
jyotishio	23
jyotishviddhyana	23
kabarma	23
kabirna	23
kabirpanth	23
kabroma	23
kachani	23
kacharano	23
kachbani	23
kachne	23
kadavne	23
kadhavanu	23
kadhavo	23
kadhaya	23
kadir	23
kaglo	23
kahena	23
kaimur	23
kajol	23
kak	23
kakani	23
kakshao	23
kalai	23
kalajipurvak	23
kalakathi	23
kalame	23
kalapie	23
kalapini	23
kalarma	23
kaliyugma	23
kalpanama	23
kalpasutra	23
kalt	23
kalubhar	23
kamakhya	23
kamandar	23
kambaind	23
kamboj	23
kamitini	23
kamnu	23
kampas	23
kamraj	23
kamran	23
kamrup	23
kanch	23
kandishning	23
kannada	23
kanpurma	23
kantavala	23
kapata	23
kapo	23
karagruhma	23
karakre	23
karam	23
karanni	23
karavvanu	23
karbannu	23
karjat	23
karkarogna	23
karkarognu	23
karkash	23
karnni	23
karobarne	23
karunantika	23
karyakramanu	23
karyakrame	23
karyakramono	23
karyavahinu	23
karykramno	23
karykramnu	23
karykshamtama	23
karynu	23
kasab	23
kashth	23
kasol	23
kathe	23
kathio	23
kathli	23
kathputli	23
katibaddh	23
katraj	23
kaumary	23
kaushambi	23
kavilok	23
kavishvar	23
kavitaona	23
kavitaone	23
kavyano	23
kavyoni	23
kedioni	23
kejun	23
kek	23
kelavva	23
kelendarma	23
keliya	23
kembrijma	23
kemerun	23
kerine	23
kerolin	23
kerolinana	23
keshava	23
kesi	23
kesia	23
ketalake	23
ketlunk	23
kevalgyan	23
khadaki	23
khadakna	23
khadakni	23
khadine	23
khadini	23
khadkoma	23
khancho	23
khandne	23
khanjar	23
khanma	23
kharada	23
kharchni	23
khaskarine	23
khavati	23
khavdavva	23
khayal	23
khedi	23
khetarni	23
khichadi	23
khinapradeshni	23
khitabo	23
kho	23
khodavama	23
khokhra	23
khol	23
khubasurat	23
khulyu	23
khusro	23
khuti	23
khyat	23
kie	23
killathi	23
kilomitre	23
kimati	23
kinarethi	23
kingadme	23
kini	23
kiranotsarg	23
kiranotsargi	23
kirnona	23
kitab	23
kksh	23
klasik	23
klera	23
klojhli	23
kochinna	23
kochni	23
kodagu	23
kods	23
kohli	23
koika	23
kolambiyane	23
kolambiyani	23
kolambona	23
kolasano	23
kolorektal	23
kolu	23
koma	23
kompaleksh	23
kongari	23
kongresno	23
kopanahegan	23
koriyai	23
kornana	23
kortane	23
kosha	23
koshni	23
kosmik	23
kotdi	23
kotej	23
kothara	23
kotni	23
koyda	23
kramankno	23
krantikarioe	23
krikinfo	23
krishchan	23
kristamas	23
kristin	23
kriyavisheshno	23
krodhathi	23
krohanna	23
krushnagiri	23
krushnamurti	23
kshamatao	23
kshamtano	23
kshatrap	23
kshepkiy	23
kshetromanthi	23
kshetrono	23
kuala	23
kudka	23
kukna	23
kulkarni	23
kumarika	23
kundla	23
kvibekma	23
kvinslend	23
kvintin	23
ladaioma	23
ladvu	23
lagavta	23
lagnisabhar	23
lagnno	23
lagvanu	23
laibrerima	23
laila	23
lainno	23
lajja	23
lajpat	23
lakdane	23
lakdanna	23
lakhanone	23
lakhanono	23
lakhpatji	23
laksharni	23
lakshniktaone	23
lakshnoma	23
lakvo	23
lalitakla	23
lavaya	23
lebling	23
leboretrima	23
lekhanni	23
lekhmada	23
lekhna	23
lekhne	23
lenari	23
lets	23
levashe	23
lifta	23
lige	23
lijend	23
likej	23
limfoma	23
lindase	23
lion	23
lipid	23
livarpul	23
liyakat	23
liyo	23
liyonard	23
lodi	23
lohine	23
lojistiks	23
lokbolima	23
lokmelo	23
lotno	23
lum	23
luptata	23
madhubale	23
madhvi	23
madhyamavargiy	23
madhyamone	23
madhyana	23
madhyaratrie	23
madra	23
madrie	23
madyarkani	23
magdh	23
mahadevbhaini	23
mahadevni	23
mahagujrat	23
mahanta	23
maharajani	23
mahasagarni	23
mahatvakankshi	23
mahatvakaxa	23
mahavro	23
mahebubangar	23
mahile	23
maikalsan	23
maikrofon	23
mailni	23
mainor	23
maitreyi	23
majadar	23
majbuti	23
makaini	23
makanoni	23
makkani	23
makrani	23
malav	23
maleganv	23
maleshiyani	23
malikne	23
maltikast	23
mammi	23
manasvi	23
manavava	23
manavjatne	23
manchni	23
manchu	23
mandapni	23
mandgine	23
mandirmanthi	23
mandiromannu	23
mandle	23
mandlina	23
mandvithi	23
mangaldas	23
manganio	23
mangeshkarna	23
manglor	23
mangoliya	23
mangyo	23
mannar	23
mansarovar	23
mansikta	23
mansinhji	23
mantranana	23
mantranu	23
mantrioni	23
mantrono	23
manushyoma	23
manushyona	23
manushyoni	23
manvarhit	23
manvaro	23
manyataona	23
manyataone	23
mapdandone	23
marathaona	23
marchanni	23
margano	23
margoma	23
markina	23
martha	23
marti	23
maryadani	23
maryadaone	23
masalama	23
masalano	23
mastarsama	23
matajino	23
matavistarama	23
matbar	23
matdanni	23
matdarone	23
mathakna	23
mathiya	23
mathurana	23
matimathi	23
matsyendranath	23
mavli	23
mechoni	23
medanani	23
medha	23
megsese	23
mehrangadh	23
melana	23
melbornma	23
melvelu	23
melvvanu	23
membar	23
membren	23
mendarda	23
menej	23
menejmentana	23
mepal	23
merijh	23
metroni	23
mets	23
mexicona	23
miliyanna	23
milkatno	23
ministar	23
ministri	23
minitno	23
miraj	23
misailo	23
misis	23
mithani	23
mithanu	23
mithapur	23
mithun	23
mitrane	23
modelne	23
modeloma	23
modems	23
modine	23
modma	23
mohammade	23
mokalavana	23
mokalvanu	23
moldova	23
moli	23
momma	23
monoemain	23
morchana	23
mos	23
motna	23
muchho	23
mukablama	23
mukata	23
mukhpushth	23
mukhyamantrioni	23
mukhyapradhan	23
mukhyatah	23
mukshe	23
muktak	23
muktanand	23
mulakatna	23
mulani	23
mulki	23
mulyano	23
mumbimanthi	23
mumbino	23
mura	23
mutrashay	23
muvijh	23
myujhiyamni	23
nachta	23
nadalna	23
nadurast	23
nageshvar	23
nagnya	23
nagrima	23
naherune	23
nahitar	23
nahti	23
naiyar	23
najivo	23
nakamo	23
nakhavani	23
nakhavathi	23
nakhay	23
nakhnar	23
nalima	23
nameli	23
namunaoma	23
nanamantri	23
nananne	23
nanded	23
naraynan	23
narayni	23
nariyelna	23
narmadana	23
natakkar	23
natkonu	23
navamo	23
navlikao	23
navratrima	23
navratrino	23
navya	23
nayka	23
nayroni	23
nellaiappar	23
nensi	23
nerudana	23
nerudani	23
nesda	23
netani	23
nibandhoma	23
nidanma	23
nidra	23
nigamna	23
nihalva	23
nikaragua	23
niketan	23
nikola	23
nikolsan	23
nikotinna	23
nikotinni	23
nikshepan	23
nila	23
nilgay	23
nindatmak	23
nirarthak	23
nisarg	23
nishachar	23
nishnatona	23
nitishastra	23
nivesh	23
noel	23
nokaut	23
nokiyani	23
nokiyano	23
nondhavu	23
nortu	23
notbuk	23
notikal	23
novemberma	23
nudals	23
nukasanathi	23
nukashanani	23
nyaydhish	23
nyayna	23
nyukliar	23
nyutrasyutikal	23
obamana	23
obamane	23
odha	23
odi	23
offico	23
ofisar	23
oflain	23
ogastama	23
oilna	23
ojhonma	23
okasfard	23
oksafard	23
oksijanno	23
olkhayela	23
oparchyuniti	23
oradao	23
ordaro	23
origami	23
orobindo	23
osho	23
ostro	23
otometed	23
ovro	23
oxygenni	23
padamdungri	23
padario	23
padarpana	23
padarthamanthi	23
paddhationa	23
paddhatisarni	23
padgha	23
padgho	23
padmasan	23
padoma	23
padyana	23
paglanna	23
pagno	23
pagthiyu	23
pahachi	23
paherata	23
paherava	23
pahonchadti	23
pahonchavana	23
pahonchvani	23
paika	23
pakdaya	23
pakela	23
pakistanio	23
pakshaghat	23
pakshoni	23
pakshpati	23
palakna	23
palampur	23
palitanana	23
paltanma	23
pamade	23
pamping	23
panchangna	23
panddano	23
pandi	23
panipatni	23
panjarama	23
papadi	23
papi	23
papna	23
parabrahma	23
paradeshi	23
paragna	23
parakh	23
parampraone	23
parda	23
parekhe	23
paribhashano	23
parikshanma	23
parikshanna	23
parikshanno	23
parimiti	23
parinamona	23
parisarni	23
parisavand	23
parisna	23
parivarjano	23
parivartanno	23
parivhanma	23
parks	23
parmanand	23
parodh	23
pars	23
parshuramji	23
parvadi	23
parvatine	23
parvatne	23
parvin	23
paryayvachi	23
pashtun	23
pashuao	23
pasvard	23
patanne	23
patanthi	23
patdi	23
pathankot	23
pathrayel	23
paththarne	23
pathve	23
patnna	23
patrakaratvana	23
patrikama	23
pattai	23
pattana	23
pattano	23
paundana	23
paydalna	23
pejne	23
peketone	23
penthera	23
per	23
peraultani	23
perish	23
perisna	23
perl	23
pesej	23
pesmekarni	23
petantani	23
petavibhago	23
phinisa	23
phoneno	23
phutugraphi	23
pichhehat	23
pichni	23
pidai	23
pidofil	23
pidofils	23
pielpi	23
pigna	23
pine	23
pipriya	23
pirasti	23
pirojni	23
pithhna	23
pivalayak	23
piyat	23
piyatni	23
placimint	23
plamej	23
plantanu	23
platun	23
pletoe	23
pletona	23
plini	23
podkast	23
poems	23
pointar	23
polendani	23
polisna	23
polisno	23
pondicheri	23
porbandarma	23
porbandarthi	23
pork	23
portalendani	23
ports	23
portugalma	23
portugijh	23
portugijhone	23
prabhavama	23
prabodh	23
pradarshannu	23
pragna	23
prajationu	23
prakashanma	23
prakashthi	23
prakop	23
prakrutma	23
pramano	23
pramansar	23
pramukhna	23
pranalinu	23
pranisangrahalay	23
pranlal	23
praptikarta	23
prasadik	23
prasangne	23
prasarankarta	23
prasaranna	23
prathme	23
prathmikapne	23
pratibandhni	23
pratimana	23
pratimane	23
pravahine	23
pravakte	23
pravasne	23
pravrutioma	23
pravruttiothi	23
prayasoni	23
prayasothi	23
prayogna	23
preraya	23
prernadayi	23
profeshnals	23
programar	23
projektanu	23
projektsama	23
propartijh	23
protinno	23
prushthho	23
pulitjhar	23
punagthan	23
punama	23
punaprakriya	23
punasjivan	23
punch	23
punjane	23
punkesar	23
punsthapan	23
puratattvik	23
purnapane	23
purvabhimukh	23
purvathane	23
purvmanthi	23
purvthi	23
pushtho	23
putna	23
putroe	23
pyasa	23
pyramidni	23
rabarni	23
racharchilu	23
rachnaona	23
rachnaoni	23
rachnathi	23
rachvanu	23
rade	23
raf	23
rafado	23
raghav	23
rahato	23
rahmat	23
railmarg	23
railvaynu	23
raine	23
rajaoma	23
rajasmand	23
rajayma	23
rajchihna	23
rajdroh	23
rajgir	23
rajhiya	23
rajkaranmanthi	23
rajkumarine	23
rajnish	23
rajpat	23
rajshekhar	23
rajvadaona	23
rajyasbha	23
rakamnu	23
rakhayo	23
rakshako	23
rakshasne	23
raktadan	23
raktani	23
raktapitt	23
raktavahini	23
ramakda	23
ramatno	23
ramayannu	23
ramkada	23
ramlal	23
rampar	23
ramsar	23
ranchhod	23
ranghin	23
ranikhet	23
rao	23
rasam	23
rasana	23
rasayanshastrama	23
rashtradhvajma	23
rashtrapatine	23
rashtrasanghma	23
rasini	23
rastathi	23
ratnaji	23
ratnani	23
rayado	23
raysinhji	23
redikal	23
rediyam	23
refri	23
refrijreshan	23
rein	23
rekhankit	23
rekordani	23
rekordings	23
relio	23
relves	23
rembo	23
rendi	23
renjar	23
renuka	23
reshling	23
resma	23
restorantama	23
reting	23
retings	23
revolyushan	23
reyal	23
rhadayrogna	23
ridars	23
rijhan	23
riportar	23
risas	23
riseptar	23
risivro	23
rodna	23
rogchalana	23
rogchalani	23
rogothi	23
rokyo	23
romantik	23
ropani	23
rotar	23
rudhirastravan	23
rudraksh	23
ruiya	23
ruju	23
rumal	23
rupaka	23
ruprekhankit	23
rutlej	23
sabhye	23
sabhyonu	23
sabitio	23
sachotta	23
sadasyata	23
sadhake	23
sadhanna	23
sadhavani	23
sadhine	23
sadhnoma	23
sadhuona	23
safaltathi	23
safayo	23
saghda	23
sagvadta	23
sahare	23
saharo	23
sahastrabdina	23
sahastraling	23
sahayrup	23
sahitno	23
sahityakshetre	23
sahvas	23
saiberiyan	23
sainikoma	23
saitane	23
saito	23
sajao	23
sakhtai	23
sala	23
salamatine	23
sallam	23
salo	23
saltanatno	23
samagrina	23
samagrini	23
samagrinu	23
samajay	23
samajutine	23
samalochna	23
samanni	23
samareli	23
samarthanama	23
samasyani	23
samasyarup	23
samayela	23
samayikoma	23
sambodhvama	23
samir	23
samjavyu	23
samjine	23
samjutini	23
samo	23
sampa	23
sampattio	23
sampda	23
samprat	23
samrajyvadi	23
samri	23
samsyano	23
samsyaona	23
samudayoni	23
samuraini	23
samuraino	23
samvanan	23
samvardhit	23
samvayi	23
samvedan	23
samya	23
sanbandhoma	23
sanbhalyu	23
sanchalanne	23
sandeshana	23
sandeshma	23
sandeshne	23
sandhdyu	23
sandhino	23
sangho	23
sanghrshni	23
sanghvadi	23
sangitbaddh	23
sangnani	23
sangoli	23
sangrahmanthi	23
sangrur	23
sanjo	23
sankoch	23
sankramak	23
sanmaniy	23
sanmanvama	23
sanmelanma	23
sanrakshanma	23
sansari	23
sanskrutikran	23
sanskrutiono	23
santona	23
santone	23
santra	23
santvana	23
sanvant	23
sanvidhanik	23
sanyal	23
sanyami	23
sanyojnona	23
saplayar	23
saptahni	23
saraghas	23
sarai	23
sarakhu	23
saraki	23
saranamu	23
sarangpur	23
sarfing	23
sarjavama	23
sarjaya	23
sarjri	23
sarkarone	23
sarsavni	23
sarvamanya	23
sarvatha	23
sarvekshanama	23
sarvekshnma	23
sarvema	23
sarvisma	23
sarvisno	23
sarvoprita	23
saryu	23
satarkata	23
satarmo	23
satatpane	23
satguru	23
sathal	23
sathini	23
sathiona	23
satina	23
sattadhari	23
sattak	23
sattakhori	23
sattamandal	23
sattavis	23
satvik	23
saundaryana	23
sauni	23
savarthi	23
savitribai	23
sayaman	23
sayansama	23
sayunkat	23
sedan	23
selfon	23
seliks	23
selina	23
semifainalsama	23
senetna	23
sengre	23
sentarne	23
sergei	23
setoma	23
sevae	23
sevarat	23
sevi	23
shabdasrushti	23
shabdmanthi	23
shabdprayoga	23
shahajhane	23
shailioma	23
shaksho	23
shaktiman	23
shaktiono	23
shalamathi	23
shamal	23
shanagaravama	23
shangarela	23
shanini	23
shankao	23
shankudrum	23
shapit	23
shapora	23
sharirthi	23
sharkarani	23
sharnarthione	23
sharuatana	23
shasakne	23
shasne	23
sherdini	23
sherholdarone	23
shetanni	23
shibiroma	23
shikagoma	23
shikhau	23
shikhvano	23
shilalekhma	23
shinto	23
shira	23
shirin	23
shisha	23
shishya	23
shishyoe	23
shistabadra	23
shivalik	23
shivjine	23
shivram	23
shodhako	23
shodhana	23
shodhane	23
shodhata	23
shodhvana	23
shodhvi	23
shoshanni	23
shoshay	23
shreshthta	23
shrihrikota	23
shrikhand	23
shrilankane	23
shrilankanu	23
shrinathji	23
shrung	23
shuddata	23
shukravare	23
shunkhlama	23
shurpankha	23
shvarjhenegarni	23
sidar	23
siddhantvadi	23
sidsar	23
sigret	23
sikkani	23
simada	23
simandhar	23
simbolik	23
sinamomam	23
sindhudurg	23
sinemane	23
sineme	23
sini	23
sins	23
siram	23
siriza	23
sistamthi	23
siyalkot	23
skech	23
skolar	23
skorma	23
skripting	23
slet	23
slev	23
slipar	23
slots	23
slovakiya	23
smaraknu	23
smarta	23
smarte	23
smurtio	23
sodana	23
softaveyar	23
sogand	23
soket	23
solan	23
solankina	23
sompe	23
sonik	23
sonpani	23
sonpyu	23
sorthiya	23
soune	23
spaik	23
spais	23
sparshathi	23
speshiyalist	23
springastinnu	23
stabi	23
stalin	23
standhari	23
starch	23
starikran	23
startap	23
stediyamnu	23
stefan	23
stefi	23
stetment	23
sthai	23
sthanantaran	23
sthanethi	23
sthapayo	23
sthapine	23
sthitie	23
sthitioma	23
stilana	23
stons	23
storma	23
storsama	23
strino	23
strits	23
subhashbabue	23
subramanya	23
sudharama	23
sudharano	23
sudharko	23
sudharvano	23
sugandhita	23
sujhan	23
suji	23
sukshama	23
sular	23
sulekhan	23
suleman	23
sulochna	23
sultanni	23
sumant	23
sundh	23
sunnat	23
suparshvanath	23
supriya	23
suratno	23
suratnu	23
surekh	23
surinam	23
sursinhji	23
suryamandadama	23
suryamanthi	23
susajj	23
susana	23
sushila	23
susti	23
sutrana	23
sutrani	23
sutroma	23
suvar	23
suvarnaman	23
suvidhajanak	23
suvidhaoma	23
suvidhaoni	23
suzukie	23
svajhilendani	23
svamino	23
svapno	23
svarne	23
svikarine	23
symbol	23
tab	23
tabiyatne	23
tadnusar	23
tag	23
taipei	23
tajagna	23
tajmahal	23
takavva	23
takide	23
taliyu	23
talsparshi	23
tandan	23
tanjavurna	23
tannu	23
tansen	23
tanthi	23
tapasta	23
tapuno	23
taraone	23
taravishvo	23
tarikhana	23
tarkhanda	23
tarkib	23
tarkna	23
tarne	23
tarnetar	23
tarni	23
tartal	23
tarve	23
tasmaniya	23
tathakthit	23
tattvagnanno	23
tattvone	23
tavarno	23
tejano	23
tejasvita	23
tekara	23
tekof	23
tekriomanthi	23
telikamyunikeshans	23
teliskop	23
tenesini	23
teresane	23
thailendani	23
thakri	23
thal	23
thaltej	23
tharavyu	23
thathhapi	23
theli	23
threshold	23
tiar	23
tibina	23
tilottama	23
timor	23
tire	23
tirthayatra	23
titodi	23
tivini	23
tivratama	23
tivratano	23
tobegoma	23
tode	23
tolanu	23
tonk	23
topeka	23
torento	23
tos	23
toti	23
trafficni	23
trafikma	23
trafiknu	23
trai	23
traimasik	23
traks	23
tranjhistar	23
tranma	23
tribhuj	23
tribyunal	23
trikoniy	23
triloji	23
tronheim	23
troy	23
trozan	23
tukado	23
tukaramna	23
tukdama	23
tukdaone	23
tulsina	23
tunksar	23
turing	23
turni	23
tvelva	23
tyagraj	23
tyana	23
tyun	23
uannat	23
uatpadanno	23
ubharati	23
ubhrat	23
ubka	23
uchcharlakshi	23
uchhale	23
uchhrela	23
udbhavyu	23
udgamasthan	23
udhampur	23
udhogno	23
udhras	23
udrave	23
udvani	23
udyoge	23
ugaday	23
ugela	23
ujli	23
ukaline	23
ukalo	23
ukelavani	23
umerai	23
ummar	23
unava	23
unchama	23
undanma	23
undhi	23
unne	23
upakram	23
upakranna	23
upasavi	23
upde	23
upekshit	23
upkaranono	23
upkhandno	23
urdhva	23
urdhvamandalna	23
urdhvamandliy	23
utarto	23
uthine	23
utpadanano	23
utpadanoni	23
utrine	23
uttarakhandna	23
uttaranchal	23
uttejnani	23
vachakne	23
vachakone	23
vachanamrut	23
vadapan	23
vadharavanu	23
vadharnar	23
vadil	23
vadio	23
vadni	23
vafat	23
vageri	23
vaghithi	23
vaghyo	23
vahenchanina	23
vahenchay	23
vaheva	23
vahine	23
vahnavyavharni	23
vaibhavshali	23
vaigyanikone	23
vairasna	23
vaishvikranni	23
vaishya	23
vajha	23
vajra	23
vakhatovakhat	23
vakile	23
vakyarachna	23
valanko	23
valyoni	23
vanaspatino	23
vanchya	23
vanchyu	23
vank	23
vankuvar	23
vanshavelo	23
vanvama	23
vaparti	23
vaparyo	23
vaprashthi	23
varakri	23
varani	23
varasadane	23
vare	23
vargis	23
varjiniyana	23
varlds	23
varna	23
varnakoshashay	23
varnakoshashyo	23
varnavava	23
varnaveli	23
varsova	23
vartananu	23
vartanukne	23
vartay	23
vartikal	23
vartulni	23
vartulno	23
vasantik	23
vaseli	23
vastie	23
vastuothi	23
vasudevna	23
vasuki	23
vasvatni	23
vatathi	23
vatavaranno	23
vatchitni	23
vavadi	23
vavajhodane	23
vave	23
vaynadna	23
vayring	23
vayuonu	23
vayusenani	23
vechanmanthi	23
vechanthi	23
vechatu	23
vechnar	23
vedchhi	23
vedhashala	23
vedona	23
vefar	23
vega	23
vegthi	23
velentains	23
veleslina	23
velfer	23
velkam	23
velsma	23
verano	23
veshya	23
vhem	23
vhot	23
vibhagona	23
vibhagono	23
vibhajanne	23
vibhakt	23
vicharavama	23
vichardharao	23
vidhaut	23
vidhithi	23
vidhyalayna	23
vidrohi	23
vidvanone	23
vidvanoni	23
vidyalayma	23
vidyalayni	23
vidyama	23
viech	23
vightit	23
vigyapan	23
vihona	23
vijadino	23
vijalino	23
vijayalakshmi	23
vijayno	23
vijayray	23
vijhdam	23
vikalang	23
vikastu	23
vikhrayela	23
vikiliks	23
viktoriyana	23
vilambma	23
vile	23
vilmet	23
vilsane	23
vimanano	23
vimanoma	23
vimbaldanma	23
vimbaldanni	23
vinchhi	23
vindojhna	23
vinduv	23
virodhioe	23
virodhione	23
virodhna	23
viryane	23
viryani	23
visfotako	23
visfotthi	23
visharad	23
vishayni	23
vishaynu	23
vishayvastune	23
visheshadnya	23
vishleshanno	23
vishleshkoe	23
vistaranni	23
vistarelo	23
vistaronu	23
vistarothi	23
vitro	23
vivadnu	23
vivahit	23
vivechanna	23
vivechansangrah	23
vivekanandna	23
voldemortana	23
volfageng	23
volibol	23
volyumo	23
vormingni	23
vots	23
vrajlal	23
vrukshono	23
vudsana	23
vyadhi	23
vyakaranni	23
vyakatima	23
vyakhyane	23
vyakitattva	23
vyaktigto	23
vyaktionu	23
vyang	23
vyangatmak	23
vyasne	23
vyavasthapanni	23
vyavasthathi	23
vyavsaye	23
vyavsayna	23
vyay	23
yajmani	23
yati	23
yatradhamo	23
yatrikone	23
yogma	23
yognu	23
yojnabaddh	23
yuarai	23
yuemties	23
yuesdi	23
yugo	23
yujen	23
yuklidiyan	23
yukrenma	23
yunaitedni	23
yunan	23
yurik	23
yuropa	23
yuvani	23
yuvanoma	23
yuvanona	23
zakal	23
ziro	23
zonani	23
aacharsanhita	22
aacharvama	22
aacharyo	22
aachhi	22
aadarshe	22
aadikalthi	22
aadivasiona	22
aagalnu	22
aagantuk	22
aagevanoe	22
aagmanna	22
aagnanu	22
aagnathi	22
aagra	22
aagrahi	22
aah	22
aaiarsitisi	22
aaidentifikeshan	22
aaidol	22
aaisiaisiai	22
aaisidi	22
aaisiyu	22
aaislendama	22
aaitief	22
aakadaoma	22
aakadaoni	22
aakare	22
aakarshanani	22
aakashganga	22
aakashiy	22
aakashmathi	22
aakashna	22
aakashni	22
aakhlo	22
aakshepone	22
aalas	22
aalbame	22
aalbamoni	22
aalekhi	22
aalps	22
aambi	22
aambla	22
aanandma	22
aanchal	22
aandhla	22
aandhrapradeshma	22
aandolane	22
aankdaone	22
aankdaono	22
aankhone	22
aantarchhed	22
aantarmalkhakiy	22
aantarshakhakiy	22
aapatkalin	22
aarambhthi	22
aargon	22
aarmine	22
aaroge	22
aarogyama	22
aaroh	22
aartharne	22
aartharno	22
aarya	22
aastik	22
aatankavadione	22
aatanki	22
aatankvadna	22
aatankvadno	22
aatashbaji	22
aatithya	22
aatkot	22
aatmahatyana	22
aatmaram	22
aavavana	22
aavdat	22
aavego	22
aavishkara	22
aayangar	22
aayarlendane	22
aayna	22
aaynoni	22
aayukt	22
aayurvedma	22
ababil	22
abd	22
abhavma	22
abhigamma	22
abhigamthi	22
abhilekh	22
abhimanyune	22
abhinaye	22
abhinaythi	22
abhiyantriki	22
abhyaranyana	22
abhyaskal	22
abhyasona	22
abhyasthi	22
abjo	22
achhut	22
achla	22
ad	22
adchanrup	22
addhoadadh	22
adeshnu	22
adhara	22
adhyaksha	22
adur	22
afsos	22
agasty	22
agnini	22
agranio	22
ahalyani	22
ahevalone	22
ahir	22
aikya	22
aisi	22
ajayabi	22
ajaybioni	22
ajitnath	22
akhanditta	22
akhrot	22
akhut	22
aksharagnan	22
alaydi	22
aline	22
allahni	22
alsar	22
amanaviy	22
amanda	22
amdavadnu	22
amirbai	22
amirgadh	22
amli	22
anales	22
ananas	22
andaz	22
andragraund	22
androandar	22
anero	22
angma	22
anhad	22
anidrani	22
anishvtta	22
ankal	22
ankni	22
annani	22
anova	22
anshna	22
antagrahan	22
antarana	22
antastravi	22
antrang	22
anubhavma	22
anubhavno	22
anudit	22
anukulanna	22
anukulno	22
anup	22
anusuya	22
anuvadni	22
anuvanshik	22
anuvarti	22
anvar	22
anyni	22
anyoni	22
apardarshak	22
aparigraha	22
aparnit	22
apmede	22
apnavati	22
apon	22
appa	22
apra	22
apradho	22
aprapya	22
aprastut	22
aprushthavanshi	22
apsarane	22
apurti	22
apurtu	22
araspahanana	22
araund	22
ardhachandrakar	22
arisa	22
ariso	22
arjunnu	22
arkansasni	22
arms	22
arnst	22
arthashastrioe	22
arthvyavasthama	22
arvllini	22
aryabhattani	22
as	22
asanjeni	22
asantulan	22
asaye	22
ashepo	22
ashtakon	22
ashuddhi	22
ashvini	22
ashyaryma	22
askyamat	22
askyamto	22
aspashtata	22
astithvane	22
astitvano	22
asvikrut	22
atarkik	22
athadamano	22
athavadiyano	22
atmakathana	22
atyarni	22
auns	22
avagna	22
avaje	22
avichari	22
avishvas	22
avmulyan	22
avrodhrup	22
avsheshomanthi	22
avsheshone	22
ayaskana	22
babara	22
badalvano	22
badalvu	22
badamna	22
badhani	22
badlato	22
badlaya	22
badminton	22
badnakshi	22
badnam	22
badri	22
badshahi	22
bafetna	22
bahal	22
bahauddin	22
bahene	22
bahinabai	22
bahucharchit	22
bahuj	22
bahukonne	22
bajetma	22
bakra	22
bakrol	22
baksar	22
baksh	22
baljabri	22
balvathi	22
banavdavi	22
banavone	22
bandhani	22
bandharano	22
bandhma	22
bandhuona	22
bandukni	22
bangalno	22
bankuda	22
bapue	22
barbados	22
bardi	22
bards	22
barima	22
barrel	22
basant	22
batalre	22
batavti	22
batavto	22
baundri	22
baunsar	22
bayokon	22
bayotek	22
bebilonna	22
bedina	22
bejhd	22
bekhamni	22
belagred	22
belet	22
belijh	22
beljiyamma	22
benkani	22
benkma	22
beriyam	22
beriyar	22
bes	22
besadva	22
bestu	22
betan	22
betna	22
betul	22
bhadla	22
bhadrano	22
bhadravti	22
bhaduri	22
bhagadi	22
bhagatna	22
bhajapni	22
bhajavanar	22
bhakat	22
bhakit	22
bhalamnona	22
bhalane	22
bhalu	22
bhanave	22
bhandara	22
bhandolmanthi	22
bhanej	22
bhangni	22
bhangya	22
bharne	22
bhashantro	22
bhashaomanthi	22
bhashavignan	22
bhasm	22
bhaththa	22
bhaththi	22
bhaththima	22
bhattane	22
bhautikvignani	22
bhavanna	22
bhavanni	22
bhavishyane	22
bhavoma	22
bhayavah	22
bhego	22
bhikhari	22
bhilad	22
bhilvada	22
bhinda	22
bhishmani	22
bholabhai	22
bhonyrama	22
bhopalna	22
bhosle	22
bhramankakshani	22
bhramit	22
bhrashtacharana	22
bhukampna	22
bhulone	22
bhunsi	22
bhuntar	22
bhustarshastri	22
bhutanni	22
bif	22
bijamanthi	22
bijhnesma	22
bijnu	22
bikanerna	22
bild	22
biliyanno	22
bilkha	22
bimarima	22
bimarinu	22
bimarioma	22
bimariona	22
bimarioni	22
bindi	22
binharif	22
binsharti	22
birbhum	22
birdavvama	22
birju	22
bisima	22
bisini	22
bitieks	22
biyond	22
bletchaley	22
blogma	22
blumbarg	22
boilar	22
bokas	22
boksait	22
boksaofis	22
bolavava	22
bolino	22
bollyvudna	22
bolundra	22
bombano	22
bombing	22
bordane	22
borivli	22
boriya	22
botam	22
boting	22
boyalni	22
bradharse	22
brahmajie	22
brahmandno	22
brahmanni	22
brahmapuri	22
brahmasutra	22
braitan	22
brandi	22
bras	22
brash	22
braujharna	22
braujhing	22
braziliyan	22
brazilni	22
breaking	22
breking	22
breks	22
bretan	22
brich	22
brigedne	22
brijna	22
brokan	22
bruno	22
buddhiman	22
buddhnu	22
budha	22
budhdh	22
bulet	22
buletin	22
bulgaria	22
buls	22
byukenanne	22
byunos	22
cargo	22
chadhavi	22
chadhavvama	22
chadhta	22
chainijhni	22
chainis	22
chakravyuh	22
chakreshvari	22
chakriya	22
chalaktu	22
chalala	22
chalang	22
chalavavanu	22
chalavavu	22
chalchitrane	22
chalchitrano	22
chalnara	22
chalne	22
chalno	22
chalvalo	22
chamakti	22
chamatkar	22
chanane	22
chanchiyagiri	22
chandramasna	22
chandravdan	22
chandu	22
chandulal	22
chanya	22
chapo	22
charabine	22
charakha	22
charamsima	22
charanni	22
charitable	22
charlas	22
charlsani	22
chatina	22
chatki	22
chatu	22
chatushkon	22
chaudhrie	22
chaura	22
chedathi	22
chehar	22
chellange	22
chenale	22
chenalna	22
chennaithi	22
chepma	22
cherapunji	22
chetanani	22
chetapreshak	22
chetopagam	22
chhappa	22
chhavayelo	22
chhavnima	22
chhodavano	22
chhokaraoni	22
chhupavavama	22
chhutthi	22
chichhri	22
chijoni	22
chijvastuonu	22
chikano	22
chikitsalay	22
chinkara	22
chintamni	22
chintane	22
chira	22
chis	22
chit	22
chiththi	22
chitrakaro	22
chitrani	22
chitrano	22
chlorine	22
chodavva	22
chodvao	22
chokkasta	22
choklet	22
choksaipurvak	22
choksaithi	22
chokthama	22
chopati	22
choro	22
chukavya	22
chukeli	22
chundadi	22
chunte	22
chuntela	22
chupa	22
chupai	22
chupavva	22
chupayeli	22
churchni	22
chutachheda	22
chutichhvai	22
chutta	22
cricketmanthi	22
dabanpurvak	22
dabeli	22
dablyudablyuie	22
dadama	22
dadva	22
dagina	22
dagla	22
daimyo	22
daiving	22
dakhve	22
dakshinnu	22
dakshinthi	22
daktari	22
dalakhi	22
daloni	22
damaji	22
damani	22
damu	22
danda	22
dangarni	22
danidharni	22
danni	22
danpati	22
dantakatharup	22
dantane	22
dante	22
dantkathaoma	22
darajjao	22
darekama	22
dariyakantho	22
darmiyannu	22
darshakoni	22
darshanarthe	22
darshavayela	22
darvajana	22
dasam	22
dashakni	22
dashkama	22
dashrathne	22
dasmanthi	22
dastavejne	22
dastavejono	22
datar	22
dattane	22
dattni	22
dausa	22
davad	22
davat	22
daykaothi	22
dayniy	22
dedako	22
dehantdandni	22
dehatyag	22
dehu	22
dejhigneted	22
dekh	22
dekhade	22
dekhavni	22
dekhrekhma	22
delfik	22
demler	22
denar	22
desaino	22
detroit	22
devalo	22
devanport	22
devasthan	22
devayela	22
devghar	22
devgiri	22
devlokma	22
devraj	22
devtanu	22
dhabi	22
dhadhar	22
dhaglo	22
dhakele	22
dhamdhamtu	22
dhankayelu	22
dhankvama	22
dhanu	22
dhanurdhar	22
dhapavvama	22
dharakone	22
dharam	22
dharasabhyo	22
dharavahiknu	22
dharavahiko	22
dharavani	22
dharavshe	22
dharmulthi	22
dhatuona	22
dhatuone	22
dhe	22
dhem	22
dhen	22
dhhor	22
dhila	22
dhinodhar	22
dhiranna	22
dholavo	22
dhoranne	22
dhoya	22
dhre	22
dhruvni	22
dhumketuna	22
dhumrapanna	22
dhumrapanne	22
dhutrashtrane	22
dhvanit	22
dhyanakarshak	22
dhyanathi	22
dhyeyne	22
diarem	22
dibgar	22
dies	22
dijhainro	22
dikarine	22
dikrina	22
dinajpur	22
dipado	22
dipresanne	22
dipti	22
dirgh	22
dishaoma	22
disleksik	22
disneyna	22
disordars	22
ditektiv	22
divana	22
divasoe	22
divasono	22
divijhanma	22
divse	22
divsone	22
diyonnu	22
dodvani	22
dodya	22
doj	22
dolars	22
domenma	22
donalde	22
dongreji	22
dorine	22
drashtant	22
drashyma	22
drashyoma	22
draupadini	22
dravyona	22
dregan	22
drink	22
drutagti	22
dubela	22
duda	22
dudal	22
dudhne	22
duk	22
dula	22
dungri	22
durgani	22
durgaram	22
dushkalna	22
dushkar	22
dushyant	22
dvivedie	22
echaivino	22
echbio	22
edalt	22
edie	22
edishanma	22
edministretar	22
edresne	22
edvoket	22
egyptno	22
ejansioma	22
ejansioni	22
ejis	22
ekamama	22
ekamani	22
ekarana	22
ekathu	22
ekauntanta	22
ekavchan	22
ekbijano	22
ekdhari	22
ekedemima	22
ekjhibishan	22
ekmomanthi	22
ekno	22
eksakyubitar	22
ekshel	22
ekstra	22
ektane	22
ektar	22
elaiv	22
elek	22
elekas	22
elifant	22
elisejh	22
elon	22
eltitine	22
eltitino	22
eme	22
emsi	22
emsiai	22
emsisi	22
endryu	22
enkod	22
enton	22
eps	22
epsilon	22
ervejhni	22
esar	22
esdi	22
esechji	22
esesel	22
esha	22
esma	22
espi	22
eta	22
etechment	22
evenjars	22
evrest	22
evri	22
fadanvis	22
failni	22
failoma	22
falavnikar	22
falkan	22
falono	22
falonu	22
fanto	22
faravana	22
faravano	22
faridabad	22
faridcoat	22
faro	22
farsima	22
farvu	22
fashivadi	22
fatyo	22
februarithi	22
fefsu	22
fekts	22
felavta	22
felavvani	22
felavyo	22
feliks	22
fenkata	22
fenkvana	22
fenkya	22
feravta	22
feravvani	22
ferfarona	22
fervel	22
feshanma	22
feshanni	22
fijhiyotherapi	22
filadelfiyani	22
filmas	22
final	22
finlendana	22
finley	22
firak	22
firozshah	22
flaitma	22
fojna	22
fordani	22
fraide	22
fransethi	22
fransiskoma	22
fransiskona	22
fransni	22
frog	22
frojhan	22
fulno	22
fute	22
futno	22
gadima	22
gagan	22
gaided	22
gajiyabad	22
galao	22
galathi	22
galav	22
galiyara	22
gambhirtathi	22
gamti	22
gandapanini	22
gandharvo	22
gandhigram	22
gangpur	22
ganitshastra	22
gans	22
ganthani	22
garbhanirodh	22
garbhastha	22
gardana	22
gardanma	22
gardanni	22
gardas	22
garjana	22
garmina	22
gathriya	22
gatiniyamak	22
gatividhione	22
gatro	22
gauda	22
gavdi	22
gayaki	22
gazaloma	22
geleri	22
geliyam	22
genda	22
gerard	22
gerbandharniy	22
gervajbi	22
ghadiyalni	22
ghadiyalona	22
ghado	22
ghalyo	22
ghanikran	22
gharangne	22
gharavata	22
gharono	22
ghasadi	22
ghascharo	22
ghasi	22
ghasiya	22
ghatadathi	22
ghatadvanu	22
ghatanakram	22
ghatela	22
ghavaya	22
gherama	22
ghodaona	22
ghodiya	22
ghudakhar	22
ghusankhoro	22
gijubhai	22
girnarana	22
girnari	22
giyana	22
glesiyar	22
glori	22
gnaneshvar	22
gnankoshma	22
gnyani	22
gochar	22
godfadharni	22
godma	22
gogin	22
gogoi	22
gokuldas	22
golardhana	22
golmal	22
gondiya	22
gopalak	22
gopeshvar	22
goradu	22
gorakha	22
gorakhnath	22
gorao	22
gothave	22
gothvanima	22
granthavli	22
granthsuchi	22
graphik	22
grifin	22
grins	22
grip	22
grups	22
guchchh	22
guchchhama	22
gugalne	22
gujarate	22
gujratbharma	22
gulabne	22
gulabnu	22
gulamini	22
gulbarg	22
gumavela	22
gumavvano	22
gunakhori	22
gunaoma	22
gunatmak	22
gunda	22
gundharmane	22
gundi	22
gunegarone	22
gunne	22
gunottarma	22
gunthi	22
guruvare	22
gvatemala	22
hachamchi	22
hada	22
haidrabadni	22
haidrojannu	22
haiest	22
hajarine	22
hakalpatti	22
haldarna	22
hansa	22
haranni	22
harave	22
harbandh	22
hardakor	22
haribhai	22
harine	22
haripar	22
haritkan	22
harivallabh	22
harivanshma	22
harna	22
harne	22
harper	22
hastamaithunni	22
hastantranni	22
hastinapurni	22
hasyaspad	22
hatha	22
hatheli	22
havaiyan	22
havi	22
hayadrojan	22
hayati	22
hedan	22
hejh	22
hekar	22
helena	22
hello	22
hels	22
hemchandracharye	22
hemoglobin	22
herina	22
herman	22
heroin	22
hetulakshi	22
hidan	22
hijrat	22
hilchalne	22
hilni	22
himandiona	22
himatlal	22
himesh	22
hindina	22
hinduoe	22
hinduono	22
hindustanma	22
hindutvani	22
hissaoma	22
hith	22
hitkari	22
hitlarna	22
hitna	22
hoj	22
holivudni	22
holni	22
holnu	22
homasted	22
hongkongma	22
hosting	22
hoyato	22
hujhur	22
humayuni	22
humayuno	22
humesha	22
humlaona	22
huno	22
husainna	22
ian	22
ibadat	22
ifemris	22
ijani	22
ijnerino	22
ijneroe	22
ikoloji	22
ikolojikal	22
ikonomist	22
ilastreted	22
ilektra	22
ilektronna	22
ilektronni	22
iliyaraja	22
ilkab	22
imartoma	22
imran	22
imuni	22
inchna	22
inchni	22
indakshan	22
indano	22
indao	22
indijhma	22
infarno	22
inglendathi	22
inglishma	22
inhonne	22
inishietiv	22
insaf	22
instityutni	22
instrumenteshan	22
insulinni	22
intimet	22
intiriyar	22
intono	22
intra	22
investar	22
investigeshan	22
ippon	22
iranne	22
iranthi	22
isanpur	22
ishanma	22
isht	22
ishvari	22
ismaili	22
ismat	22
ita	22
ivelyueshan	22
ivolyushan	22
jaduna	22
jagatbharma	22
jagdamba	22
jagyamathi	22
jahajani	22
jahangirna	22
jajment	22
jalashayna	22
jalavvana	22
jalio	22
jalmargo	22
jamadar	22
jamindost	22
jamingirione	22
jamingirioni	22
jamnagarni	22
jampin	22
janamya	22
janavama	22
janavine	22
janavu	22
janinik	22
janmadivase	22
janralna	22
januarye	22
japanioe	22
jarivala	22
jarmaninu	22
jaruriyatona	22
jasho	22
jatama	22
jathrantriy	22
javabdarina	22
javabdarino	22
javar	22
jayantini	22
jayantiya	22
jaye	22
jayendra	22
jayenge	22
jejh	22
jesor	22
jhab	22
jhadapma	22
jhamorin	22
jhang	22
jhanjh	22
jhany	22
jhindgi	22
jhumbeshna	22
jhumbeshno	22
jiang	22
jiem	22
jiemti	22
jifke	22
jillamthak	22
jindgina	22
jining	22
jis	22
jise	22
jitendra	22
jitna	22
jitvana	22
jivanchakra	22
jivanshailima	22
jivanshailine	22
jivanthi	22
jivda	22
jivnachritrakar	22
jivvani	22
jodashe	22
jog	22
johnasan	22
joieto	22
jom	22
jongamyo	22
jorapura	22
joshine	22
joshino	22
juduj	22
jugarni	22
jul	22
julaima	22
juli	22
junglena	22
jussadar	22
juthmanthi	22
jvalamukhio	22
jvalant	22
jyorje	22
jyorjiyo	22
jyotishiy	22
jyotishvidyano	22
jyotsana	22
jyupitar	22
kachrama	22
kaddalor	22
kadhata	22
kadhavano	22
kadheli	22
kadiya	22
kaflama	22
kahevashe	22
kahish	22
kaje	22
kajhakastan	22
kajhi	22
kalahandi	22
kalamne	22
kalarna	22
kalimpongni	22
kaliyugna	22
kalpanana	22
kalyankari	22
kamanima	22
kamansib	22
kamdarne	22
kamdaroe	22
kamgirinu	22
kamgirithi	22
kaming	22
kamishanma	22
kamitie	22
kamli	22
kampailar	22
kampanshil	22
kampeniyan	22
kampiyonato	22
kampo	22
kamponants	22
kampvali	22
kampyutarnu	22
kampyutarsama	22
kanak	22
kanchan	22
kanchanjangha	22
kandani	22
kandmul	22
kanger	22
kangri	22
kankara	22
kanpurna	22
kansortiyam	22
kanteinar	22
kanthkot	22
kantho	22
kapati	22
kapava	22
kapavama	22
kapnu	22
kapvanu	22
karakra	22
karakro	22
karamsad	22
karanj	22
karanne	22
karanono	22
karavasni	22
karavavo	22
karavay	22
karavdavyu	22
kards	22
karen	22
kark	22
karmacharina	22
karmacharini	22
karmani	22
karmanthi	22
karmel	22
karnaraoma	22
karnaraoni	22
karnavati	22
karobarni	22
karodasthidhari	22
kartani	22
karve	22
karyakaroe	22
karyakrone	22
karyalayni	22
karykramoni	22
karykshetra	22
karyothi	22
kasa	22
kasarato	22
kasbo	22
kasting	22
katana	22
kathaone	22
kathkali	22
kathorta	22
katil	22
katosan	22
katyayni	22
kaubhandma	22
kauboy	22
kaul	22
kaunsilar	22
kaunsilne	22
kauravone	22
kaurvoe	22
kaushalyani	22
kavan	22
kavino	22
kaviona	22
kavitaoni	22
kavontam	22
kavyana	22
kavyanu	22
kavyona	22
kayavrohan	22
kaydaoma	22
kdam	22
kdar	22
kedvyo	22
kei	22
kekarav	22
kelana	22
kelar	22
kempen	22
kenan	22
kendrasth	22
kendravarti	22
kendroni	22
kensasna	22
kenyon	22
keplar	22
keriar	22
kerinu	22
ketalek	22
kevda	22
kevli	22
keyboard	22
khadakmanthi	22
khadh	22
khadino	22
khadinu	22
khadyapdartho	22
khagolshastrana	22
khagolshastrioe	22
khakhi	22
khalela	22
khanagima	22
khanara	22
khandera	22
khanomanthi	22
kharchao	22
kharchya	22
khareda	22
kharekhari	22
kharidini	22
kharij	22
khasedai	22
khasedvani	22
khatripurvak	22
khaudhrapnu	22
khenchayu	22
kherva	22
khilela	22
khiljie	22
khiljina	22
khim	22
khinapradeshna	22
khissa	22
kholvani	22
khorakmathi	22
khorvai	22
khosla	22
khristioni	22
khulyo	22
khushithi	22
khyatiprapt	22
kids	22
kilomitarnu	22
kimmatoma	22
kinar	22
kingadma	22
kirtiman	22
kishansinh	22
kismat	22
kits	22
kiv	22
klarke	22
kliyring	22
kocharab	22
kodh	22
kodjh	22
kodna	22
kodokan	22
kokpit	22
kolsani	22
komik	22
kompresd	22
kondomma	22
konkordane	22
konsart	22
kopola	22
koppen	22
koraput	22
koriyane	22
korona	22
korporeshanno	22
korporeshnone	22
kos	22
koshikane	22
koshikaono	22
koshna	22
koshtakama	22
kotarnima	22
kotarnivala	22
kothar	22
kotreli	22
kraislar	22
krambaddh	22
krantikarioni	22
krijh	22
kritik	22
kriyani	22
kro	22
krosni	22
kshanoma	22
kshariy	22
kshatriyona	22
kshetrafalni	22
kshetramanthi	22
kublai	22
kudratma	22
kuhadi	22
kulena	22
kulne	22
kumali	22
kumarpalna	22
kundlini	22
kundma	22
kundni	22
kunku	22
kunvara	22
kuriyan	22
kurkumin	22
kurla	22
kurundu	22
kushaltane	22
kustibajo	22
kusum	22
kuthampalli	22
kuto	22
kutrao	22
kuvaitmanthi	22
kuvaitni	22
kvekar	22
kvest	22
kvijh	22
kvinsalendana	22
kvinsalendani	22
labharthe	22
labharthi	22
labhone	22
lachar	22
lachit	22
ladavano	22
ladayela	22
ladti	22
ladvana	22
ladvano	22
laga	22
lagam	22
laganini	22
laganioni	22
laghugrah	22
lagnino	22
lainthi	22
lakhnar	22
lakhoni	22
lakhvano	22
lakshmiji	22
lalchavva	22
laledu	22
lallubhai	22
lambagalana	22
lambaine	22
lambavvama	22
langar	22
langur	22
lasanni	22
laura	22
lavan	22
lavji	22
layans	22
lebenon	22
lekhakne	22
lekhanna	22
lekhitma	22
lekhni	22
lekhvama	22
leksingtan	22
lemb	22
lena	22
leng	22
lensadaun	22
les	22
levayelo	22
lidjhano	22
lif	22
liftani	22
limdi	22
limka	22
linayas	22
litima	22
liyan	22
liyonardo	22
lob	22
lobing	22
lojistik	22
lokhandani	22
lokhandne	22
lokhid	22
lokma	22
lokmany	22
loksahity	22
lolak	22
lonni	22
lords	22
lorens	22
lotmathi	22
ltteni	22
lugdi	22
lumbini	22
lyutheran	22
machhaligharma	22
machhliona	22
machligharne	22
madhapar	22
madhars	22
madhavji	22
madhvan	22
madhyakal	22
madhyakalma	22
madhyapurvana	22
madiye	22
madrina	22
madya	22
magadhna	22
magajno	22
magne	22
magyu	22
mahabharatno	22
mahadevjinu	22
mahadevpura	22
mahadvip	22
mahakavyani	22
mahakumbh	22
mahanirdeshak	22
mahanubhavoni	22
maharajne	22
maharao	22
maharashtrano	22
mahari	22
mahasagarne	22
mahasagarno	22
mahashivratri	22
mahashivratrina	22
mahavidyalayma	22
mahavirni	22
mahek	22
mahemanone	22
mahendi	22
mahentanu	22
mahim	22
mahoba	22
mahudana	22
maining	22
maitrey	22
majdur	22
majurone	22
makhi	22
makrand	22
malam	22
maldhari	22
malike	22
malma	22
malnath	22
malvano	22
malyali	22
mamuli	22
manamora	22
manarh	22
manavane	22
manavani	22
manavatana	22
mandalini	22
mandlike	22
mandvima	22
manekpur	22
mangalavare	22
mangati	22
mangeshakre	22
mangla	22
mangna	22
mango	22
manimhesh	22
manipurna	22
manisha	22
manita	22
manjeri	22
manjhil	22
manki	22
manovigyanni	22
mansal	22
mansoe	22
mansoni	22
mansur	22
mante	22
mantralayani	22
mantrie	22
mantrimandal	22
mantrimandalna	22
mantrona	22
manushyama	22
manushyone	22
manyatama	22
manyatane	22
manyataonu	22
manytathi	22
maori	22
mapnu	22
maramat	22
maravano	22
marcelus	22
marela	22
margona	22
margonu	22
marlin	22
marlon	22
marnar	22
marsh	22
martand	22
marvo	22
masalao	22
masna	22
matajie	22
matchnu	22
matdatao	22
matel	22
mathake	22
mathala	22
matiriyals	22
matrao	22
matvistarna	22
maulvi	22
maval	22
mavlankar	22
mayaspes	22
medisinma	22
medona	22
medridma	22
meghji	22
mehata	22
mehrab	22
meinastrim	22
meine	22
mej	22
melavda	22
melvavi	22
menahtanno	22
merathma	22
merej	22
merie	22
mesan	22
mesars	22
mesedoniya	22
mesh	22
michigan	22
microsofte	22
midiyani	22
midnait	22
migra	22
mijbani	22
mijho	22
mijhorini	22
mikenik	22
milakatone	22
milana	22
milni	22
milvauki	22
mindhola	22
mirekal	22
misal	22
misarama	22
mishre	22
mithaini	22
mithane	22
mitingma	22
mitroe	22
miyani	22
mobh	22
mobiliti	22
modalna	22
modalni	22
modals	22
modelno	22
modyular	22
mohani	22
mohanpur	22
mohindar	22
moj	22
mojano	22
mojao	22
mokalela	22
mokharanu	22
mokhdaji	22
mokshni	22
monogram	22
morna	22
mosal	22
motabhag	22
motera	22
mruda	22
mrug	22
mrutdehone	22
mubaraka	22
mudina	22
mughlona	22
mujaffarpur	22
mukel	22
mukhmanthi	22
mukvana	22
mulakationi	22
mular	22
munio	22
munshini	22
murshidabad	22
murtinu	22
murtiona	22
murtionu	22
murtipuja	22
musalmanone	22
musharafe	22
mushkelino	22
muving	22
myanmarma	22
myujhikma	22
myunik	22
nadalni	22
nadir	22
nafane	22
nafani	22
nagda	22
nagpurma	22
nagpurna	22
nagrikne	22
naherni	22
nahta	22
naidanik	22
nairobi	22
najib	22
nakamu	22
nakhush	22
naliyerni	22
nalni	22
nama	22
namankno	22
namibiya	22
namoni	22
namonu	22
namunana	22
namunani	22
nanannu	22
nanano	22
nanavti	22
nandadevi	22
nandlal	22
nankhine	22
narakna	22
nariman	22
narkasur	22
narnarayan	22
nashi	22
nashili	22
nashkakriya	22
nashvar	22
nasika	22
nasoma	22
nathaji	22
nathava	22
nathjidada	22
natika	22
naukadalni	22
navalkathaoni	22
navapra	22
navratilova	22
navratrini	22
nayakne	22
nedharlendajh	22
nek	22
nepchyunni	22
neretiv	22
netaoma	22
netaomanna	22
netvarkathi	22
neveli	22
nevu	22
nidar	22
nikalvano	22
nikel	22
nikita	22
nikone	22
nils	22
nirakar	22
nirdeshako	22
nirdeshanma	22
nirja	22
nirmala	22
nirmataoe	22
nirnayko	22
nishana	22
nishankapne	22
nishastrikran	22
nitinu	22
nitivishyak	22
nity	22
nivasione	22
nivaso	22
nivedanama	22
nivedita	22
niyamnu	22
niyamothi	22
niyantranone	22
niyojan	22
niyoklasikala	22
noiar	22
noida	22
nokha	22
nokridatao	22
nokro	22
noks	22
nondhva	22
notingham	22
novak	22
nrutyanu	22
nubra	22
nuh	22
nut	22
nyaymurtioni	22
nyayshastra	22
nyujhilendana	22
nyumen	22
nyuport	22
nyutrishan	22
obi	22
oda	22
odangi	22
odipas	22
ofisne	22
ogle	22
ohma	22
oilni	22
ojhark	22
oklendani	22
okna	22
oksijanna	22
oktet	22
olampiksama	22
olampiya	22
olvejh	22
oma	22
oni	22
onkoloji	22
oprah	22
optiks	22
optimaijheshan	22
ordanans	22
ordaona	22
ostinne	22
ostreliyanu	22
otaprot	22
pabandi	22
padchhayo	22
padedi	22
padhdhatino	22
padkare	22
padmabhushanthi	22
padre	22
padyama	22
pagarkha	22
pahadioma	22
pahali	22
pair	22
paisadar	22
pakadya	22
pakavavani	22
pakdayela	22
pakistanioe	22
pakshino	22
pakshivid	22
palakkad	22
palakma	22
palav	22
pallavo	22
palmeto	22
palmonri	22
paltanni	22
paltannu	22
palva	22
pamnara	22
pampma	22
pampno	22
panah	22
panano	22
panchasar	22
panchasra	22
pandue	22
pandvonu	22
panhochi	22
panipatna	22
pankhini	22
pankhona	22
panne	22
panthe	22
papne	22
papni	22
parajayno	22
paras	22
parchuran	22
pardada	22
pardafash	22
pardarshita	22
pardeshma	22
paredma	22
pargana	22
paribaloni	22
parikhe	22
parimal	22
parimanma	22
parinamono	22
parinamta	22
paristhitithi	22
parivarmanthi	22
parkano	22
parknu	22
parko	22
parkyusan	22
parmanuma	22
parmanuna	22
parmanuni	22
parmanunu	22
parn	22
parnera	22
parshiyana	22
parshvagayika	22
parspektiv	22
partio	22
parvade	22
parvatie	22
parvatma	22
parvatmalamathi	22
parvatnu	22
parvatothi	22
paryatakone	22
paryavarnna	22
paryushan	22
pashchadvarti	22
patharvama	22
pathke	22
paththarono	22
patilna	22
patli	22
patnana	22
patralekhan	22
paudi	22
pautro	22
pavanma	22
payal	22
payarup	22
paythagoras	22
pedhino	22
pejna	22
pejni	22
pekard	22
pepars	22
pepro	22
pepsikoe	22
perie	22
peshina	22
petakampnio	22
petalma	22
petima	22
petno	22
petrokemikals	22
phoksa	22
pidash	22
pidato	22
pidie	22
pielsi	22
pil	22
pilot	22
pinanna	22
pirojna	22
piskiping	22
pitathi	22
pitaya	22
pivi	22
plajhmodiyam	22
plantane	22
plating	22
pointathi	22
pokarya	22
polanma	22
polifinol	22
poligar	22
polisima	22
pols	22
pona	22
portalendane	22
portar	22
portret	22
portsamauth	22
portugijhona	22
posay	22
postakard	22
postamordan	22
potanathi	22
potarna	22
prabandhko	22
prabhari	22
prabhavnu	22
prabhutvane	22
pradarshanna	22
pradushak	22
praharo	22
prahsan	22
prajanu	22
prajatino	22
prajationo	22
prakaroni	22
prakriyamanthi	22
prakrutinu	22
prakrutivid	22
pramanenu	22
pramathnath	22
pramot	22
pramukhe	22
pramukhne	22
pranayam	22
pranij	22
praniothi	22
pranvayuna	22
prapat	22
prarthanao	22
prasangopatt	22
prasarne	22
prasnottari	22
prasri	22
prastavik	22
prastavno	22
prathamni	22
pratibhana	22
pratibhane	22
pratikono	22
pratio	22
pratiyogita	22
pravachanama	22
pravahita	22
pravahthi	22
pravartak	22
pravasvarnan	22
praveshne	22
praveshvano	22
pravruttino	22
pravruttinu	22
pravruttiono	22
prayadvip	22
prayatnarupe	22
prayojavama	22
prayoji	22
prayojko	22
prekshakoe	22
prekshakoma	22
prektikal	22
prernarup	22
prernathi	22
presidansi	22
presidenshiyal	22
presna	22
primiyamni	22
privi	22
priykant	22
procesing	22
prodaktane	22
prodiji	22
profit	22
protinni	22
protokolne	22
protokols	22
prushthani	22
pruthvirajji	22
puchhi	22
pudala	22
pujanu	22
pujhoni	22
punarutthan	22
punchhadina	22
puranni	22
puratatvavido	22
puravana	22
purgrast	22
purushno	22
purushono	22
purvabhumika	22
purvadharnao	22
purvag	22
purvakalin	22
purvanu	22
purvardh	22
purveno	22
purvni	22
purvottar	22
pushpavti	22
put	22
putravdhu	22
pyurto	22
rabbar	22
rachanaonu	22
rachayelo	22
rachine	22
radta	22
rafik	22
ragi	22
raha	22
raidas	22
rain	22
rajanitik	22
rajasthanno	22
rajavadao	22
rajghat	22
rajha	22
rajkunvar	22
rajmata	22
rajnikant	22
rajno	22
rajshri	22
rajsuy	22
rajvadaone	22
rajyathi	22
rakamne	22
rakamno	22
rakhtu	22
rakshasno	22
ramasvami	22
ramban	22
ramchandran	22
ramdevpirnu	22
ramtono	22
ranars	22
ranchhodbhai	22
ranchhoddas	22
rande	22
randhavama	22
rangdarshi	22
rangi	22
rangmanchna	22
rangsutro	22
rapti	22
rashel	22
rashiye	22
rashtradhvajne	22
rashtrapramukhani	22
raskin	22
raspaberi	22
rastanu	22
rastaone	22
rathna	22
ravalna	22
ravalpindi	22
raychand	22
raygun	22
recorder	22
redavani	22
rediyal	22
refyuji	22
reinar	22
reinbo	22
rejhin	22
rejhistant	22
rekhakruti	22
rekhankan	22
rekhathi	22
reks	22
reman	22
reshmiya	22
reskyu	22
retini	22
retino	22
revenyu	22
ridli	22
riekshan	22
rikrant	22
rikvari	22
rinchhnu	22
rinyu	22
ripitar	22
riportama	22
riporting	22
risarvoir	22
risayaklingni	22
risivarni	22
ritrivajo	22
riyar	22
rodnu	22
roggrast	22
rohan	22
rohit	22
rojgarinu	22
roji	22
rojnishi	22
rojthi	22
rokanno	22
rokine	22
rokvu	22
rotlo	22
rouling	22
rovarna	22
rovre	22
rubru	22
rudhiprayogo	22
rudhirnu	22
rudyard	22
ruksh	22
rupangar	22
ruparel	22
rupram	22
rushabhdev	22
rushioe	22
rustam	22
rutuna	22
sabhamandap	22
sabhyapade	22
sabir	22
sabuna	22
sachavvama	22
sachchai	22
sachve	22
sachvine	22
sadachar	22
sadar	22
sadasyone	22
sadbhavna	22
sadguni	22
sadguru	22
sadhanma	22
sadhanno	22
sadhko	22
sadhuoni	22
sadiaoma	22
sadiona	22
safalatane	22
sahabhineta	22
sahasma	22
sahasra	22
sahbhag	22
sahbhagita	22
sahebno	22
sahel	22
sahela	22
sahgal	22
sahishnu	22
sahkarni	22
sahranpur	22
sahsthapak	22
sainye	22
saitno	22
sajivoma	22
saksena	22
sakshartano	22
sakshio	22
sakte	22
salagata	22
salgavine	22
saljhabargama	22
saljhabargana	22
samacharoma	22
samagralakshi	22
samajavat	22
samajdar	22
samajseva	22
samajshastrana	22
samanantar	22
samantvadi	22
samanvit	22
samarohni	22
samarohnu	22
samastipur	22
samasyama	22
samavishth	22
samayelu	22
samaygalano	22
samaymaryada	22
samba	22
sambandhothi	22
sambdhi	22
sambhalma	22
sambhalyo	22
sambhavanane	22
samikshako	22
samjavyo	22
samjutina	22
samjutio	22
sammatithi	22
sammet	22
sampadyo	22
sampttino	22
sampurnrite	22
samragyi	22
samrajyamanthi	22
samratne	22
samrup	22
samthal	22
samtulya	22
samudayone	22
samuraine	22
sana	22
sanbandhani	22
sanbandhoni	22
sanbhalava	22
sanchalkiy	22
sandarbhana	22
sandeh	22
sandeshaone	22
sandeshaoni	22
sandeshna	22
sandhaone	22
sandovayela	22
sandovni	22
sanga	22
sanghrshna	22
sanghrshno	22
sanghvadio	22
sangrahalayno	22
sangrahalyoma	22
sangrahna	22
sanhitane	22
sanidhyama	22
sanjan	22
sanjivni	22
sankade	22
sanketatmak	22
sanketlipima	22
sanketlipino	22
sankulno	22
sankulnu	22
sanmanajnak	22
sanoda	22
sanrakshanne	22
sansadhnona	22
sansadhnoni	22
sansarg	22
sansarni	22
sanshadhno	22
sanshay	22
sanshodhit	22
sanskaranama	22
sansmarno	22
sansthanik	22
sansthaomanni	22
santai	22
santaklojh	22
santna	22
sanvaidhanik	22
sanvedanatmak	22
sapdai	22
sapekshama	22
saporting	22
saptarshi	22
saptembarni	22
sarama	22
sarasvatina	22
sarasvatini	22
saravarathi	22
sarghasma	22
sarhadni	22
sarjanno	22
sarke	22
sarkitma	22
sarnath	22
saroj	22
sarpnu	22
sarsaithi	22
sart	22
sartifaid	22
sarvabhakshi	22
sarvabhaumatvana	22
sarvarne	22
sarvarnu	22
sarvasva	22
sarvelans	22
sarvisna	22
sarvochya	22
saslu	22
saspend	22
saspended	22
sasto	22
satriya	22
sattadhikario	22
sattakal	22
sattaone	22
satyanu	22
satyendranath	22
saue	22
saundrylakshi	22
savalona	22
savarno	22
savdhan	22
savdhani	22
savita	22
saykoloji	22
saykolojikal	22
sayras	22
sebi	22
sed	22
sedal	22
segmento	22
sejh	22
sekandri	22
seksi	22
seksually	22
selar	22
seli	22
semifainal	22
sendvich	22
senetni	22
serotonin	22
sevej	22
sevko	22
shabaprirakshan	22
shabdansh	22
shabdbhandol	22
shahidoni	22
shahnavaz	22
shahnu	22
shakhanu	22
shakhaona	22
shakvane	22
shamn	22
shanina	22
shankarna	22
shano	22
shantikalno	22
shantinu	22
shantisenama	22
shapar	22
shardi	22
shariyat	22
sharjah	22
sharmani	22
sharnarthioni	22
shaskonu	22
shastrie	22
shastrina	22
shastrine	22
shastrokt	22
shastrone	22
shatkon	22
shatranj	22
shatruna	22
shatruta	22
sheksapiyarna	22
sheli	22
shempalein	22
sherdharak	22
sherdharkone	22
shernu	22
shetani	22
shethni	22
shibiro	22
shighra	22
shikarma	22
shikhavi	22
shikhonu	22
shikhre	22
shikhta	22
shikhve	22
shiladitya	22
shilao	22
shirobindu	22
shirshakma	22
shiva	22
shivapuri	22
shivaratri	22
shivjina	22
shivrajpur	22
shivsagar	22
shobhna	22
shodhavu	22
shodhayeli	22
shono	22
shoshanne	22
shoshit	22
shradhdha	22
shramjivi	22
shrapthi	22
shrifal	22
shrinivasan	22
shriraghavkrupabhashyam	22
shudhdh	22
shukrachary	22
shvetnayna	22
siachin	22
sibi	22
sibiai	22
sichuan	22
sief	22
sigmand	22
signalne	22
sikkimno	22
sikotar	22
siksth	22
silebik	22
silsilo	22
simane	22
sina	22
sinai	22
sindhthi	22
sinemetik	22
sinho	22
sink	22
sinka	22
siriyai	22
sisam	22
sisilima	22
sisodra	22
sistamsama	22
sitanshu	22
sitibenk	22
sitijhan	22
sitikorp	22
siyera	22
skenar	22
skendineviyan	22
sketing	22
skirt	22
skrol	22
smarakma	22
smarakno	22
smarakoma	22
smarnarthe	22
smithne	22
snayuma	22
sodami	22
sodane	22
somali	22
songadhthi	22
sonipat	22
sopai	22
sopava	22
sopayu	22
sopine	22
sopya	22
sosaytie	22
spardhamanthi	22
spardhatmakta	22
spark	22
spein	22
spesh	22
spesifik	22
spining	22
springar	22
srotoni	22
staffna	22
stambheshvar	22
stambhna	22
stambhni	22
stambhone	22
staroni	22
steshnone	22
stetasma	22
sthalantarni	22
sthalonu	22
sthanno	22
sthapayelu	22
sthapel	22
stimbot	22
stol	22
storni	22
strakcharal	22
streit	22
strie	22
strima	22
stros	22
strotoni	22
subhadrana	22
subhadrane	22
subhashbabune	22
subodh	22
suchanthi	22
suchavya	22
sudhadra	22
sudharaone	22
sudharine	22
sudrudh	22
sugrathit	22
sumer	22
sumeriyan	22
sumra	22
sundartani	22
sundartathi	22
sunvala	22
supma	22
surendra	22
surgana	22
surma	22
surti	22
suryagrahan	22
suryamukhi	22
suryne	22
surynu	22
susajjit	22
suti	22
suva	22
suvikhyat	22
suviksit	22
svajno	22
svanone	22
svapnma	22
svarchakra	22
svarojgar	22
svarupano	22
svarupona	22
svaruponu	22
svayamsevakoni	22
svicho	22
svikarnar	22
svikarti	22
svikaryata	22
tafavatno	22
tafavatthi	22
tafavtone	22
tahevarane	22
tahevarona	22
tahevaroni	22
tahir	22
taira	22
taiteniyam	22
tajik	22
tajo	22
taknikne	22
talavoma	22
talibane	22
taliyani	22
talo	22
talpad	22
talu	22
talvarbaji	22
tamakune	22
tamrpatra	22
tanakhla	22
tanjavurma	22
tanjor	22
tankya	22
tankyu	22
tanni	22
tantuao	22
tapti	22
taralta	22
taranhar	22
tarankit	22
taraoma	22
tarbocharjars	22
tarikhma	22
tarine	22
tarjani	22
tarkne	22
tarkno	22
tarning	22
tashkand	22
tatasthata	22
tatpar	22
tattvoni	22
teamnu	22
tebalma	22
tedi	22
tejina	22
tekedaroe	22
teknikno	22
tekro	22
telifoni	22
teluguma	22
tendar	22
teng	22
tenin	22
tentelam	22
teping	22
teres	22
teresana	22
terif	22
tetli	22
thach	22
thaish	22
thakorji	22
thakorni	22
thekadi	22
theravva	22
therepi	22
thervi	22
thes	22
thijela	22
things	22
thiyetarni	22
thiyo	22
thiyrio	22
tho	22
thrash	22
throtal	22
thruput	22
thumri	22
tibetno	22
tichar	22
tietro	22
tigris	22
tikhash	22
tilakne	22
tilakni	22
timmathi	22
timona	22
tiranthkaroni	22
tirhut	22
tirthadham	22
tirupati	22
tirupti	22
tolai	22
tomar	22
tomas	22
topivala	22
topkhanu	22
topmara	22
tornado	22
trafikna	22
traneyne	22
transa	22
transamishan	22
transaplant	22
transilveniya	22
trayi	22
tredishan	22
trelar	22
trenar	22
trianki	22
trikonmiti	22
trimandir	22
trinidadiyan	22
trishanku	22
trofini	22
tsang	22
tuchchh	22
tuchkao	22
tuji	22
tukdioe	22
tulbar	22
tunait	22
tunkagala	22
tunkagalama	22
turkina	22
turnaments	22
turno	22
tvinkal	22
tyarapchhini	22
tyumar	22
tyuringnu	22
tyushan	22
tyutoriyal	22
ubadkhabad	22
udadi	22
udarikaran	22
udarta	22
udave	22
uddar	22
udhi	22
udhna	22
udyogaptio	22
ugadva	22
ughadi	22
uhapoh	22
ujada	22
ujavaninu	22
ujavnine	22
ujavva	22
ukali	22
ukhimath	22
ukti	22
ulata	22
ultanu	22
umed	22
umeran	22
umervathi	22
unchaio	22
unchaithi	22
unhe	22
untni	22
upa	22
upadeshak	22
upadesho	22
upagrahnu	22
upagrahoni	22
upakranno	22
upamhadvipma	22
upamhadvipna	22
upcharni	22
updeshatmak	22
upkaranona	22
upkulpati	22
upnagroma	22
upnayan	22
upoyag	22
upvasibapu	22
upyogkartana	22
urgam	22
ushkere	22
ushnaktibandhna	22
usmanabad	22
utah	22
utarvama	22
utavali	22
utkal	22
utkrushtata	22
utpadakne	22
utpadanonu	22
utsahthi	22
uttarne	22
uttarpradeshna	22
vadalo	22
vadangarma	22
vadapradhanani	22
vadharathi	22
vadharene	22
vadhareni	22
vadhelu	22
vadodrane	22
vadtal	22
vagadine	22
vaghno	22
vagre	22
vahanavti	22
vahannu	22
vahechavama	22
vahivatdar	22
vahu	22
vaifai	22
vaijnath	22
vaikunth	22
vaishvikikaran	22
vait	22
vaividhyata	22
vaiya	22
vajannu	22
vakhatnu	22
vakribhvan	22
vakyana	22
valanna	22
valanni	22
valanno	22
vallabhi	22
valsadthi	22
vanaspatioma	22
vanaspationa	22
vanaspatishastra	22
vanayeli	22
vanchay	22
vangan	22
vangiono	22
vanima	22
vanraji	22
vanshajone	22
vanshiytane	22
vansho	22
vantda	22
vaprashkarone	22
vapravva	22
vaprayu	22
vara	22
varamvarni	22
varansina	22
varchual	22
vardhan	22
vargano	22
vargikranma	22
varis	22
varjhanni	22
varjhans	22
varkars	22
varmani	22
varme	22
varnanoma	22
varnavela	22
varnavta	22
varsadno	22
varsano	22
varshaganthana	22
varshna	22
vasahatione	22
vasahatna	22
vasahatni	22
vasantna	22
vaselo	22
vashi	22
vasnoma	22
vastunu	22
vasulvama	22
vasyu	22
vata	22
vathukam	22
vats	22
vavno	22
vayaka	22
vaydo	22
vayrasna	22
vayrasni	22
vayuma	22
vechti	22
vedono	22
vehikal	22
veiting	22
velani	22
velima	22
velo	22
velsani	22
venchanni	22
venkteshvar	22
vestaget	22
viaressi	22
vibhagmathi	22
vibhavnane	22
vibhishan	22
vichalan	22
vichalit	22
vichi	22
viddhvanoe	22
videshni	22
vidhanasbhe	22
vidhina	22
vidhini	22
vidhioma	22
vidhyanoe	22
vidhyapithna	22
vidi	22
vidyagauri	22
vidyapithni	22
vidyarthio	22
vidyasagar	22
vidyutvibhajan	22
vigyanio	22
vihang	22
vijadinu	22
vijaythi	22
vijbhar	22
vijetane	22
vijhard	22
vikaro	22
vikete	22
viketni	22
vikhavad	22
vikipidiyani	22
vikisrot	22
viklangta	22
vikrmadity	22
viksavvani	22
viktari	22
viktoriyan	22
vilinikran	22
viliyan	22
vimakaran	22
vimama	22
vimanona	22
vimedar	22
vinars	22
vindhi	22
vindos	22
vini	22
vipaksh	22
vipulta	22
virar	22
virodhina	22
virodhine	22
virudhhna	22
virynu	22
visfoto	22
vishalkay	22
vishleshanni	22
vishleshano	22
vishuvkal	22
vishuvvruttathi	22
vishvamanthi	22
vishvavyapak	22
vistarama	22
vistaranno	22
vistarel	22
vistarva	22
vistirn	22
vitarak	22
vitata	22
vivadna	22
vivadni	22
vividhtani	22
viyetnamijh	22
viyetnamna	22
vodkana	22
vokalsane	22
voking	22
vonts	22
vordpress	22
voriyar	22
vorning	22
voshingtanma	22
voshingtanna	22
vruddhino	22
vrudhdho	22
vrukshoma	22
vrukshothi	22
vrushabh	22
vyabhichari	22
vyaktittvano	22
vyathita	22
yachana	22
yadina	22
yadvona	22
yagyani	22
yaha	22
yahudiona	22
yahudioni	22
yakshi	22
yamunana	22
yantrana	22
yarn	22
yatraluone	22
yatranu	22
yesudas	22
yoga	22
yogiji	22
yogio	22
yojnaona	22
yojnaono	22
yonima	22
yuddhamanthi	22
yuddhe	22
yuei	22
yuesjies	22
yuesna	22
yuessiaies	22
yugnu	22
yugoslaviya	22
yuko	22
yukrenna	22
yusi	22
yuvanoe	22
yuvraje	22
zadio	22
zaghada	22
zankhara	22
zarakh	22
zonna	22
zumbeshane	22
zumpadi	22
aadatris	21
aadbandh	21
aadhunikaran	21
aadhuniktavadi	21
aadivasione	21
aafrikane	21
aafro	21
aagakhan	21
aagali	21
aagane	21
aaghatajnak	21
aaglo	21
aagmanni	21
aagno	21
aagotara	21
aagrahne	21
aaie	21
aaiemef	21
aaiemti	21
aaikonik	21
aailendama	21
aailendana	21
aailendani	21
aaimeks	21
aaiosi	21
aaipies	21
aaisi	21
aaiskrim	21
aaitiyu	21
aajad	21
aajubajuno	21
aakanksha	21
aakarshanne	21
aakramankaro	21
aakrutini	21
aalbammanthi	21
aalbarto	21
aalbatros	21
aalbeniya	21
aalekhayeli	21
aalochko	21
aalsu	21
aamerno	21
aamna	21
aamran	21
aamul	21
aanart	21
aandhli	21
aandhrana	21
aangan	21
aangliyat	21
aankdane	21
aankhno	21
aankne	21
aantrakriyao	21
aanumanik	21
aanyu	21
aapie	21
aapnarao	21
aarambhe	21
aarambhni	21
aarene	21
aarese	21
aarkabishap	21
aarkitekcharna	21
aarmeniyan	21
aarnolde	21
aaropione	21
aaropit	21
aartasma	21
aarti	21
aaryabhatte	21
aasaf	21
aasamni	21
aasbari	21
aashao	21
aashapuri	21
aashavadi	21
aashrito	21
aasthanu	21
aatankvadine	21
aatmalakshi	21
aatmanimajjan	21
aatmanirbharta	21
aautastending	21
aautlet	21
aavaj	21
aavartak	21
aavdatne	21
aavish	21
aavrutima	21
aavruttine	21
aavruttino	21
aavvane	21
aayami	21
aayar	21
aayatkar	21
aaynonu	21
aayogn	21
aayojanbaddh	21
aayojanno	21
aayojko	21
aayonosfiyrik	21
aayovanu	21
aayurvedni	21
aayush	21
abdali	21
abe	21
abhed	21
abhijit	21
abhimani	21
abhimanyuni	21
abhivyaktine	21
abhiyanni	21
abhyaranyane	21
abhyasakramoma	21
abhyaslekho	21
abhyasu	21
abrams	21
adalaj	21
adalatni	21
adamy	21
adda	21
adharni	21
adhikarakshetrama	21
adhikarakshetroma	21
adhikarioma	21
adhiniymo	21
adhiveshanna	21
adhyakshapad	21
adhyayma	21
adhyayna	21
ae	21
afer	21
africano	21
afrikana	21
agasini	21
agatsya	21
agiyarasne	21
agnidah	21
agnina	21
agotari	21
agrimata	21
ahit	21
aijhval	21
ainstainna	21
ajagar	21
ajanma	21
ajantani	21
ajavadu	21
ajmal	21
ajmavi	21
akhabare	21
akhbarni	21
akhbaroe	21
aksmta	21
alankaro	21
alaskama	21
alaskana	21
alayadu	21
alingan	21
alpaviram	21
alva	21
alvida	21
amaldar	21
amarsinhji	21
amasna	21
ambanina	21
ambanini	21
amdavadmanthi	21
americanoe	21
amerikana	21
amethi	21
amjad	21
amlikranna	21
amma	21
amogh	21
amrapar	21
amrelina	21
amrish	21
amroli	21
anamika	21
anantpur	21
anavashyak	21
andhkar	21
andhkarma	21
angad	21
angaraxak	21
angeji	21
anghad	21
angni	21
angrejine	21
ankavama	21
ankoma	21
anlimited	21
antarethi	21
antat	21
antne	21
antnu	21
antrayo	21
antro	21
anubhvati	21
anubhveli	21
anukulanne	21
anuona	21
anuradha	21
anusarna	21
anusarva	21
anusarvanu	21
anushakti	21
anveshak	21
anyano	21
apamanajanak	21
apani	21
apavitra	21
apavya	21
apayelo	21
apnavvano	21
apradhni	21
apvadne	21
arabiana	21
arajaktavadi	21
arambhna	21
arbuda	21
ardhama	21
ardhya	21
arebikma	21
arena	21
argentinana	21
arihant	21
aritha	21
arjima	21
arkansasma	21
arli	21
arnesto	21
arriya	21
arthana	21
asahya	21
asahyog	21
asaksham	21
asambhav	21
asarani	21
asarkaraktana	21
ashokangar	21
ashramne	21
asht	21
ashtakoniy	21
ashtaskhi	21
ashvadalna	21
ashvadalne	21
asmarthata	21
asmita	21
astey	21
asthama	21
asthina	21
asthine	21
astittvama	21
astitvavad	21
asuraksha	21
asuri	21
atake	21
athdai	21
atishyokti	21
atkav	21
atko	21
aundh	21
aurangzebni	21
aushdhi	21
autiharik	21
automobiles	21
avahak	21
avajthi	21
avakshayni	21
avarnniy	21
avaso	21
avasthao	21
avayavone	21
avganva	21
avgat	21
avirtapne	21
avishvasniy	21
avkashnu	21
avlambit	21
avrodhone	21
avsarpinikalna	21
avsheshoma	21
avsheshoni	21
avtarya	21
axarashah	21
ayaskani	21
ayaskano	21
babarna	21
babatnu	21
baben	21
babita	21
bachavine	21
bachchanne	21
bachche	21
bache	21
bachendri	21
badai	21
badalyu	21
badamno	21
badan	21
badhano	21
badhathi	21
badlavne	21
bagadi	21
bagadti	21
bagalkot	21
bagni	21
bahaduripurvak	21
baharavtiyo	21
bahendhari	21
bahenni	21
bahenone	21
bahenoni	21
bahinabaie	21
bahirmukh	21
bahlol	21
bahri	21
bahubhashi	21
bahuchraji	21
bahuk	21
bahukonna	21
bahumano	21
bahumativala	21
bahupatnitva	21
bahustariy	21
bahuvachanma	21
bahuvarshayu	21
baibalni	21
baja	21
bajaniya	21
bajhvadak	21
bajune	21
bakholma	21
bakshe	21
bakshie	21
baku	21
balakonu	21
balan	21
balashankar	21
balb	21
balrame	21
balrog	21
balsahityama	21
balyavasthama	21
bamroli	21
banai	21
banarasma	21
banavavo	21
banavayelu	21
banavne	21
banaya	21
bandhelo	21
bandhelu	21
bandhiyar	21
bandhmanthi	21
bandhvana	21
bandobast	21
bant	21
banvane	21
bapanu	21
baptismana	21
bapuna	21
barabri	21
bardolithi	21
bargadh	21
barin	21
barkali	21
barkhast	21
barning	21
barodani	21
barpeta	21
basanti	21
basket	21
basna	21
basso	21
batalima	21
bataliyno	21
batavel	21
batavine	21
bathrum	21
batrisi	21
bauddhavad	21
bauddhavadma	21
bayopsi	21
bayu	21
bebilon	21
begamni	21
begdo	21
behad	21
bekap	21
bekarna	21
bekhamna	21
bekteriyane	21
beldi	21
beljiyamna	21
bellari	21
benamun	21
bendavidth	21
bengluruma	21
benjhodiejhepin	21
benjhodiyajhepains	21
benkoma	21
bensan	21
berej	21
beriliyam	21
besadela	21
besadine	21
besalt	21
besata	21
beshudhdh	21
betva	21
bevdo	21
bey	21
bhagal	21
bhagatsinh	21
bhagedu	21
bhagidarina	21
bhagidarni	21
bhagidarone	21
bhaglane	21
bhagomathi	21
bhagtoni	21
bhagvama	21
bhagvanma	21
bhagvatma	21
bhaichara	21
bhaicharo	21
bhainu	21
bhajavvani	21
bhajvela	21
bhakhar	21
bhaktane	21
bhaktoe	21
bhalai	21
bhalene	21
bhaliya	21
bhanavavanu	21
bhangna	21
bhangyo	21
bhanot	21
bhanpur	21
bharathari	21
bharato	21
bharatratna	21
bharavanu	21
bharavi	21
bharayel	21
bhargav	21
bharma	21
bharmalji	21
bharposhan	21
bharuchma	21
bharuchthi	21
bharvu	21
bhase	21
bhashasahitya	21
bhashavar	21
bhashavid	21
bhashavignanna	21
bhaththio	21
bhaththu	21
bhatinda	21
bhatti	21
bhautikvignan	21
bhavatmak	21
bhavesh	21
bhavik	21
bhaviko	21
bhavnana	21
bhavthi	21
bhayma	21
bhayna	21
bhayni	21
bhedbhavno	21
bhedne	21
bhedo	21
bhejvada	21
bhel	21
bhent	21
bhinash	21
bhingda	21
bhintchitra	21
bhiti	21
bhojanne	21
bhojanshala	21
bhoy	21
bhugarbhiy	21
bhujiya	21
bhukampani	21
bhukhi	21
bhukhne	21
bhulai	21
bhulma	21
bhulna	21
bhulono	21
bhumik	21
bhumikano	21
bhumikathi	21
bhumini	21
bhumithi	21
bhumitina	21
bhushir	21
bhutanma	21
bidar	21
biechyu	21
biemdablyu	21
biemsi	21
bigalsane	21
biheviyar	21
bijano	21
bijhnesh	21
bijhnesmen	21
bildar	21
bildingne	21
bildingnu	21
biliyannu	21
binanvik	21
binduone	21
binjheri	21
binjodanvadi	21
binkaryaksham	21
binmaukhik	21
bino	21
biographi	21
biraje	21
bisisiai	21
biskit	21
bist	21
bitjhar	21
bitna	21
bitvin	21
blackberini	21
blujhma	21
blujhno	21
boardma	21
bochasanvasi	21
bodano	21
bodine	21
bohre	21
boksh	21
bolchalma	21
bolini	21
boliviyama	21
bologna	21
boltane	21
bondjh	21
boni	21
bons	21
borg	21
bosena	21
bosne	21
bosni	21
boyale	21
boyjh	21
brad	21
brahmagupt	21
brahmakund	21
brahmando	21
brahmanono	21
brahmavaivart	21
brait	21
brif	21
brijni	21
brine	21
bristol	21
britisharona	21
britishe	21
bruhdaranyak	21
bruk	21
bruks	21
bugi	21
buhari	21
bukarest	21
buldhana	21
bumrengne	21
burki	21
burundi	21
bushido	21
bushne	21
byurona	21
cardif	21
chabiono	21
chad	21
chadhav	21
chadhavva	21
chadiyati	21
chadiyatu	21
chahkoe	21
chai	21
chainana	21
chainijhna	21
chakari	21
chaki	21
chakki	21
chakrakar	21
chalavanar	21
chalni	21
chalte	21
chalvama	21
chamadini	21
chamakadar	21
chamatkaro	21
chamcho	21
champaklal	21
champo	21
chamundraj	21
chanchiya	21
chandinu	21
chandragiri	21
chandralekha	21
chandrika	21
chaparu	21
chapri	21
chapu	21
charbino	21
charbio	21
charitrane	21
charm	21
chas	21
chasnima	21
chatadar	21
chatha	21
chatralyo	21
chatrurthi	21
chattarpur	21
chatterji	21
chaturai	21
chaudharini	21
chaupai	21
chavanu	21
chayankan	21
chedana	21
chedchhad	21
cheinse	21
chekhav	21
chellama	21
chembarma	21
chempiyanshipnu	21
chempiyanshipo	21
chenalma	21
chennamma	21
chepo	21
cheritebal	21
chester	21
chetakosh	21
chetarva	21
chetatantra	21
chevat	21
chhagga	21
chhandobaddh	21
chhanta	21
chhantavama	21
chhhath	21
chhinkani	21
chhodta	21
chhote	21
chhth	21
chhutakaro	21
chid	21
chidambarme	21
chidra	21
chijono	21
chijvastu	21
chik	21
chikda	21
chikitsama	21
chikitsani	21
child	21
chingari	21
chirmiri	21
chita	21
chitraklama	21
chitrana	21
chitrapatma	21
chitrikran	21
chitronu	21
chodmanthi	21
chodoni	21
chokrini	21
choksi	21
chokthu	21
choli	21
chonki	21
chorvad	21
chotili	21
chotris	21
chuanna	21
chubkiy	21
chudel	21
chugtaina	21
chukavavano	21
chukavnu	21
chukavvo	21
chumbkiy	21
chundna	21
chuni	21
chuntaine	21
chupave	21
churu	21
chutni	21
computerma	21
congressi	21
congressomanthi	21
dabalsana	21
dabannu	21
dabavvani	21
dabbo	21
dade	21
daijest	21
dakhavi	21
dakhkhan	21
dakshinpachhim	21
dakuo	21
dalilne	21
dalitona	21
dalpatrame	21
dalpatramni	21
daltre	21
damanganga	21
damankari	21
damask	21
dandiyo	21
dandni	21
danna	21
dantakthama	21
danube	21
darajjano	21
daramani	21
daramyanni	21
darbargadh	21
dardie	21
dardinu	21
darham	21
daridra	21
dariyathi	21
darmyanma	21
darshakoma	21
darshata	21
darshavayel	21
darshavelu	21
darshkone	21
darshne	21
darvajane	21
dashama	21
dashavtar	21
dasherana	21
dashko	21
dashtikon	21
daskana	21
daskathi	21
dasmo	21
dasna	21
dastavejna	21
dastavejoni	21
dasthi	21
davaothi	21
dayashankar	21
dayetri	21
daylog	21
dayoksaidne	21
decembere	21
dekar	21
dekhavani	21
delhi	21
delvadana	21
demokresi	21
denara	21
denish	21
deol	21
deshantar	21
designnu	21
desk	21
destini	21
deto	21
devakina	21
devalu	21
devavrat	21
devdatt	21
devgadh	21
devgirina	21
devloma	21
devos	21
devtano	21
devyanine	21
dhab	21
dhadakama	21
dhadakani	21
dhadthi	21
dhakana	21
dhakha	21
dhalto	21
dhamal	21
dhamnima	21
dhancha	21
dhaniko	21
dhanivar	21
dhankine	21
dhanni	21
dhanpura	21
dhanushy	21
dhanyo	21
dhapave	21
dharao	21
dharavava	21
dharavnari	21
dharaya	21
dharmaguruo	21
dharmaprayan	21
dharmashastra	21
dharmone	21
dhartikamponi	21
dhatumanthi	21
dhatuoma	21
dhingli	21
dhirankarta	21
dhiranma	21
dhiru	21
dhirubhaie	21
dho	21
dhodhna	21
dholkiya	21
dhongi	21
dhorimargona	21
dhornoma	21
dhornona	21
dhro	21
dhrupade	21
dhrushtadyumna	21
dhule	21
dhumadane	21
dhundhli	21
dhura	21
dhyanarh	21
dhyanne	21
dibian	21
diel	21
diemke	21
diilvay	21
dijhaining	21
dijhaino	21
dijhayar	21
dijhnilend	21
dikans	21
dikripshan	21
dilvale	21
dimand	21
dimenshiya	21
dinadyal	21
dinar	21
dino	21
dipdo	21
direktarima	21
direktarsama	21
disembarni	21
disko	21
disleksiyana	21
ditekshan	21
divalona	21
divangat	21
divar	21
divijhannu	21
diyo	21
dodine	21
dodiya	21
dodni	21
dodta	21
dodvu	21
dokatro	21
doktar	21
dokyumentri	21
dolarne	21
donaldana	21
dorelu	21
dosho	21
dovning	21
dras	21
drashtima	21
drashtini	21
drashyani	21
draupadie	21
dravyna	21
drimd	21
dripma	21
dronno	21
drupadne	21
dub	21
dubaki	21
dubeli	21
dudheshvar	21
dudhiya	21
dukalna	21
dukalni	21
dukane	21
dukhavani	21
dukkarnu	21
dum	21
dumas	21
dungarma	21
dungarmala	21
dungra	21
dungroni	21
duniyathi	21
durasth	21
durgana	21
durlabhraj	21
durrani	21
dushmani	21
dushmanni	21
dushmanona	21
dushtata	21
dutavasma	21
dvandva	21
dvarni	21
dvashtikonthi	21
dvichakri	21
dvichar	21
dvipkalpana	21
dvipkalpani	21
echoji	21
ecosystem	21
editars	21
edith	21
edresna	21
edresno	21
edvansament	21
efi	21
ei	21
eidjhani	21
einsteine	21
ejeks	21
ejhra	21
ejhtek	21
ekadmi	21
ekantare	21
ekatarafi	21
ekaunts	21
ekavchanma	21
ekjuth	21
eksachenjo	21
eksapi	21
eksapiriyans	21
eksaploreshan	21
eksaport	21
eksarakha	21
eksarkhu	21
ekselans	21
ekyupankchar	21
ela	21
elam	21
elekatron	21
elekjhandra	21
elekjhandriyani	21
elepidi	21
eleppi	21
elisne	21
elosi	21
elsi	21
emarai	21
emesenbisi	21
emporiyo	21
emyujhment	21
enarai	21
endarasne	21
endars	21
endora	21
endre	21
enem	21
enesie	21
enfild	21
enimals	21
enjinyaring	21
enkoding	21
enkodings	21
enoi	21
enthropojenik	21
entoni	21
entonio	21
entrim	21
epartamentama	21
eplikeshanna	21
eplikeshanne	21
era	21
erando	21
eristoteliyan	21
eriyani	21
erlainni	21
erlainsane	21
erportathi	21
erports	21
esembal	21
esembalina	21
esesarai	21
esidno	21
esids	21
esni	21
esoshieshan	21
esosieshne	21
esosiyeshanni	21
establishment	21
esthar	21
esthetik	21
estronomi	21
estronomikal	21
ethiks	21
etiam	21
etlama	21
etlante	21
etlantikma	21
etrial	21
ettik	21
europno	21
evartan	21
evian	21
evioniks	21
fadhars	21
faiks	21
fajal	21
fakra	21
fakro	21
falmanthi	21
falne	21
falni	21
faloma	21
fandamental	21
fandana	21
fandne	21
farah	21
farahan	21
farishta	21
farkavyo	21
farmama	21
farmasyutikals	21
farto	21
fatehgadh	21
fatkaryo	21
fector	21
fedrik	21
fektarini	21
felavana	21
felavavama	21
felavvano	21
felaya	21
feluda	21
fenkay	21
fenkine	21
fenknar	21
fenkvo	21
fensalo	21
fensing	21
feravyu	21
ferfarma	21
ferfarno	21
ferfarnu	21
ferfarono	21
ferfarothi	21
fervvama	21
feshnebal	21
fesiliti	21
festivalnu	21
fijhiyoloji	21
filsufima	21
filsufoe	21
finish	21
fitni	21
fleshna	21
floraid	21
florence	21
fodi	21
fonta	21
fonts	21
forbsana	21
forbsani	21
forhend	21
fork	21
fortis	21
fosfarasna	21
fosfarasnu	21
fotao	21
francena	21
franko	21
fransanu	21
fransisi	21
fratej	21
frederik	21
fremne	21
frems	21
frenchma	21
frencho	21
frijh	21
frikvansijh	21
frimen	21
frive	21
froide	21
fugavathi	21
fulchhab	21
fulma	21
fuloma	21
fulsunghni	21
fulvadi	21
funkay	21
futbolver	21
gadag	21
gadhyani	21
gadvana	21
gajendra	21
gajha	21
gajhalnu	21
gajhlono	21
galanbindu	21
galima	21
galina	21
galini	21
galioma	21
galnakriya	21
galpan	21
galvani	21
galyan	21
gamatni	21
gambhirsinhji	21
gamdani	21
gamta	21
gamtu	21
ganai	21
ganaptini	21
ganatrine	21
ganeshjini	21
ganeshpura	21
gangasti	21
gangubai	21
ganitshastrana	21
ganto	21
ganyu	21
garasiya	21
garbad	21
garbhadharan	21
garbhashayna	21
garbhathi	21
garbhavasthama	21
gardi	21
garibona	21
gatarna	21
gathit	21
gaththa	21
gautame	21
gautamni	21
gautmi	21
gavano	21
gavarnarnu	21
gavayel	21
gayani	21
gaykone	21
gaziyabad	21
gejhet	21
gelerio	21
gelika	21
gelri	21
genbaku	21
geog	21
gerej	21
gerfaydo	21
geru	21
gervartanuk	21
gesanu	21
gesma	21
ghadiyadne	21
ghadiyalone	21
ghanshyam	21
ghantakarn	21
ghantva	21
ghasbhumi	21
ghatadama	21
ghatadavani	21
ghatkopar	21
ghatmanthi	21
ghatnanu	21
ghatnathi	21
ghato	21
ghatthi	21
ghaunne	21
ghetanna	21
ghetu	21
ghoshni	21
ghume	21
ghuntanni	21
giar	21
girmal	21
gitanjali	21
gitni	21
gitno	21
globlaijheshan	21
gnandev	21
gnatie	21
goan	21
gods	21
godsene	21
gohile	21
gohilna	21
gokalgay	21
gokhala	21
gokhlena	21
goldafishni	21
gols	21
goma	21
gomejh	21
gomteshvar	21
gon	21
goni	21
gonjhalejh	21
gopalrav	21
gos	21
gothavya	21
gothavyu	21
goti	21
govano	21
govindsinh	21
grahakane	21
grahakoma	21
grahiy	21
grahne	21
grampanchayat	21
granthalyo	21
granthanu	21
grefait	21
greil	21
grejyueshan	21
grim	21
grinhausni	21
gros	21
groupma	21
gudama	21
gudiya	21
guds	21
gudvil	21
gufaona	21
guha	21
gujare	21
gujratileksikan	21
gulabdas	21
gulabsinh	21
gulal	21
gulamone	21
gumaveli	21
gumbajni	21
gumbajo	21
gunana	21
gunani	21
gunatitanand	21
gundala	21
gunjan	21
gunothi	21
gunvan	21
gunvantray	21
gunvattano	21
guptachar	21
gupte	21
gurdaspur	21
gurjaro	21
gurung	21
gusal	21
gussa	21
guvera	21
gyantina	21
h	21
hadasne	21
haday	21
hadkano	21
hadtalne	21
hafijh	21
hafus	21
haidret	21
haines	21
hajarni	21
hajiro	21
halavi	21
hallo	21
hamirjini	21
handred	21
hang	21
hangerina	21
hanna	21
hapta	21
haptama	21
haradyal	21
haranna	21
harding	21
hardma	21
hargovind	21
haribhadra	21
harifne	21
harifone	21
harir	21
hariyanama	21
harki	21
harkishan	21
harmoniyam	21
hartjh	21
hastapratma	21
hatashama	21
hathana	21
hathila	21
hathiyaroni	21
hathno	21
hatina	21
hatva	21
hatyane	21
havamanthi	21
havanama	21
headerma	21
hedakvartars	21
hedron	21
helford	21
helva	21
hemchandracharyna	21
hemchandre	21
hempashayarni	21
hendarsan	21
hends	21
henrik	21
hens	21
heris	21
hestings	21
hetrik	21
hijarata	21
hilchalni	21
hilna	21
himachchhadit	21
himalayno	21
himanshu	21
himatvan	21
hindine	21
hindini	21
hindon	21
hindutv	21
hindutvana	21
hiroin	21
hiroshimama	21
hiroshimana	21
hitlare	21
hitlarne	21
hoacks	21
hoddani	21
hodma	21
hokayantrama	21
hokayantranu	21
hole	21
homerik	21
homo	21
hormons	21
hospitalne	21
hostana	21
hostani	21
hotalni	21
hotalnu	21
hras	21
hulamna	21
hulamnu	21
hulk	21
humalakhorone	21
humlaoni	21
humpi	21
hyderabadna	21
hyugo	21
hyum	21
idiya	21
ido	21
iespien	21
ijano	21
ijhrayelni	21
ikohaidroloji	21
ikol	21
ikonomiksama	21
ilam	21
ilektronno	21
ilora	21
ilyu	21
imar	21
imuo	21
indana	21
indastrina	21
indie	21
indochaina	21
indonesiama	21
infleshan	21
influenjha	21
inlain	21
inlet	21
insaidar	21
instans	21
intarneshnalna	21
intarnetno	21
intelne	21
intna	21
intni	21
intona	21
iridiyam	21
isabgul	21
ishak	21
ishuno	21
isiti	21
iskemik	21
isle	21
isroe	21
istoniya	21
istri	21
isvisanni	21
italian	21
itarnal	21
itava	21
ithilin	21
itli	21
itlini	21
ivans	21
jadvama	21
jagannathpuri	21
jagdusha	21
jahajana	21
jahajno	21
jaheratno	21
jaheratonu	21
jaimini	21
jainachary	21
jakh	21
jalbandh	21
jalmagna	21
jalvine	21
jamaikama	21
jamalne	21
jamangarma	21
jamavavama	21
jamindari	21
jamli	21
jamnethi	21
jamnu	21
janan	21
janatana	21
janavro	21
jangalne	21
janjagruti	21
jankarina	21
jankarino	21
janmano	21
janmave	21
janmejay	21
janna	21
janni	21
janretiv	21
jansanghna	21
jantunashako	21
janyuarini	21
japanione	21
jarmeniyam	21
jaruriyatoma	21
jasatni	21
jashbhai	21
jatiomanthi	21
javabadarini	21
javai	21
javanone	21
javata	21
jayantilal	21
jayfalno	21
jaypurthi	21
jaysinhne	21
jaysinhni	21
jed	21
jenet	21
jepi	21
jerom	21
jesika	21
jete	21
jethabhai	21
jevanke	21
jhanda	21
jhando	21
jhanjhibar	21
jhansina	21
jhatakni	21
jheng	21
jhindabad	21
jhinu	21
jhoni	21
jhulto	21
jillathi	21
jinas	21
jine	21
jini	21
jiofrini	21
jipsam	21
jira	21
jiraksala	21
jitni	21
jitpur	21
jitsu	21
jiu	21
jivadori	21
jivanabhar	21
jivanparyat	21
jivanvruttant	21
jivapar	21
jivaram	21
jivoni	21
jivtantra	21
jivvaignanik	21
jodanama	21
jodanar	21
jodidar	21
jodvana	21
joel	21
jogidas	21
johnny	21
jokhmoma	21
joli	21
jomon	21
joshimath	21
josho	21
jovo	21
jugatram	21
juliya	21
jumlo	21
jumma	21
jutha	21
jyorjiyana	21
jyus	21
kabajamanthi	21
kabirvad	21
kabra	21
kabulma	21
kachbao	21
kacherina	21
kachranu	21
kadalundi	21
kadambini	21
kadambna	21
kadambri	21
kadhayela	21
kadhela	21
kadhti	21
kadmium	21
kadvo	21
kadvu	21
kafka	21
kagajh	21
kagalna	21
kagalne	21
kaheli	21
kahevanu	21
kaikeyine	21
kaind	21
kaji	21
kakeshas	21
kakshiy	21
kalabna	21
kalakarnu	21
kalaknu	21
kalaoni	21
kalapino	21
kalarni	21
kalelakar	21
kalindi	21
kalkattathi	21
kaloral	21
kamandana	21
kamansibe	21
kamata	21
kamaturta	21
kamavva	21
kamay	21
kamdarna	21
kamdarono	21
kamitima	21
kamladevi	21
kampa	21
kampail	21
kampniomanthi	21
kampresd	21
kamse	21
kanchi	21
kandivli	21
kandma	21
kanekt	21
kaningham	21
kankal	21
kanono	21
kanpura	21
kanpurni	21
kansana	21
kansart	21
kanshiram	21
kanthsth	21
kantrold	21
kanyana	21
kanyane	21
kapadano	21
kaparu	21
kapayela	21
kapdu	21
kapkup	21
kappa	21
kapro	21
karachlo	21
karakri	21
karanno	21
kararbadhdha	21
karavelu	21
karavvi	21
karbanne	21
karbodit	21
karimangar	21
karini	21
karishma	21
kariyatu	21
kariyavar	21
karkirdinu	21
karmacharioma	21
karmcharine	21
karmik	21
karmone	21
karolinama	21
karoliya	21
kartavya	21
kartavyu	21
karverana	21
karverani	21
karykramona	21
karykramone	21
karyshala	21
kashmirne	21
kasho	21
kashunk	21
kashyapni	21
kasiya	21
kasotima	21
kataka	21
katara	21
katarlekhan	21
katarna	21
kathalti	21
kathaoni	21
kathaono	21
kathitapne	21
katihar	21
kattabomman	21
kattarvadi	21
katu	21
kau	21
kaumudi	21
kavartar	21
kavatrama	21
kavinu	21
kavyane	21
kavyaprakar	21
kavyashastra	21
kayaplat	21
kaydaonu	21
kaysar	21
keb	21
kedmanthi	21
kejrival	21
kelavanikar	21
keleri	21
kelkyuletar	21
keltik	21
kemeliya	21
kempein	21
kendri	21
kendromannu	21
kendrone	21
kenede	21
kenedini	21
kenma	21
kenne	21
kenneth	21
kenni	21
kens	21
kentanijh	21
kentrel	21
kenyama	21
keos	21
kepitol	21
keptiv	21
keriyars	21
kerotin	21
kesriya	21
ketal	21
ketalakne	21
ketherin	21
kethliko	21
ketlaye	21
ketlog	21
khadkad	21
khadkomanthi	21
khadkona	21
khagdiya	21
khagolshastrama	21
khalifana	21
khalifani	21
khandmanthi	21
khangikran	21
khanijmanthi	21
khanijna	21
khanijne	21
khanijtel	21
khanolkar	21
khanoma	21
khapi	21
kharabma	21
kharchano	21
kharchna	21
khare	21
kharidadar	21
kharidata	21
kharidavana	21
kharidina	21
kharidino	21
kharidvanu	21
kharod	21
khasa	21
khavdave	21
khavo	21
khegar	21
kheladino	21
kheladiono	21
khench	21
kherali	21
khil	21
khimeshvar	21
khovayeli	21
khristiona	21
khullama	21
khunna	21
khyalno	21
kich	21
kichan	21
kifsi	21
kijhne	21
kilad	21
kilinochchi	21
kilomitarma	21
kilovot	21
kimino	21
kinarane	21
kingadmama	21
kingdamno	21
kinnor	21
kirloskar	21
kirnone	21
kirnotsargana	21
kishanganj	21
kishori	21
kitako	21
kittur	21
klaboma	21
klabs	21
klach	21
klainta	21
klajenfartama	21
klasma	21
klein	21
klerens	21
klov	21
kobi	21
kofina	21
kohinur	21
koike	21
koil	21
koino	21
kojhikodna	21
kokila	21
koking	21
kolaba	21
kolamama	21
kolestrol	21
koling	21
kolonima	21
komama	21
komansama	21
komni	21
kompyutars	21
kompyuting	21
kongresma	21
konrad	21
konsept	21
konsortiyam	21
kopinu	21
kord	21
korliyonna	21
korne	21
korporeshannu	21
kortani	21
koru	21
koshama	21
koshone	21
koshono	21
kotari	21
kotarkam	21
kothariya	21
kotini	21
kotrayel	21
kottakkal	21
koydo	21
kramachyoni	21
kramankma	21
krantie	21
krekar	21
kreols	21
kriketne	21
krish	21
kriyanu	21
kriyaoma	21
kriyaone	21
kriyatmak	21
krohanno	21
kromma	21
krujhar	21
krushima	21
krushina	21
krushnakumarsinh	21
krushnan	21
krutinu	21
krutiyo	21
krutvarma	21
kshamtaoma	21
kubja	21
kuchma	21
kudrat	21
kukada	21
kukijh	21
kulu	21
kumavat	21
kumbhkarn	21
kumla	21
kunda	21
kuni	21
kupar	21
kurbani	21
kurd	21
kuriyar	21
kurm	21
kurnul	21
kurt	21
kutra	21
kutubuddin	21
kutumbijano	21
kutumbno	21
kvadrofeniya	21
kvinsalendama	21
kvolifayar	21
kvvali	21
labhkarta	21
ladainu	21
ladatne	21
ladayel	21
ladeli	21
lagadeli	21
lagavel	21
lagelo	21
laghuktha	21
laghunval	21
lagnagranthithi	21
lagnanu	21
lagnina	21
lagosma	21
lagosna	21
laguna	21
laish	21
lakdano	21
lakdio	21
lakhatu	21
lakhnauma	21
lakhpatjie	21
lakhti	21
lakhvi	21
lakhvu	21
lakshaniktane	21
lakshaniktaoma	21
laksharma	21
lakshmini	21
lakshyankit	21
lakshyone	21
lakulish	21
lambainu	21
lambama	21
lambavi	21
lambavine	21
lambgolakar	21
lansalot	21
lapta	21
larane	21
lashkarama	21
latakti	21
lathina	21
latoro	21
latviyai	21
lau	21
lavti	21
lavvu	21
laybal	21
lehmar	21
lekhnu	21
lektik	21
lenarao	21
lendaro	21
letino	21
leuva	21
liddel	21
lidhelu	21
liga	21
ligno	21
lijan	21
lilao	21
liludi	21
limbdina	21
linch	21
lindan	21
lingma	21
lionard	21
lipini	21
lipioma	21
lirbai	21
lisan	21
liye	21
lobhi	21
lobi	21
logono	21
lojh	21
lokakathao	21
lokakla	21
lokbhogya	21
lokgitona	21
loknatya	21
loksahityakar	21
loksanskruti	21
lokshahini	21
loni	21
lugnane	21
luntva	21
lut	21
machavyo	21
machhalinu	21
machhligharnu	21
machhlima	21
madharbords	21
madhubani	21
madhyabindu	21
madhyahna	21
madhyamno	21
madhyapradeshna	21
madhymoe	21
madhymoni	21
madi	21
madiyani	21
madkeri	21
madrine	21
madyapanna	21
magato	21
magazine	21
magfalina	21
maghi	21
magnio	21
magtu	21
mahabatkhan	21
mahabhiyog	21
mahabodhi	21
mahadevana	21
mahadevne	21
mahadji	21
mahagranth	21
mahalay	21
mahamastakabhishek	21
mahammd	21
mahanto	21
maharashtri	21
maharathi	21
mahasagroma	21
mahashveta	21
mahattvakankshi	21
mahavrat	21
mahdanshe	21
mahesanathi	21
maheshvari	21
mahinda	21
mahipal	21
mahotsavni	21
mahotsavnu	21
mahuvama	21
maithunno	21
maiya	21
majbutapne	21
majhumdar	21
majjatantu	21
makabranu	21
makaino	21
makanona	21
makhdum	21
maleriyathi	21
maleshri	21
malin	21
malviya	21
malvo	21
mameru	21
managemantni	21
manahar	21
manan	21
manane	21
manank	21
manasma	21
manasona	21
manasshastra	21
manavajat	21
manbhatt	21
manchestarma	21
mandalne	21
mandhata	21
mandiromanthi	21
mandovi	21
maneksha	21
mangavavama	21
mangavi	21
manglam	21
manglik	21
mangrol	21
manibhai	21
manie	21
manoramya	21
manspeshio	21
manthrane	21
mantranao	21
mantrani	21
mantrini	21
manushyanu	21
manvima	21
manyataprapt	21
manytano	21
mapdandne	21
marayur	21
marchanna	21
marchanno	21
mard	21
margi	21
margono	21
margret	21
marjar	21
markapa	21
marki	21
markino	21
markoni	21
marsel	21
marvana	21
masaj	21
masal	21
mashinne	21
masiha	21
maskana	21
maskano	21
matadaroni	21
matan	21
matdanma	21
matdaroe	21
mathale	21
matheranni	21
mathur	21
mathurama	21
matramel	21
matrano	21
matrubhumini	21
mattancheri	21
mausne	21
mava	21
mavil	21
mayavi	21
maynard	21
mayurbhanj	21
mechona	21
medanne	21
medannu	21
medanoni	21
megejhinoma	21
meghadhnush	21
meghadhnushya	21
mehargadh	21
meid	21
mekagro	21
mekenikal	21
meksavel	21
meksikoni	21
melavshe	21
mendo	21
menejarni	21
menga	21
meniya	21
menna	21
menni	21
menshan	21
merayo	21
meril	21
merina	21
meriyan	21
meriyon	21
merutunga	21
metadeta	21
metalna	21
metastesis	21
meterna	21
methini	21
mettupalyam	21
meva	21
mevo	21
mexicoma	21
meyarni	21
meyein	21
midfildar	21
midi	21
midiyano	21
midlends	21
midnapur	21
miga	21
mihir	21
mikina	21
mikini	21
milannu	21
milap	21
milet	21
milisekand	21
milktne	21
milon	21
minh	21
mirambai	21
mirambhen	21
misar	21
mishanne	21
mishanrio	21
mishiganma	21
mishranathi	21
mishranna	21
mistan	21
mithail	21
mithibai	21
mithyabhiman	21
mitsubishi	21
mob	21
modalno	21
modelnu	21
modlo	21
modo	21
moglo	21
mohali	21
mojheik	21
moju	21
mok	21
mokalvano	21
moklel	21
monal	21
mongal	21
mongoliya	21
monsun	21
montrel	21
monyument	21
morbina	21
morgej	21
morni	21
mory	21
motarsayaklo	21
motiram	21
mousenu	21
mrudukay	21
mrutko	21
mrutyuo	21
muddano	21
mukelo	21
mukeshne	21
mukharjina	21
mukharjini	21
mukhatrikon	21
mukhthi	21
mukkebaji	21
mukto	21
mukut	21
mulaksharna	21
muljibhai	21
mulnu	21
mulyono	21
mumbina	21
munar	21
mundan	21
mundrama	21
munisuvrat	21
muniya	21
munjhvanma	21
munshie	21
muraina	21
murdhanya	21
murri	21
musafarina	21
mushkelina	21
mushkeline	21
mushkelithi	21
musicni	21
muslimoe	21
muslimonu	21
mutsaddigiri	21
muvadu	21
myujhiyamno	21
myutini	21
nabhikiy	21
nadikinare	21
nadiomanni	21
nadionu	21
naduma	21
nafano	21
nagamti	21
nagarvelna	21
nagni	21
nagrikni	21
nagrina	21
nagro	21
nagrona	21
nahernu	21
nahtu	21
naijiriyani	21
naitras	21
najhivadna	21
nakani	21
nakhti	21
nakhvana	21
nakhvo	21
naklang	21
nakma	21
nakna	21
naksh	21
nakshatrana	21
naku	21
nalbari	21
nalika	21
namah	21
nammanthi	21
namona	21
namunane	21
nanakado	21
nanjibhai	21
nankado	21
nankhta	21
nankhya	21
nanubhai	21
naomi	21
narakne	21
narayanane	21
narivad	21
nariyelnu	21
narma	21
narna	21
naroli	21
narsanhar	21
narsinha	21
narvas	21
nasdek	21
nasha	21
natalnu	21
natyagruh	21
natyashala	21
naukadle	21
nauru	21
naushad	21
navabi	21
navagantuk	21
navatar	21
navembar	21
nedharlend	21
nellai	21
nellor	21
nenoni	21
nenonu	21
nepoliyanna	21
netajie	21
netana	21
neti	21
netrutvana	21
nevigeshnal	21
nevtron	21
nibandhsangrah	21
nichanvali	21
nid	21
nidanani	21
nidanna	21
nideshak	21
nihsvarth	21
nikadeli	21
nikalno	21
nikalvu	21
nikandan	21
nikasni	21
nikattathi	21
niklelo	21
nikotinnu	21
nimayela	21
nimiat	21
nirant	21
nirbhay	21
nirdayi	21
nirdesho	21
nirikshakoe	21
nirma	21
nirnayna	21
niro	21
nirodhak	21
nirupa	21
nirupanma	21
nirupti	21
nirvachan	21
nirvanni	21
nisargopcharni	21
nisbat	21
nishal	21
nishartr	21
nishfaltani	21
nishfaltano	21
nishkudanand	21
nishnatone	21
nishnatoni	21
nishthavan	21
nispanna	21
nitin	21
nityanand	21
nivarak	21
nivari	21
nivasioni	21
nivdela	21
nivdeli	21
nizamna	21
nokhi	21
nokrina	21
nominet	21
nondhavine	21
northaist	21
northavest	21
nrutyakaro	21
nyayadhishe	21
nyayakshetrama	21
nyayalaye	21
nyle	21
nyufaundalend	21
nyujhaprint	21
nyujhpepar	21
nyutoniyan	21
oalakhayo	21
oalakhayu	21
odan	21
odkhavi	21
ofishiyal	21
ofring	21
ogashtana	21
ohiyoma	21
ojas	21
ojhonno	21
oke	21
okhahran	21
oksikran	21
olakhpatra	21
olakhti	21
olkhatu	21
olkhine	21
omkarnath	21
omprakash	21
onarri	21
one	21
oneday	21
opareshan	21
opret	21
orada	21
oregonna	21
orient	21
orijins	21
oriyental	21
orkutma	21
orsang	21
osam	21
osaman	21
osan	21
osborne	21
osen	21
ostine	21
ostriyai	21
ota	21
oviai	21
ovre	21
pachinoni	21
padarthomathi	21
padaya	21
paddhatiothi	21
paddhatisarnu	21
padharela	21
padhiothi	21
padhravavama	21
padkarya	21
padmavat	21
pagalani	21
pageru	21
pagi	21
pagpesaro	21
pahadioni	21
pahadni	21
pahelne	21
pahelvan	21
paheravanu	21
paherelo	21
pahero	21
pahervano	21
pahle	21
pahonchadyo	21
pahoncheli	21
pahonchshe	21
paidu	21
pakadavano	21
pakadvana	21
pakadyu	21
pakavine	21
pakdela	21
pakhandi	21
pakhvadik	21
pakodi	21
pakoni	21
pakonu	21
pakshoma	21
palanni	21
palanpurna	21
palej	21
paliyad	21
pallavi	21
palto	21
pampna	21
pamvano	21
panchkon	21
panchme	21
panddaone	21
panddio	21
panivala	21
pankhida	21
pankhone	21
pankhvala	21
panktina	21
panktioma	21
panma	21
panthakma	21
papaiyana	21
papnu	21
paponi	21
paradhin	21
paradhinata	21
paragnayan	21
paragnu	21
parampragatrite	21
parampraona	21
parashurame	21
parasnath	21
parasparni	21
parcho	21
pare	21
parekhni	21
parfekt	21
paribhashao	21
paribhramanni	21
pariblothi	21
parighma	21
parikshanni	21
parikshitne	21
pariktha	21
parinamna	21
parinamonu	21
parinita	21
paripakvata	21
paripatra	21
parivarona	21
parivartaniy	21
parivartanone	21
parivartanthi	21
parivhan	21
parivhanne	21
parkane	21
parkar	21
parmanubhar	21
parmanune	21
parmanvik	21
parmare	21
parmarna	21
parmarth	21
parmatmanu	21
parsans	21
parshiyama	21
parshvanathne	21
partido	21
parvatini	21
parvatmalathi	21
parvatno	21
parvatomanthi	21
parvo	21
paryatanna	21
paryatanne	21
paryatanni	21
paryavarannu	21
paryavarnni	21
pasandagine	21
pasaoni	21
pasenu	21
pashvimi	21
patado	21
pataleshvar	21
patannu	21
pathavya	21
pathshala	21
pathyapustako	21
patrakarone	21
patrakartvama	21
patrata	21
patrna	21
patrnnu	21
pattane	21
pattina	21
patvardhan	21
pau	21
paulo	21
paundano	21
pavarpoint	21
pavars	21
payathi	21
payridoksin	21
paysam	21
pedashona	21
pedhhie	21
pedhhima	21
pedhhinu	21
pediyatrik	21
peid	21
peintings	21
pelena	21
pelesna	21
penals	21
pensilveniyani	21
pentagon	21
perumal	21
peshabma	21
peshine	21
peshione	21
peshvani	21
pesiv	21
petran	21
phlovr	21
phuli	21
pichhaoni	21
piddo	21
piditona	21
pidofilik	21
piefe	21
pijhano	21
piji	21
pinamma	21
pinao	21
pind	21
pipiem	21
pipla	21
piplod	21
pipodra	21
pirasva	21
piriodontal	21
pirojno	21
pitarsabarg	21
pitarsan	21
pithorgadh	21
pive	21
plague	21
plantano	21
planto	21
pleboy	21
plegna	21
plegni	21
plets	21
pleyarna	21
pocha	21
pocho	21
pod	21
pointana	21
pointano	21
pointing	21
pojh	21
pojhitron	21
policeni	21
polista	21
polyushan	21
popdo	21
poras	21
portas	21
posaidan	21
postaro	21
postej	21
potenshiyal	21
poteshyam	21
potri	21
pots	21
prabhuna	21
prabhupade	21
prabuddh	21
pradarshanno	21
pradhanmandalma	21
pradhanni	21
pradushanno	21
pradushannu	21
pragtavvama	21
pragtina	21
prajananni	21
prakarona	21
prakarono	21
prakirna	21
prakranoma	21
prakriyaono	21
prakrutino	21
prakshepatra	21
pralay	21
prameyo	21
pramukhapde	21
pramukhpadna	21
pranalika	21
pranapratishtha	21
praninu	21
praniomanthi	21
prantne	21
prarthanama	21
prasadne	21
prasaranma	21
prashansniy	21
prashishta	21
prashnane	21
prashnoma	21
prashnono	21
prastavma	21
prathama	21
pratibhavni	21
pratikarna	21
pratikriyana	21
pratikrupe	21
pratikrutio	21
pratikvad	21
pratinidhatva	21
pratinidhimandalna	21
pratinidhione	21
pratiyogitama	21
pratno	21
pravahio	21
pravahone	21
pravasanni	21
praveg	21
praveshadvaro	21
praveshno	21
pravruttiomanthi	21
prayasni	21
prayasono	21
prayogni	21
prefrans	21
prekitas	21
prekshak	21
premanandna	21
prernastrot	21
presni	21
prijham	21
prodaktani	21
prodakto	21
prodaktsanu	21
projektoma	21
protinna	21
protinne	21
protinnu	21
protokolnu	21
provaidars	21
prunas	21
prushthana	21
prushthavanshi	21
puchhata	21
puchhine	21
pujani	21
pukar	21
pukhto	21
pulusu	21
punajnan	21
punarjagran	21
punjabno	21
punkabjo	21
punroddhar	21
punvar	21
punyatithi	21
puranona	21
puraskarno	21
puraskarnu	21
puratattvavid	21
purnat	21
purnaviramno	21
pururva	21
purushonu	21
purvasandhye	21
purvasnatak	21
purvathho	21
purvavarti	21
purvetihas	21
putrino	21
putrinu	21
putrione	21
putrono	21
pyor	21
rabarne	21
rabarno	21
rachanano	21
rachnanu	21
rachvano	21
radbatal	21
radda	21
radhika	21
radio	21
radiya	21
rafina	21
rafting	21
raghuvira	21
rahevo	21
rahish	21
rahods	21
raibareli	21
raidar	21
raidars	21
raifalmen	21
raite	21
rajakoshiy	21
rajakvi	21
rajalal	21
rajapakshe	21
rajashahina	21
rajavadama	21
rajda	21
rajistreshan	21
rajkan	21
rajkaranne	21
rajkaranni	21
rajkumarini	21
rajmahelma	21
rajpura	21
rajputone	21
rajputoni	21
rajputonu	21
rajraj	21
rajvadaoe	21
rajvadi	21
rajyakal	21
rajysama	21
rakamma	21
rakhat	21
rakhayela	21
rakhie	21
rakhnara	21
rakhvane	21
rakshase	21
rakshasone	21
raktakno	21
raktano	21
raktapit	21
ralfa	21
rali	21
ramatavir	21
ramayela	21
rambha	21
ramkrushnana	21
ramnavmi	21
ramniy	21
ramshe	21
ramtagmatni	21
ranasan	21
randhavani	21
randhir	21
rangdravya	21
rangila	21
ranglo	21
rangodhlo	21
rangodi	21
rangvihin	21
ranip	21
ranjitsinhji	21
ranmalla	21
ranniti	21
rano	21
ranthambhor	21
ranthi	21
rap	21
rashima	21
rashiyathi	21
rashtrabhasha	21
rashtrae	21
rashtramandal	21
rashtrapatie	21
rashtravadna	21
rashtriyakrut	21
rashtronu	21
ratanji	21
ratash	21
rathne	21
ratrino	21
ratvaso	21
rayna	21
rebeka	21
rechak	21
redieshan	21
redif	21
rediyas	21
rediyoma	21
redon	21
reil	21
rejhang	21
rekordane	21
rekordas	21
rekordsama	21
relvi	21
ren	21
renbeksi	21
rest	21
retiyo	21
rhadayma	21
richardasan	21
rifresh	21
riharsal	21
rijan	21
rijharv	21
rijiyonal	21
rijolyushan	21
rilijiyas	21
ringing	21
ringma	21
rishi	21
risorts	21
ritthi	21
ritu	21
ritvik	21
rivolvar	21
riyuniyan	21
rods	21
rogonu	21
rojagarani	21
rojgardata	21
rokadiya	21
rokati	21
rokayeli	21
rokdiya	21
roktham	21
romnoe	21
rong	21
roshani	21
roshanni	21
roteshan	21
roulinge	21
rox	21
royni	21
ruchine	21
rupantranma	21
rupantro	21
rupatmak	21
rupaytan	21
rupoma	21
rutvik	21
sabathe	21
sabhyomanthi	21
sabut	21
sachavvani	21
sachine	21
sachvai	21
sachvay	21
sadachari	21
sadaguno	21
sadaparni	21
sadguno	21
sadhakne	21
sadhanni	21
sadhnonu	21
sadhuoe	21
sadine	21
sadko	21
sadra	21
safalatama	21
safarjanna	21
safvi	21
saghdu	21
sahasne	21
sahasranamna	21
sahastitva	21
sahayma	21
sahbhagione	21
sahelanione	21
sahir	21
sahityakaroni	21
sahjivan	21
sahni	21
sahsampadan	21
sahsi	21
saidar	21
saipras	21
saitras	21
saiyadni	21
sajivona	21
sakalyavadi	21
sakhate	21
sakhio	21
sakkarbag	21
sakriykrut	21
sakshartana	21
salage	21
salaman	21
salaskar	21
salsette	21
samacharna	21
samadhanni	21
samadhio	21
samadi	21
samagrio	21
samagrithi	21
samajshastrani	21
samajvadni	21
samajvo	21
samakshitij	21
samanatao	21
samanna	21
samanne	21
samantane	21
samarela	21
samarohna	21
samarthanne	21
samarthanthi	21
samasyaoni	21
samasyaothi	21
samavti	21
samavyi	21
samaymanthi	21
samb	21
sambandhnu	21
sambhaji	21
sambhalvani	21
sambhavniy	21
sambhvitta	21
samdhi	21
samenu	21
samikshakoe	21
samipe	21
samitino	21
samjata	21
samma	21
sammelanna	21
sammelannu	21
sampadanoma	21
sampadya	21
samprati	21
sampurnanand	21
sampurnapne	21
samrate	21
samratni	21
samsyana	21
samtalma	21
samudradhuni	21
samuhmathi	21
samuraina	21
sanbandhono	21
sanbhalata	21
sanbhalay	21
sandarbhani	21
sandeshama	21
sandeshno	21
sandhye	21
sandipni	21
sangai	21
sangathanoma	21
sangathhanma	21
sanghrshne	21
sanghrsho	21
sangitagn	21
sangitkaroe	21
sangramni	21
sanhitano	21
sankaday	21
sankhyakiy	21
sankhyanu	21
sankirn	21
sankochai	21
sankramanne	21
sankulna	21
sanmanani	21
sanmukh	21
sanni	21
sanrachnatmak	21
sansadhanone	21
sansadnu	21
sansargma	21
sanshleshit	21
sanshodhanano	21
sanshodhankar	21
sanskrutie	21
sanskrutioe	21
sanskrutionu	21
sanskrutmanthi	21
sansmaran	21
sansthamathi	21
sansthanna	21
sansthanoma	21
sansthapit	21
santakrujh	21
santanone	21
santoshkarak	21
santrupti	21
santulanma	21
santvani	21
sanvadita	21
sanvar	21
sanvatsari	21
sanyojnono	21
sapekshavadna	21
sapma	21
sapramanta	21
saptahikna	21
saptami	21
sapushp	21
saradari	21
sarahana	21
sarakhavavama	21
sarakvani	21
sarbhon	21
sarbiyan	21
sardaroni	21
sardesai	21
sarjanama	21
sarjanne	21
sarjavani	21
sarjayu	21
sarkaroni	21
sarkit	21
sarni	21
sarod	21
sarpane	21
sarpo	21
sars	21
sarvagna	21
sarvaiya	21
sarvavyapak	21
sarvavyapi	21
sarvikal	21
sarvisne	21
sas	21
sata	21
satadharni	21
satark	21
satatypurn	21
sathidaroe	21
satlok	21
sattarma	21
satthi	21
satyagrahi	21
satyashodhak	21
satyata	21
saudary	21
saujany	21
saundaryane	21
saundaryathi	21
saunu	21
saurav	21
sauti	21
savft	21
savyasachi	21
sayantist	21
saylant	21
schulmathi	21
segva	21
sek	21
seles	21
selmon	21
selne	21
semikandaktars	21
sempal	21
senadhyaksh	21
senaoe	21
sendars	21
senegal	21
seshna	21
setsama	21
sevathi	21
sevika	21
shabdarth	21
shabdasmuho	21
shabdavali	21
shabde	21
shachi	21
shahajhampur	21
shahdol	21
shaherothi	21
shahji	21
shahu	21
shailioni	21
shaitani	21
shakambhri	21
shakhane	21
shakhaono	21
shakhaonu	21
shakhe	21
shakhna	21
shakunie	21
shalaono	21
shamlabapa	21
shammi	21
shana	21
shanana	21
shangare	21
shangareli	21
shanivarna	21
shankaracharye	21
shankarne	21
shankarni	21
shankra	21
shantimay	21
shantipurvak	21
shaolin	21
sharanarthi	21
sharebazarma	21
sharman	21
sharmane	21
sharme	21
sharmila	21
sharnarthio	21
shasanmanthi	21
shashtrothi	21
shauch	21
shaukat	21
shayari	21
sheksapiyar	21
shekspiyar	21
shekvama	21
sheldak	21
shempu	21
sherdimanthi	21
shergil	21
shershah	21
shetannu	21
shevad	21
shihora	21
shikhvva	21
shikshakne	21
shikshakoe	21
shikshankarya	21
shikshapatri	21
shingbaj	21
shire	21
shiromani	21
shish	21
shishrn	21
shita	21
shitlani	21
shivajini	21
shivalayma	21
shivgangai	21
shivjinu	21
shivlingne	21
shivno	21
shiyrarni	21
shobhana	21
shobhayatra	21
shobhe	21
shodhavano	21
shodhayela	21
shodhkary	21
shodhnu	21
shodhthi	21
shokhino	21
shot	21
shots	21
shraddhanjli	21
shrenik	21
shrenimanthi	21
shridevi	21
shriji	21
shril	21
shrilankano	21
shrungarik	21
shubharambh	21
shukle	21
shunyani	21
shuruat	21
shvarjhenegarna	21
siaidi	21
siar	21
sibisi	21
siddhraje	21
sienbisi	21
sigar	21
signalna	21
sijhanno	21
silbandh	21
silebal	21
silekshan	21
sili	21
silk	21
silva	21
simachinha	21
simaone	21
simathi	21
simavarti	21
simpal	21
simpasan	21
sinchaina	21
sinchaino	21
sindi	21
singalsana	21
singhane	21
sinhan	21
sinhbhum	21
sinhno	21
sinik	21
sipi	21
sipu	21
sirap	21
siriyana	21
sisiliy	21
siskoe	21
sisoti	21
sistema	21
sitano	21
sitinu	21
skening	21
sketard	21
skin	21
skorpiyans	21
skors	21
skots	21
skrabar	21
skutar	21
slim	21
sloveniya	21
smoki	21
snanagar	21
snayuoma	21
snayuoni	21
snigdh	21
sodhi	21
sofist	21
sofisto	21
softaverma	21
sohrab	21
sokhda	21
sole	21
soljar	21
solma	21
somaiya	21
somal	21
somnathni	21
sonathi	21
songadhma	21
sonina	21
sonini	21
sopan	21
sorabji	21
sorts	21
sosaytine	21
soshyalist	21
sparshata	21
spering	21
spidve	21
spinar	21
sporting	21
sports	21
spri	21
spufing	21
srotna	21
srotni	21
srotone	21
stambhoni	21
starke	21
staroe	21
stebal	21
stediyamne	21
stemford	21
stenfordani	21
stenles	21
stetan	21
stethoskopna	21
stetik	21
sthalantarna	21
sthannu	21
sthapatyakla	21
sthitisthapakta	21
stivans	21
stivansan	21
storse	21
stotr	21
stret	21
stretejik	21
stritni	21
strotne	21
subo	21
suchavyo	21
sucheta	21
suchnaone	21
suchvela	21
sudharathi	21
sudharnana	21
sudharvana	21
sudharvani	21
sudi	21
sugathit	21
sugriv	21
sujata	21
sujhav	21
sukavni	21
sukayela	21
sukshmadarshak	21
suleh	21
sulivan	21
sumitranandan	21
sunak	21
sund	21
sunda	21
sundarji	21
sundarvan	21
suparstar	21
suparvaijhar	21
supere	21
superstar	21
suprat	21
surgeonma	21
surie	21
surina	21
surymandalno	21
sushil	21
sushrut	21
susthapit	21
sutrane	21
sutroe	21
suvahya	21
suvidhaone	21
suzukini	21
svadani	21
svadupind	21
svaha	21
svakiy	21
svaminu	21
svan	21
svapnane	21
svarthi	21
svarupthi	21
svasthyvardhak	21
svatantratanu	21
svatantratasenani	21
svavlambi	21
svayamsanchalit	21
svayanchalit	21
svayat	21
svidanni	21
svikarvani	21
svikarvi	21
svitjharlendani	21
tadi	21
tadka	21
tadpatra	21
tagorne	21
tagornu	21
taimma	21
taimure	21
tain	21
taittiriy	21
takama	21
takanu	21
takavarini	21
taknikona	21
takoni	21
takshak	21
takshashilama	21
talapda	21
taletithi	21
talibanna	21
talimi	21
talma	21
talukane	21
talvu	21
tamame	21
tanavma	21
tanavpurn	21
tangliya	21
tanjavurthi	21
tanno	21
tantranu	21
tantroma	21
tantuvadyo	21
tapaltikit	21
tapasi	21
tapaso	21
tapmanano	21
tapmanthi	21
tapuone	21
tarabai	21
tarai	21
tarangi	21
taraono	21
taravvama	21
tarbocharjarno	21
tarbol	21
tarikhno	21
tarpan	21
tarsadi	21
tartaj	21
tarva	21
tarvela	21
tatagliya	21
tatana	21
tatkshan	21
tattvona	21
tavi	21
tebalni	21
teknishiyan	21
tekno	21
teknolojio	21
tekriono	21
tekshi	21
telephoneni	21
teli	21
telikomyunikeshan	21
telikomyunikeshans	21
telo	21
temene	21
tenisni	21
tenkama	21
terentinoni	21
teresani	21
terrist	21
tesle	21
thakorna	21
thalio	21
thamb	21
thambhi	21
thandima	21
thara	21
that	21
thayi	21
theatreoma	21
thekedaro	21
thermometer	21
thin	21
thiyarine	21
thred	21
thret	21
thrigi	21
thrisur	21
thro	21
thron	21
ththo	21
tibetne	21
tiching	21
tidbalyue	21
tihar	21
tikho	21
tikitni	21
timbaktuma	21
timbaktuna	21
timbarva	21
timono	21
tip	21
tirandaji	21
tirthankaro	21
tirthankrona	21
tirunelvelima	21
tiruvannamali	21
tiruvrur	21
tis	21
tisyu	21
tivratathi	21
tiyananmen	21
tobegona	21
todavani	21
todya	21
tokyoma	21
tolemi	21
tolstoy	21
torent	21
totli	21
toyjh	21
trahit	21
transaformeshan	21
transetlantik	21
transi	21
traste	21
tratke	21
travelars	21
travels	21
travolta	21
trekma	21
trennu	21
trevis	21
trijane	21
trikonno	21
triliyanni	21
tripakshiy	21
troma	21
trupt	21
trusha	21
trushshurma	21
tukadina	21
tulsama	21
tulsidase	21
tunisiya	21
tunkagalani	21
tunkavine	21
tutsi	21
tutta	21
tvachama	21
tyarbadni	21
tyuringne	21
uakelo	21
uatpadannu	21
uchchari	21
uchchastariy	21
uchchattar	21
uchheri	21
uchhle	21
uchhline	21
udabhavati	21
udagmasthan	21
udaharanrup	21
udeshya	21
udghoshak	21
udhai	21
udhognu	21
udit	21
udriy	21
ughada	21
ugravadi	21
ugyo	21
ujar	21
ujavvani	21
ujavyo	21
ujvata	21
ulong	21
umarkot	21
umarma	21
umervi	21
umiyam	21
unchanvala	21
undarna	21
undho	21
unghmanthi	21
unghna	21
unghno	21
unjni	21
upagrahone	21
upakrame	21
uparjit	21
uparkotni	21
uparvas	21
uparvat	21
upavasna	21
updrav	21
upervasma	21
uplakshama	21
upnamo	21
upnishado	21
uppramukh	21
uprat	21
upsagar	21
upvan	21
upyogoma	21
urdhvamandal	21
uri	21
urnes	21
urutiya	21
urvashine	21
ushnata	21
utarpashimi	21
utaval	21
uthalpathal	21
uthavta	21
utpattina	21
utsahpurvak	21
utsechko	21
uttamchand	21
uttarapradeshma	21
uttarardhathi	21
uttarpashchimma	21
vachanmala	21
vachchovach	21
vadadla	21
vadae	21
vadapradhanana	21
vaddedar	21
vadharya	21
vadhavano	21
vadhavanu	21
vadhavi	21
vadhvanma	21
vadhvu	21
vafadarina	21
vag	21
vagara	21
vahanani	21
vahanavta	21
vahavi	21
vahechayelu	21
vahem	21
vahevaru	21
vahivatane	21
vahivatkartao	21
vahivatna	21
vaidhyakiy	21
vaidyanath	21
vaignanike	21
vaimeks	21
vaishnodevi	21
vaivart	21
vaivasvat	21
vajjika	21
vak	21
vakiloe	21
vaktavyama	21
vaktrutva	21
vakyane	21
valanama	21
valannu	21
valbhi	21
valera	21
valipna	21
vanai	21
vanakbori	21
vanaspatik	21
vanaspatima	21
vanaspatinu	21
vanaspationi	21
vanchavanu	21
vandha	21
vangione	21
vangioni	21
vannabudina	21
vansadio	21
vansanvardhan	21
vansdathi	21
vanshsutra	21
vanto	21
vanvasna	21
vaparayo	21
vaparvu	21
vaprayeli	21
varad	21
varakh	21
varangal	21
vardanthi	21
vardhama	21
vargamul	21
vargikranne	21
vargikranni	21
vargkhando	21
vargona	21
vargone	21
vargoni	21
varjiniyama	21
varkar	21
varmanu	21
varnal	21
varnapat	21
varno	21
varnvel	21
varraja	21
varren	21
varshiki	21
varshne	21
vartamanna	21
vartanama	21
vartanane	21
vartanna	21
vartanuklakshi	21
vartanunko	21
vartmanpatra	21
vartmanpatro	21
vartulakare	21
vasanji	21
vasantrutuma	21
vasavatna	21
vasavelu	21
vasavi	21
vasnara	21
vasnona	21
vastavikatane	21
vastaviktana	21
vastavvadi	21
vastroni	21
vasudevni	21
vasvatma	21
vatava	21
vatchitna	21
vatma	21
vatsyayan	21
vavajhodama	21
vavajhodani	21
vavajhodao	21
vavetarni	21
vavne	21
vavona	21
vayathi	21
vayovruddh	21
vayumandal	21
vayuyukt	21
vebar	21
vebastar	21
vebsaitne	21
vebsaitnu	21
vedavyase	21
vedhar	21
veding	21
vedoni	21
vedonu	21
vegman	21
vein	21
vek	21
vekeshan	21
velina	21
velingtan	21
vellor	21
velse	21
velshama	21
venamei	21
venchanna	21
vendi	21
venediyam	21
venejhuelama	21
veni	21
venila	21
veniti	21
venkat	21
venna	21
ventileshan	21
ventiletar	21
vepan	21
vepariona	21
veparioni	21
verana	21
verayti	21
verijhon	21
verisaine	21
verkas	21
vermont	21
veryo	21
veshe	21
veshyavruti	21
veta	21
veymar	21
vhen	21
vhiski	21
vibhagno	21
vibhajanno	21
vibhedak	21
vicharava	21
vichardharano	21
vicharshakti	21
vichita	21
vid	21
videshmanthi	21
vidheyatmak	21
vidheyo	21
vidhine	21
vidioma	21
vidiyone	21
vidiyono	21
vidyarthiono	21
vidyutiy	21
vigan	21
vignanik	21
vignannu	21
vijasthitimanma	21
vijasthitimanne	21
vijaygupt	21
vijetaone	21
vika	21
vikalpane	21
vikasatmak	21
vikasavavana	21
vikasavavi	21
vikasaveli	21
vikasva	21
vikendrikran	21
viketthi	21
vikrame	21
viksavvanu	21
viksine	21
vilayat	21
vilo	21
vimanonu	21
vimanu	21
vin	21
vinimayma	21
vinit	21
vinni	21
vintej	21
vipro	21
virani	21
viratana	21
virodhni	21
viruddhano	21
visangatta	21
visdon	21
visfotne	21
visfotni	21
vishayno	21
visheshagno	21
vishnupur	21
vishvakarma	21
vishvamitrane	21
vishvashanti	21
vishvastare	21
viskonti	21
vistarela	21
visthapan	21
vistrutikran	21
vitarako	21
vitavva	21
vitela	21
vithoba	21
vitranma	21
vitt	21
viveka	21
vivekanandne	21
viyar	21
viyenama	21
vodkane	21
voe	21
vojh	21
volta	21
vormingna	21
vorms	21
vostok	21
votsan	21
vrato	21
vrudhdhidar	21
vrukshno	21
vrukshonu	21
vrundavanma	21
vruttio	21
vude	21
vyajbi	21
vyakul	21
vyangchitro	21
vyaparikaran	21
vyaparne	21
vyavharo	21
vyavharoma	21
vyavsayoma	21
vyuhrachnane	21
vyutkram	21
yade	21
yaduna	21
yagnana	21
yahya	21
yakrutna	21
yakut	21
yaloston	21
yane	21
yarno	21
yashpal	21
yatha	21
yatre	21
yaugandhrayan	21
yoddhani	21
yogesh	21
yogik	21
yogne	21
yogsutra	21
yojan	21
yojashe	21
yojvanu	21
yonimarg	21
yot	21
yuddhakedio	21
yuene	21
yuesdie	21
yufretis	21
yuge	21
yujin	21
yukenu	21
yuki	21
yunaitedma	21
yuneskona	21
yuni	21
yunivarsitiona	21
yuniyannu	21
yuri	21
yuropmanthi	21
yuropne	21
yuti	21
yuvibi	21
zumbeshani	21
aabuna	20
aadarshavadi	20
aadithi	20
aadpedash	20
aafat	20
aafrikan	20
aafto	20
aaiaiefe	20
aaieie	20
aaietie	20
aaijh	20
aaijiem	20
aaikan	20
aail	20
aaipodne	20
aajhadna	20
aajva	20
aakarhin	20
aakashnu	20
aakramnone	20
aakro	20
aalampur	20
aalbamno	20
aalber	20
aalok	20
aambana	20
aambliya	20
aamra	20
aanandghan	20
aanandpar	20
aanchaki	20
aangalini	20
aangnu	20
aankdano	20
aankdashastri	20
aantarrajay	20
aantarvaiyaktik	20
aanti	20
aapghatna	20
aapish	20
aaraii	20
aaramthi	20
aarasas	20
aares	20
aarkiyoloji	20
aarohi	20
aaropma	20
aartio	20
aaryabhattana	20
aaryo	20
aashama	20
aashik	20
aashrammanthi	20
aasisted	20
aathme	20
aatmakthano	20
aautvard	20
aavad	20
aavaknu	20
aavasi	20
aayarlandna	20
aaye	20
aayuma	20
abajni	20
abhiprayne	20
abhiyanane	20
abhyasone	20
abi	20
adharo	20
adharthi	20
adhikrutta	20
adhiktam	20
adhiya	20
adla	20
afdhan	20
afin	20
agneyvadi	20
agnine	20
agragnya	20
agyan	20
ahinsani	20
ahuti	20
aise	20
ajvala	20
ajvali	20
akadminu	20
akalpaniy	20
akasmatthi	20
akho	20
aksharno	20
aksharothi	20
ala	20
alfred	20
alpain	20
amaldaro	20
amaldarshahi	20
amarnant	20
ambarish	20
amerikamanthi	20
amerikas	20
anajnu	20
anataray	20
andartekarna	20
andashay	20
anekavar	20
angamo	20
angar	20
angna	20
angne	20
angrejonu	20
anichchhit	20
anjna	20
ankna	20
ansari	20
antaradana	20
antarathi	20
antarctica	20
antimkriya	20
antimsanskar	20
antno	20
antyeshti	20
anubhavya	20
anukendriy	20
anukulanni	20
anuma	20
anusarni	20
anusarvani	20
anusarvano	20
anushastra	20
anyma	20
anyne	20
apattiy	20
apmanno	20
apradhik	20
apradhione	20
apramansar	20
aprilni	20
apshabdo	20
arakshit	20
aramna	20
ardhamagdhi	20
arjione	20
arthaghtanno	20
arthatantrani	20
arthtantrano	20
aruba	20
asaina	20
asakshamta	20
asanji	20
ashishnuta	20
ashisht	20
ashokni	20
ashtadhyayi	20
ashvamedh	20
aslamat	20
asrona	20
assistent	20
astittva	20
astitvavadi	20
athensna	20
athvale	20
atkavvanu	20
avarodhit	20
avbadh	20
avkashmanthi	20
avkashne	20
avrodhko	20
avsare	20
avyavo	20
ayaskama	20
babriya	20
bachvano	20
bachyu	20
badalvanu	20
badavakhorone	20
badlavna	20
badne	20
bagli	20
bagpat	20
bahukonni	20
bahusanskrutik	20
baibalno	20
bajarona	20
bajaroni	20
bakshish	20
balaghat	20
balie	20
balti	20
banana	20
banava	20
banavatni	20
banavdavyu	20
bandarane	20
bandhavela	20
bandhkamone	20
bandhnank	20
bandhvathi	20
bandhvo	20
bandrethi	20
bangalne	20
bankno	20
banma	20
banvama	20
bany	20
barat	20
barchhat	20
bardipada	20
bardiya	20
bardolini	20
barimanthi	20
bark	20
bars	20
barsilona	20
bartad	20
barua	20
bathrumma	20
batuk	20
baulma	20
bavni	20
bavra	20
bayat	20
baykarbonetno	20
bayran	20
begs	20
begusray	20
beijingne	20
bema	20
benarjie	20
benegalni	20
benin	20
benito	20
benkingna	20
benks	20
beptist	20
berarna	20
beshak	20
bevafa	20
bevfai	20
bevrej	20
bhabhravine	20
bhadki	20
bhagata	20
bhagavtikumar	20
bhagidarithi	20
bhagvadgita	20
bhaino	20
bhajavvano	20
bhalan	20
bhamri	20
bhanganna	20
bhansali	20
bharavadar	20
bhashantarit	20
bhatna	20
bhattanu	20
bhautiki	20
bhavaini	20
bhavank	20
bhavnathno	20
bhayane	20
bhayjanak	20
bhedavama	20
bhedbhavne	20
bhedbhavni	20
bhelavine	20
bhelvine	20
bhenso	20
bheti	20
bhikhabhai	20
bhitari	20
bhogavva	20
bhogavyu	20
bhonyru	20
bhrashtacharne	20
bhrun	20
bhujal	20
bhulabhreli	20
bhund	20
bhunsai	20
bhutal	20
biarti	20
bijao	20
bijivar	20
bijnaur	20
bikam	20
bilina	20
biliya	20
bilni	20
bindusarna	20
biscuit	20
biyara	20
bladi	20
blokni	20
bodana	20
bodigard	20
bog	20
bollyvudma	20
bolna	20
bolshevik	20
botadkar	20
botenikal	20
brahmacharyani	20
brahmano	20
brahmrshi	20
braujharma	20
bren	20
breton	20
brittonam	20
bruhdashva	20
buchna	20
buddhadev	20
bushi	20
butarflay	20
buth	20
butik	20
carad	20
cetan	20
chadavine	20
chadhave	20
chadiyata	20
chadto	20
chagla	20
chahakoma	20
chahakoni	20
chahna	20
chakroni	20
chalavloma	20
chalavu	20
chalukyona	20
chalvana	20
chamkya	20
champi	20
chandar	20
chanderi	20
chandkheda	20
chandpuri	20
chandratal	20
chandre	20
chanod	20
chanyo	20
chapva	20
charulta	20
charva	20
chashmama	20
chatane	20
chatany	20
chatna	20
chaturmukh	20
chatushkoniy	20
chaudharina	20
chauhanna	20
chauhanni	20
chavayel	20
chayama	20
chedane	20
chelenjar	20
chempiyanshipna	20
chhalani	20
chhalma	20
chhapamara	20
chhapayela	20
chhari	20
chhedan	20
chhotubhai	20
chidroni	20
chinnamasta	20
chinoy	20
chintatur	20
chintko	20
chiroda	20
chishti	20
chitama	20
chitradarshan	20
chitraklana	20
chitrona	20
chittal	20
chittranjan	20
chittur	20
chiya	20
chodvana	20
chokatha	20
chokni	20
choksaina	20
choktha	20
chole	20
chopde	20
chorithi	20
choryashi	20
chot	20
chothe	20
chudamani	20
chugtaini	20
chui	20
chukadani	20
chukavta	20
chukvai	20
chukvay	20
chulo	20
chunteli	20
chupayelu	20
churchgate	20
collegene	20
dabbi	20
daheshat	20
daish	20
dajhanthi	20
dakni	20
dakshinmanthi	20
daktaro	20
daliloni	20
damanno	20
damna	20
danani	20
dankan	20
dantma	20
dantthi	20
darban	20
darjjana	20
darjjani	20
darkanes	20
daroni	20
darshakona	20
darshanthi	20
daskaoma	20
dasne	20
datiya	20
davpech	20
dayar	20
dayoksaidni	20
dayrio	20
dekhadva	20
dekhavana	20
dekho	20
deltani	20
denari	20
deng	20
denmarkama	20
derdi	20
derivetivs	20
deshal	20
deshalpar	20
deslar	20
devathi	20
devidsanna	20
devioni	20
devji	20
devtaonu	20
dhagla	20
dhairy	20
dhakka	20
dhaline	20
dhalni	20
dhamani	20
dhamnio	20
dhananjay	20
dhandhao	20
dhankan	20
dhankh	20
dhankva	20
dhanraj	20
dhapi	20
dharakne	20
dharanane	20
dharapakadthi	20
dharasna	20
dharayel	20
dharmashastri	20
dhartini	20
dhatvik	20
dhirendra	20
dhmrapan	20
dhodhnu	20
dholiya	20
dhoni	20
dhoranna	20
dhoranni	20
dhrutrashtrana	20
dhrutrashtrani	20
dhrutrashtre	20
dhubri	20
dhumrapanno	20
dhvanimudrit	20
dhvanine	20
dhvanini	20
dibang	20
did	20
dienai	20
dienes	20
diktetar	20
dilaso	20
dilevri	20
dipada	20
dipendansi	20
dipresanno	20
direkt	20
dishathi	20
displema	20
distribyushan	20
divalno	20
divsona	20
diyonni	20
dodnar	20
dokiyu	20
doktaretni	20
dolarna	20
dong	20
doz	20
drashtibindu	20
draupadino	20
dravyni	20
dravyoni	20
dresing	20
dudhmathi	20
dudhnu	20
dukanni	20
dukkarni	20
dulhaniya	20
dulipsinhji	20
duma	20
dunlup	20
durandeshi	20
durast	20
duryodhanno	20
dushmane	20
dvarika	20
dvarshi	20
dvidha	20
dvitiyne	20
dvivedina	20
easpa	20
echdiel	20
echpi	20
edisne	20
edjast	20
eidsana	20
ejansioe	20
ekadhik	20
ekaek	20
ekankisangrah	20
ekaso	20
ekavkhat	20
ekedemina	20
eklavya	20
ekle	20
eklingji	20
eknathji	20
eksahaust	20
eksechtiemel	20
ekshanaskript	20
ekstenshans	20
ekveriyamma	20
elarjina	20
eldi	20
eldo	20
elekjhendar	20
elelpima	20
elespi	20
eliyan	20
eliyans	20
emma	20
emoniyam	20
enalist	20
enditivi	20
endrujh	20
enimetar	20
enje	20
enji	20
enlitiks	20
enpitina	20
enronnu	20
ent	20
entipi	20
entomolojikal	20
episodna	20
epolona	20
eppal	20
erakraftama	20
eri	20
eriyajh	20
esati	20
esidma	20
eskep	20
esosiyet	20
esosiyeted	20
essiriyan	20
etlantane	20
evordana	20
fakata	20
fargyusanna	20
fariyadi	20
farkavvani	20
farmavyo	20
farmi	20
farms	20
farshe	20
faruk	20
fatkarine	20
fedreshanna	20
felavano	20
feni	20
fildi	20
filipins	20
fima	20
finlandma	20
fist	20
flets	20
fom	20
forsama	20
fransane	20
frantalain	20
freim	20
frejharne	20
frenchaijharna	20
frendali	20
fresko	20
fulani	20
fulne	20
futbolno	20
futver	20
fyuchars	20
gadhiya	20
gaga	20
gajanan	20
gajhalne	20
galfridiyan	20
galvanu	20
gambhirata	20
gandharine	20
gandharva	20
gandhingarni	20
gandhiyugna	20
gandi	20
gangano	20
gangulie	20
ganie	20
ganitshastrama	20
ganrajyana	20
gantantrana	20
ganthno	20
ganveshma	20
ganyo	20
garabada	20
garabi	20
garas	20
garbhagruhama	20
garbhana	20
garbhashayma	20
garbhgruhma	20
gardanna	20
garibithi	20
garlafrenda	20
garmine	20
garodi	20
garvathi	20
gaurikund	20
gavarnarne	20
gavati	20
gayoni	20
gema	20
gemsana	20
gerhajarine	20
getni	20
gey	20
ghadiyalma	20
ghadiyalno	20
ghadiyaloni	20
ghanakhra	20
ghanano	20
ghanatv	20
gharshanma	20
ghatadti	20
ghatanaono	20
ghatnaoni	20
ghattu	20
ghedma	20
gheravama	20
ghino	20
ghodadod	20
ghoshal	20
ghoshe	20
ghoshna	20
ghoshnama	20
gilan	20
gilotin	20
girnarama	20
girnarni	20
girnu	20
glaiding	20
gobar	20
godhrama	20
golfani	20
golfna	20
golnu	20
gondalma	20
gopalkrushna	20
gothavyo	20
gothvel	20
gouri	20
govardhanrame	20
goyal	20
grahaklakshi	20
grahakni	20
grahnu	20
grahya	20
granthane	20
grants	20
grenediyar	20
grinlend	20
grishmakalin	20
gugalana	20
gujarvama	20
gulamona	20
gumavvi	20
gunankma	20
gunano	20
gunchavno	20
gunegaro	20
guni	20
gunsundri	20
gunvattasbhar	20
gunvattayukta	20
guptavas	20
gurganv	20
gyanne	20
habib	20
hadsanni	20
haidroksil	20
hajarat	20
hajarthi	20
hajrino	20
hakikatono	20
halavine	20
hali	20
hamari	20
hame	20
hami	20
hanf	20
hangama	20
hanimun	20
hanumanjina	20
harani	20
haras	20
haravvama	20
harji	20
hastakshepo	20
hatyakandana	20
hatyaro	20
hausno	20
havaimthakne	20
havaimthakni	20
havaimthaknu	20
havaina	20
hayatima	20
heidi	20
hek	20
hektars	20
helu	20
hemchandracharya	20
henrich	20
hethve	20
hijh	20
hillok	20
himandio	20
hina	20
hingolgadh	20
hirakud	20
hitalare	20
hitalre	20
hitoni	20
hiza	20
holding	20
holika	20
holini	20
hollyvudni	20
homarna	20
hondurasni	20
honshiyar	20
hormone	20
hotalne	20
hote	20
hotspar	20
hubard	20
hullado	20
humlaone	20
hunfadi	20
hunfalo	20
hyug	20
ichchhani	20
ichchhatu	20
ichchhu	20
idan	20
iddakki	20
ie	20
iemai	20
igatpuri	20
ijiptanu	20
ijiptavasioe	20
ilektronne	20
imanuil	20
imartono	20
imenyuel	20
imyun	20
inakaminga	20
indhanno	20
indiyananu	20
indore	20
inkorporeted	20
instrakshan	20
instruments	20
inuit	20
investaments	20
ira	20
irade	20
irediyeshan	20
isibi	20
islamne	20
islamnu	20
itharnetna	20
itihasama	20
iyuar	20
jadela	20
jadmulthi	20
jafar	20
jagana	20
jagavi	20
jahajama	20
jahajane	20
jahanabad	20
jahemat	20
jaheratne	20
jaheratona	20
jahonsan	20
jaladi	20
jalalabad	20
jalavnima	20
jalavvani	20
jalavvu	20
jalidar	20
jalini	20
jalori	20
jalu	20
jamaikani	20
jamangarthi	20
jamave	20
jamingirionu	20
jamta	20
jamtada	20
jamvanu	20
janam	20
jank	20
janmelu	20
janret	20
jantuono	20
janvadi	20
janvani	20
janvano	20
japmala	20
jarnale	20
jarsini	20
jatiltane	20
jatiyta	20
jatono	20
javantri	20
javayo	20
jayanthi	20
jaychandra	20
jayfalna	20
jemannu	20
jetalsar	20
jhalar	20
jhamplavyu	20
jhao	20
jharukha	20
jherno	20
jhinani	20
jhund	20
jindgini	20
jipiesna	20
jipipi	20
jitavani	20
jitavi	20
jitnaro	20
jivandas	20
jivanlal	20
jivanrakshak	20
jivanshailina	20
jivanvrutant	20
jivavano	20
jivoma	20
jivvignanma	20
jiyografik	20
joda	20
jodhpurma	20
jodka	20
jogan	20
joito	20
jok	20
jokhamani	20
jokhamanu	20
jokhame	20
jonsani	20
jorj	20
jovata	20
juhi	20
julaini	20
jussu	20
juvarna	20
jvalamukhine	20
jvalan	20
jyuish	20
kabila	20
kachchhamanthi	20
kachumbar	20
kadano	20
kadathi	20
kadini	20
kadod	20
kadodra	20
kadrupi	20
kadval	20
kaflana	20
kaflane	20
kagalni	20
kaheti	20
kaikeyie	20
kakae	20
kakdina	20
kakkan	20
kakvi	20
kalabma	20
kalakarna	20
kalakarne	20
kalakarono	20
kalamna	20
kalaona	20
kalark	20
kalikatna	20
kalinu	20
kalne	20
kalpanani	20
kalpasar	20
kalpi	20
kamalana	20
kamandant	20
kamanding	20
kamat	20
kamath	20
kamava	20
kamboi	20
kamishanno	20
kampyutarthi	20
kanne	20
kanonu	20
kansaltinga	20
kantaline	20
kantan	20
kanyanu	20
kapadama	20
kapayelu	20
kapno	20
kaptani	20
karadavathi	20
karamshi	20
karanja	20
karanma	20
kararkidi	20
kararnu	20
karbanana	20
karbonet	20
karboneta	20
karbonik	20
kardano	20
kardiyoveskyular	20
karjhane	20
karjoda	20
karkhanani	20
karmacharie	20
karmachariono	20
karmama	20
karnadevna	20
karnano	20
karnare	20
karobaro	20
karodpati	20
kartunma	20
karv	20
karyakalni	20
karyalayna	20
karyanu	20
kasal	20
kasba	20
kashima	20
kataro	20
kath	20
kathanako	20
kathiyavadni	20
katibandh	20
katibandhna	20
katra	20
kaubhandna	20
kaubhando	20
kauntijh	20
kauntino	20
kavasji	20
kavine	20
kavishri	20
kavo	20
kavyamay	20
kavyarachnao	20
kayare	20
kaydashastri	20
kembrijna	20
kemila	20
kendrano	20
kenton	20
kepsyul	20
keralana	20
keresiyas	20
kerino	20
keshri	20
ketalakna	20
kethedralno	20
ketki	20
ketlakma	20
ketu	20
khabarpatri	20
khadakma	20
khadatal	20
khadkiy	20
khalid	20
khambhla	20
khamni	20
khancha	20
khandano	20
khandiyer	20
khandvi	20
khannu	20
khapra	20
kharbachdi	20
kharidhyo	20
kharif	20
kharta	20
khasedya	20
khasta	20
khatau	20
khavdavvama	20
kheladionoma	20
khengarna	20
kherdi	20
khetrone	20
khichokhich	20
khirane	20
khulya	20
khunana	20
khushima	20
kijhna	20
kilomitarno	20
kimima	20
kiminu	20
kimochikitsa	20
kinarano	20
kingadmana	20
kirit	20
kirnoni	20
kissane	20
klara	20
klasifikeshan	20
klojhd	20
klume	20
koba	20
koche	20
koikne	20
koikvar	20
kojh	20
kolak	20
kolambone	20
kolambothi	20
kolasib	20
koleje	20
koloradoma	20
kolosiyamna	20
kompitishan	20
kompyutarna	20
konard	20
konflikt	20
kongma	20
kongresna	20
kontekt	20
kontrast	20
kontrekt	20
koppal	20
koriyano	20
kosad	20
koschyum	20
koshne	20
koshnu	20
kothdi	20
kotrela	20
kotval	20
kramne	20
kramo	20
kray	20
krek	20
kridi	20
krips	20
krist	20
kristals	20
kristina	20
krup	20
krupacharya	20
krupalu	20
krushine	20
krutino	20
kshamtathi	20
kshamte	20
ksharnu	20
kshatriyone	20
kshetrothi	20
kshup	20
kualalumpur	20
kudanu	20
kuki	20
kumanu	20
kumarno	20
kumarnu	20
kumaro	20
kumarpalne	20
kumauni	20
kumkum	20
kumudini	20
kundanika	20
kuposhanna	20
kuposhanthi	20
kupvada	20
kurban	20
kureliya	20
kurivajo	20
kurta	20
kushalatapurvak	20
kustina	20
kutumbnu	20
kuvaitma	20
kvad	20
kveri	20
kvika	20
labhne	20
lag	20
lagavata	20
lagnione	20
lagosni	20
lagvi	20
lakhimpur	20
lakhvana	20
lang	20
lapasri	20
larkhil	20
latakta	20
lavay	20
lavela	20
lavnara	20
leblo	20
ledar	20
lego	20
lei	20
lejhar	20
lekchars	20
lekhakana	20
lekhanno	20
lekhkono	20
lekhona	20
lemps	20
lendalain	20
lesan	20
levadeva	20
levayelu	20
libiyana	20
liding	20
like	20
lilichham	20
lilotari	20
limbuno	20
limitedma	20
linan	20
linkanna	20
liyu	20
loding	20
lojikal	20
lokchahna	20
lokmatma	20
lokna	20
lombard	20
longevala	20
lovket	20
lunar	20
machhligharna	20
machhlioma	20
madadani	20
madhepura	20
madhopur	20
madhuvan	20
madhuvanti	20
madhyabhagthi	20
magaro	20
magnetic	20
magsar	20
magyo	20
mahadvipma	20
mahapatra	20
maharathio	20
mahasbhama	20
mahasmand	20
mahattvana	20
mahattvane	20
mahavidyalayna	20
mahavirnu	20
mahavisfot	20
mahendragadh	20
mahitiprad	20
mahotsavna	20
mahuvana	20
maigreshan	20
maikro	20
maikrosoftanu	20
maili	20
mailno	20
mailo	20
majabutai	20
majha	20
majuli	20
makabrani	20
makannu	20
makarpurama	20
makli	20
makradhvaj	20
malane	20
malavan	20
malkhao	20
malmutra	20
maltineshnal	20
malver	20
mamana	20
manavjatina	20
manavna	20
manavtana	20
manavvad	20
mancho	20
mandalio	20
mandaloma	20
mandapna	20
mandpam	20
manekpor	20
maniyar	20
manoranjanni	20
manro	20
mansani	20
mansuri	20
mantralayne	20
mantroni	20
manuna	20
manushye	20
manusmruti	20
manvine	20
manyataothi	20
mapankit	20
mapdandoni	20
mapvani	20
mapvano	20
maranna	20
maranne	20
maraya	20
marchni	20
marinar	20
marketna	20
marshalna	20
marshiya	20
marsi	20
marvadma	20
maryadana	20
masalane	20
mashhur	20
mashinagan	20
masikma	20
masjidoma	20
mastani	20
matdanna	20
matithi	20
matka	20
matno	20
matvistaro	20
mauris	20
mauryana	20
mayana	20
mechmanthi	20
mechne	20
medasvita	20
medridna	20
megan	20
megejhinne	20
meiji	20
mekaklaski	20
mekisako	20
meklin	20
meksim	20
melavay	20
melnofors	20
menahtanne	20
menifesto	20
menifold	20
mentenans	20
merine	20
mero	20
merutungana	20
mesosayaklon	20
meyo	20
mikijh	20
milane	20
milne	20
minarani	20
minarva	20
minat	20
minitoma	20
mirchi	20
mirjhapur	20
mishne	20
mitavi	20
mithenol	20
mithuben	20
mittale	20
modak	20
modhana	20
modhe	20
mods	20
moga	20
mohenjo	20
mokalti	20
moklayela	20
mold	20
mols	20
molt	20
mona	20
monetri	20
monica	20
morisan	20
mosamama	20
motargadina	20
mrtyuthi	20
mrutakna	20
mrutkona	20
mrutkoni	20
mrutyudarma	20
muddaono	20
mudgal	20
mudiya	20
mujibe	20
mukhni	20
mukhyabhumi	20
mukhyadharana	20
mukko	20
mulak	20
multavi	20
mulu	20
muly	20
mulyanu	20
mulyoma	20
munga	20
muradabad	20
murchchha	20
mushkelioma	20
mutha	20
muthi	20
muththi	20
muvattupujha	20
myunisipal	20
nabi	20
nagri	20
nahargadh	20
naijiriyana	20
nairutyma	20
nakabandhi	20
nakhvi	20
nakne	20
nalin	20
naliyeri	20
namagyal	20
namakranni	20
nanasaheb	20
nandana	20
nankhavani	20
nankhyu	20
naragis	20
narsinhbhai	20
nartaki	20
nasibdar	20
natkone	20
natkoni	20
natyagruho	20
nausenani	20
navalkathaona	20
navarchit	20
navgujrat	20
navkar	20
navroz	20
navsarima	20
nayagra	20
nayakno	20
nayi	20
nayobiyam	20
nebraskano	20
neha	20
nehrunu	20
neminathna	20
neshnalist	20
nesu	20
netane	20
netherlandma	20
netrutvane	20
netvarkingna	20
nevina	20
nibban	20
nichenamanthi	20
nidanatmak	20
nigmo	20
nijhamuddina	20
nikadi	20
nikasne	20
nikatta	20
niksane	20
nimach	20
nirakshar	20
nirdeshakno	20
nirdeshank	20
nirmataone	20
nirnaythi	20
nirogi	20
nirvivad	20
nishedhatmak	20
nishkalank	20
nishthapurvak	20
nita	20
nitionu	20
nitu	20
niyambaddh	20
niyolithik	20
noijh	20
noliyo	20
nondhnini	20
nondhpatrapne	20
nortan	20
nuksanno	20
nuksannu	20
nyayno	20
nyuyorkana	20
oalakhane	20
objharvetri	20
ochinta	20
ochinto	20
odakhavavama	20
odhyogik	20
ogaline	20
ogastathi	20
ojhonnu	20
oksijanyukt	20
olakhno	20
olakhvama	20
olimpiya	20
onamni	20
ono	20
opereting	20
opiniyan	20
opshans	20
orchid	20
oriya	20
orliyansama	20
orthopedik	20
osloma	20
ostreliyane	20
osval	20
otava	20
othoritina	20
otlo	20
oto	20
oxygennu	20
ozonena	20
pachhim	20
package	20
padarohan	20
padarthathi	20
padarthothi	20
padavidan	20
padhiona	20
padkarvama	20
padkhe	20
padmavibhushanthi	20
padnari	20
padoshama	20
padukone	20
padyani	20
pagare	20
paglanone	20
pahelavheli	20
paherel	20
paholaina	20
pahonchadnar	20
pahonchavanu	20
pahonchni	20
paik	20
pajod	20
pakadai	20
pakistananu	20
pakistanmathi	20
pakno	20
palakne	20
palamu	20
paloma	20
pamban	20
pamta	20
panana	20
panchaytoni	20
panchtantra	20
panda	20
panddama	20
panddana	20
panddu	20
panditni	20
pandyana	20
panjal	20
pankharna	20
pankhiona	20
pankhiya	20
panthni	20
panthno	20
papno	20
paragman	20
parampraonu	20
parane	20
paranva	20
paratha	20
paratvena	20
paratveni	20
paribalne	20
pariblono	20
parihar	20
parinamni	20
parinmi	20
pariprexyma	20
parisarna	20
parishadno	20
parishishtama	20
paristhitikiy	20
parivarajnone	20
pariyojnani	20
pariyojnao	20
parkasa	20
parkave	20
parnavva	20
parne	20
parpajh	20
parpal	20
parsio	20
partishan	20
parvatone	20
parvatono	20
paryatanma	20
paryavaranlakshi	20
pasaoma	20
patakthalekhak	20
patharivash	20
paththarna	20
patnione	20
patrakaroe	20
patrathi	20
pattadkal	20
pattharono	20
pavarma	20
pedhithi	20
peij	20
pelesno	20
pelican	20
penalni	20
penisilinni	20
pent	20
peparma	20
peragve	20
perelal	20
pesh	20
pesifikma	20
pesmekarna	20
petantana	20
petantano	20
peth	20
petisan	20
petroling	20
pharmasyutikalsa	20
phlasa	20
pichhe	20
piem	20
piglela	20
pijhana	20
pinano	20
pingli	20
piniyas	20
piram	20
pirambet	20
pirojnu	20
pirse	20
pirsi	20
pistan	20
pistani	20
pithhno	20
pithora	20
pivo	20
plejh	20
plek	20
plenetoriyam	20
pletma	20
pointama	20
pokhran	20
polimorfik	20
polsan	20
popada	20
por	20
pornografi	20
portafoliyo	20
posting	20
potan	20
potret	20
prabhakran	20
prabhavno	20
pradanne	20
pradarshani	20
pradeshonu	20
pradipt	20
praivsi	20
prajannakshamta	20
prakaronu	20
prakashiy	20
prakashnoni	20
prakhyati	20
prakranne	20
pramaneno	20
pramukhapadna	20
pranalione	20
prantona	20
prasadi	20
prasangoni	20
prasannta	20
prasthanatrayi	20
prastutio	20
pratapnagar	20
pratappar	20
pratapsinhji	20
pratibandhak	20
pratibandhna	20
pratibhavna	20
pratidravyo	20
pratikarakta	20
pratikarno	20
pratyaghato	20
pravahmanthi	20
pravasana	20
pravasanne	20
praveshine	20
prayasona	20
prayatnashil	20
prayogne	20
prayojay	20
preshak	20
prinse	20
protein	20
protinma	20
protins	20
prushthoni	20
pruthvima	20
puchhdi	20
puchhya	20
pujata	20
pujho	20
pulin	20
pulno	20
punarlagna	20
punarrachana	20
punarujjivan	20
punjanma	20
punutpadan	20
punvikas	20
purab	20
puranakthao	20
purandar	20
puraskarta	20
puravnio	20
purepura	20
purjao	20
purnaviram	20
purnu	20
puruliya	20
purushartha	20
purvadhikarne	20
purvathha	20
purvethi	20
pushpa	20
pyarerambapu	20
pyramidna	20
pyu	20
rabarnu	20
rachanakar	20
rachati	20
rachnakal	20
rachnaone	20
rachnaono	20
rachne	20
rachshe	20
radhano	20
rafini	20
raghu	20
ragini	20
rahevas	20
rahsyavadi	20
rajavad	20
rajdhanine	20
rajdhanini	20
rajdhanio	20
rajkarnioe	20
rajmohan	20
rajnetao	20
rajpurush	20
rajvadaoni	20
rajvanshne	20
rajvanshnu	20
rajyamantri	20
rajyapalni	20
rajyashray	20
rakhdu	20
rakhelu	20
rakhrakhav	20
rakshasono	20
rakshatmak	20
ral	20
ramabaie	20
ramadas	20
ramatviro	20
ramnu	20
rampalna	20
ramsetu	20
ramtagmatma	20
rander	20
rangadravyo	20
rangone	20
rangsutriy	20
rangun	20
ranipura	20
rankuva	20
ranvir	20
rasadar	20
rasaynone	20
rashtrasanghnu	20
rashtravadni	20
rashtrono	20
rasikranna	20
rasodama	20
rasoiya	20
rastaona	20
ratadu	20
ratnam	20
ravesh	20
rayni	20
raz	20
redaklif	20
redoks	20
reg	20
regyuleshans	20
reket	20
rekhachitr	20
rekordano	20
relvelain	20
reping	20
resha	20
rey	20
rhadayne	20
rilayansana	20
rilijhni	20
riri	20
ritnu	20
roberto	20
rogio	20
rojindo	20
rokankaroe	20
rokda	20
rokdiyo	20
rokvo	20
romeno	20
ropaya	20
rovarno	20
royals	20
rubi	20
ruchao	20
ruda	20
rudhirabhisaran	20
rudhirne	20
rukminina	20
rupne	20
ruso	20
rusu	20
rutugat	20
rutuni	20
sabandho	20
sabhano	20
sabhi	20
sadakmarg	20
sadavrat	20
sadioni	20
safalatano	20
safarma	20
sagarne	20
sahanshakti	20
saharana	20
saharsa	20
sahchary	20
sahsanyojak	20
saifuddin	20
sains	20
saj	20
sajag	20
sajivone	20
sake	20
salagti	20
salfarni	20
samacharpatrama	20
samadhankari	20
samagratya	20
samajvani	20
samanyata	20
samarambhni	20
samarpada	20
samasyanu	20
samayojit	20
sambandhthi	20
sambhalna	20
sambhalvu	20
samikarnona	20
samjavti	20
samjavvano	20
samjutine	20
samlingi	20
samnya	20
samparkathi	20
sampde	20
sampradayona	20
samruddhina	20
samsame	20
samsyaonu	20
samuhoni	20
samuli	20
samuraie	20
samyanusar	20
samyikno	20
samyikoni	20
sanama	20
sanbhalave	20
sandeshane	20
sandeshaona	20
sandeshavyavharni	20
sandeshni	20
sandeshvahak	20
sandhana	20
sandhani	20
sandhithi	20
sandhiva	20
sandovta	20
sangathhanne	20
sangharshamay	20
sangrahasthan	20
sangrahayela	20
sangrahko	20
sanjogone	20
sankalpanao	20
sankatma	20
sankeli	20
sanketono	20
sankirtan	20
sankline	20
sankulne	20
sansadsabhyo	20
sansarthi	20
sanshodhanane	20
sanshodhnone	20
santose	20
santoshjanak	20
sanyasio	20
sanyojanna	20
sanyojanthi	20
sanyukta	20
saptahikma	20
saptahthi	20
saptembar	20
saradarane	20
saradarani	20
sarahadoni	20
sarangi	20
sarasvat	20
sarasvatie	20
sarcharj	20
sardarna	20
sardaroe	20
sardarpura	20
sargam	20
sarhadnu	20
sarisrupo	20
sarjava	20
sarth	20
sarvabhaumatvano	20
sarvaivar	20
sarvaivara	20
sarvanam	20
sarvarmanthi	20
sarvena	20
sarvne	20
sarvotkrusht	20
sarvshaktiman	20
sasra	20
sastano	20
satapuda	20
satek	20
sathamba	20
sathina	20
satroma	20
sattavalaone	20
sattva	20
satyaki	20
satyanarayan	20
saubhagyvati	20
sauthvest	20
savan	20
sayakling	20
sayansana	20
saynobekteriya	20
sej	20
seksofon	20
selma	20
selni	20
selsamen	20
semitik	20
senete	20
senno	20
sents	20
setarn	20
sevanna	20
shabdaprayogo	20
shabdashha	20
shabne	20
shadyantrama	20
shaheroe	20
shaheronu	20
shailionu	20
shaitan	20
shakito	20
shakkarkhoro	20
shaknar	20
shakuntlane	20
shakvana	20
shakyatano	20
shalabh	20
shale	20
sham	20
shamla	20
shanino	20
shankracharye	20
shanpanne	20
sharmano	20
shartone	20
shasankalna	20
shashak	20
shastranu	20
shatrune	20
shefard	20
shek	20
sheko	20
sheol	20
sherno	20
sherpa	20
shersani	20
shikarno	20
shikhvanu	20
shikhyo	20
shikshake	20
shikshakna	20
shikshanthi	20
shilpakla	20
shirish	20
shirolamb	20
shirpur	20
shirur	20
shishuo	20
shivanand	20
shivhar	20
shivneri	20
shivratrina	20
shiyrarna	20
shodhano	20
shodhnar	20
shone	20
shrapmanthi	20
shrenioni	20
shrikrushnanu	20
shrota	20
shrrungar	20
shrunkhlao	20
shujh	20
shukan	20
shung	20
shunyata	20
shunyavkashma	20
shutaut	20
shutingma	20
shyamak	20
sidko	20
signalni	20
sikkimne	20
simaoni	20
simliya	20
sindhio	20
sindrelani	20
sindrele	20
sinemomam	20
singapurna	20
singhno	20
siramiks	20
siras	20
sirijhni	20
siril	20
siro	20
sisa	20
sitafal	20
sitigrupna	20
sivaynu	20
siviliyan	20
skarfes	20
ski	20
skiling	20
skor	20
skorpiyanse	20
skotlend	20
skverma	20
slavik	20
sleb	20
smarakna	20
smarkone	20
smashanma	20
smok	20
smoking	20
snayuni	20
snukar	20
soe	20
soek	20
softaverne	20
soil	20
soller	20
somnathma	20
sonpur	20
sorosna	20
spaidar	20
spay	20
speseks	20
splendar	20
srotne	20
srotono	20
stambhama	20
starkana	20
starmathi	20
stela	20
stelonne	20
stelonni	20
sthanakvasi	20
sthanang	20
sthanko	20
sthapkomanna	20
sthitithi	20
sthmbh	20
stilni	20
streteji	20
strokthi	20
studiyoe	20
stupni	20
subansiri	20
subhag	20
suchalerahyuche	20
suchanathi	20
sudharatmak	20
sudhre	20
sughi	20
suhravardi	20
suit	20
sukavavama	20
sukhni	20
sunamine	20
suparichit	20
surij	20
suryakendri	20
suryaprakashni	20
suryno	20
sushk	20
suthari	20
suvidhani	20
suvidhathi	20
svabhavani	20
svabhavno	20
svachchhatana	20
svachchhatani	20
svadhin	20
svajhilendana	20
svasthyana	20
svasthyaprad	20
svatantryani	20
svaymvar	20
svichd	20
svikaravanu	20
syudo	20
tabahi	20
tabibiy	20
tafavatni	20
tahevarnu	20
tahuko	20
taiming	20
taimsama	20
taivanna	20
takatne	20
takhto	20
takine	20
takni	20
taknikma	20
taknikoma	20
taknikthi	20
talbaddh	20
talvano	20
tamamane	20
tamra	20
tanavne	20
tankha	20
tankina	20
tankshal	20
tapku	20
tapuma	20
tapune	20
tapunu	20
tarabaie	20
taravda	20
tarikhna	20
tarkadosh	20
tarknu	20
tarminetar	20
tatkalikapne	20
tatparya	20
tatsam	20
tatvarth	20
tebloid	20
tekarioni	20
teking	20
tekneshiyam	20
tekniks	20
tekovar	20
teksatails	20
telescop	20
telimetri	20
telivijhanma	20
temany	20
temnamanthi	20
teramo	20
testament	20
testana	20
teyali	20
thadni	20
thadno	20
thakore	20
thaliya	20
thanama	20
thandar	20
thandini	20
thandithi	20
thapp	20
tharadthi	20
tharavne	20
tharima	20
theni	20
thietar	20
thiyolojikal	20
thiyrini	20
thoriyam	20
thridi	20
tifin	20
tikaono	20
tikar	20
timruna	20
tinej	20
tini	20
tirap	20
tirtho	20
tiyar	20
tobegoni	20
tochma	20
todta	20
tofanma	20
topik	20
topivale	20
tork	20
traibal	20
trambkeshvar	20
tranjhekshan	20
transaneshnal	20
trayodshi	20
tre	20
treford	20
trejhar	20
trenno	20
trent	20
tridev	20
trijata	20
trikuta	20
trimbakeshvar	20
tripathina	20
tripp	20
triprimaniy	20
trirangi	20
trivedino	20
trividh	20
tughlak	20
tuk	20
tukdinu	20
tulsidasji	20
ture	20
turi	20
turist	20
turkik	20
turnamentanu	20
turs	20
tutikorin	20
tutvathi	20
tvist	20
tyarnu	20
uakeli	20
uben	20
ubharti	20
ubhayjivi	20
ubhaylingi	20
ubhro	20
ubuntu	20
uchai	20
uchchapradeshni	20
uchherya	20
uchu	20
udahran	20
udarvad	20
udbhavti	20
uddipko	20
uddiyan	20
udhas	20
ugadta	20
uganda	20
ugava	20
ujavi	20
ukhrul	20
ulat	20
ultavi	20
umarda	20
umedavarani	20
umedvaroni	20
umervanu	20
unapna	20
unapthi	20
unchaiethi	20
unchki	20
unjan	20
unmad	20
unmulan	20
unnav	20
upabhokta	20
upadhio	20
upadva	20
upagrahona	20
upagrahono	20
upajave	20
upakranma	20
uparyukt	20
upasko	20
upasnana	20
updi	20
upjavi	20
upparv	20
upshamak	20
upyognu	20
usal	20
ushkerni	20
utarela	20
utaru	20
uthta	20
utpadakona	20
utpadanmanthi	20
uttarkalin	20
vadadni	20
vadhelo	20
vadhghat	20
vadhvathi	20
vadiloni	20
vadlo	20
vadnagra	20
vadod	20
vadodar	20
vadoli	20
vagdar	20
vaghan	20
vaghelae	20
vahakata	20
vahanano	20
vahenchva	20
vahenchvani	20
vaidye	20
vaildarnes	20
vaipar	20
vairagya	20
vaishakhi	20
vaishampayan	20
vaisroyni	20
vajanvala	20
vajasi	20
vajintra	20
vakatak	20
vakhanayeli	20
vakrata	20
valand	20
valatro	20
valie	20
valnu	20
vamdev	20
vanachhra	20
vanatkam	20
vandro	20
vanini	20
vanino	20
vankaro	20
vannu	20
vansani	20
vansi	20
vanskui	20
vanvarld	20
vanvasma	20
vapithi	20
vaprayelo	20
varalnu	20
varan	20
varanasima	20
vargakhadama	20
varjya	20
varmonte	20
varnanma	20
varnanna	20
varnanne	20
varnavai	20
varnavtu	20
varsadma	20
varsai	20
varshabhar	20
varshant	20
varshganthni	20
vartanukna	20
vartej	20
vasahtioe	20
vasantrutu	20
vashma	20
vastav	20
vastutah	20
vasuli	20
vasvani	20
vataghatona	20
vataki	20
vatav	20
vatavaranmathi	20
vatika	20
vatna	20
vauthano	20
vayolet	20
vayro	20
vayudal	20
vayusenama	20
vayusene	20
vebpej	20
vechayela	20
vedantno	20
velanu	20
vent	20
vetlend	20
vhilarni	20
vhiler	20
vich	20
vicharthi	20
vicharti	20
vichitrata	20
vichitravirya	20
victor	20
videh	20
vidhanasbhane	20
vidhansabhya	20
vidhur	20
vidhyarthionu	20
vidhyutchumbakiya	20
vidvanoma	20
vidyabhyas	20
vidyadhar	20
vidyalyo	20
vidyutbharit	20
viechpi	20
vifal	20
vigatoni	20
vignano	20
vigtono	20
vijasthitimanna	20
vijasthitimanni	20
vijhadharak	20
vikalpno	20
vikasanu	20
vikimidiya	20
vikiya	20
viklango	20
viktoriyani	20
viktoriye	20
vinantina	20
vinsentane	20
vinsi	20
vinu	20
viplavma	20
viragtine	20
virajman	20
virodhnu	20
virodho	20
virudh	20
visfotma	20
visheshadhikaro	20
vishvaprasiddh	20
vishvasma	20
vishvavidyalaynu	20
vishveshvar	20
vishveshvaraiya	20
vistarti	20
vitona	20
vittoriyo	20
vivadono	20
vivechanno	20
viyetnam	20
vodkani	20
volte	20
vorantino	20
vorarlabarg	20
vorn	20
vorso	20
vortan	20
votars	20
vruddhi	20
vrutantama	20
vruttanto	20
vudlend	20
vulga	20
vumen	20
vushuni	20
vyakhyana	20
vyakranno	20
vyaktithi	20
vyapne	20
vyasani	20
vyavasthatantra	20
vyoming	20
vyuhrachnao	20
yadavne	20
yahudione	20
yamnotri	20
yanki	20
yantrani	20
yantrarachna	20
yatsama	20
yen	20
yoddhaoni	20
yoddho	20
yojvano	20
yorkani	20
yuai	20
yudd	20
yuddhakshetra	20
yuddhana	20
yugandana	20
yujharne	20
yunaitedne	20
yunilivarni	20
yunitnu	20
yuniyanno	20
yuvtione	20
zamin	20
zarukho	20
zilava	20
zupadpattima	20
aadarshone	19
aadeshanusar	19
aadharak	19
aadharma	19
aadhunikta	19
aadhyatma	19
aaduno	19
aagani	19
aage	19
aagnakari	19
aaiova	19
aaivi	19
aajno	19
aaka	19
aakramankhoro	19
aakrutina	19
aanchkao	19
aandolankario	19
aankdama	19
aankdashastriy	19
aankhmanthi	19
aankhne	19
aankma	19
aantragrahiy	19
aantroli	19
aapnu	19
aapte	19
aarasthi	19
aarboe	19
aarch	19
aarchi	19
aarkitekcharma	19
aarogyalakshi	19
aasani	19
aashramnu	19
aashrav	19
aasthana	19
aavechhe	19
aavishkaro	19
aavkari	19
aavvama	19
aayaran	19
aaynikran	19
aayurvednu	19
abajna	19
abdalie	19
abhigamno	19
abhignan	19
abhinayma	19
abhivyakt	19
acharyana	19
adaitvad	19
adalja	19
adaltoma	19
adhaptan	19
adharshila	19
adhikarionu	19
adhyayanma	19
adhyayo	19
aditine	19
adivasioma	19
afadhani	19
afghanistanni	19
afghanistanthi	19
agamya	19
aghro	19
agiyarami	19
agiyarasna	19
agnanta	19
agnikrut	19
airavat	19
ajiv	19
ajmalgadh	19
ajmavva	19
ajmerma	19
akhandit	19
akram	19
aksa	19
alankarik	19
alava	19
allahe	19
amase	19
ambach	19
ambajithi	19
ambalappujha	19
ambanine	19
ambar	19
ambaram	19
ambavadi	19
americna	19
amrelima	19
anabanav	19
anandne	19
andhkarne	19
angoma	19
anjarma	19
ankoni	19
annanli	19
anpekshit	19
anubhavmanthi	19
anubhavnu	19
anubhavti	19
anubhavva	19
anubhvu	19
anunu	19
anuprayog	19
anyonya	19
apashe	19
apayelu	19
apekshama	19
aprabhavi	19
apvadone	19
arabima	19
aramadayak	19
arbastan	19
ardhanarishvar	19
arebiyani	19
aropono	19
arthakvek	19
arthatantranu	19
artvark	19
aru	19
arudh	19
arval	19
arvinde	19
asambhavit	19
asrani	19
asrothi	19
asthirtane	19
atakavavano	19
atharvavedna	19
athvadiyano	19
avaidh	19
avaranthi	19
avare	19
avere	19
avsanthi	19
avtari	19
axar	19
ayankal	19
babr	19
bachavvana	19
bachavyu	19
bacheli	19
bachvani	19
bachyo	19
badakno	19
badhanu	19
badvama	19
bafel	19
bafeli	19
bagade	19
bagdadma	19
baharavte	19
bahurangi	19
bajarmanthi	19
bajuona	19
bakht	19
baltanna	19
balvartao	19
banavma	19
banavnari	19
bandgi	19
bandhavayel	19
bandhbesti	19
bandhkamnu	19
bandroma	19
bandromannu	19
bangadi	19
barnala	19
barnio	19
barsat	19
bartrand	19
bashir	19
batavtu	19
batra	19
bauns	19
bechen	19
bejhiks	19
bekari	19
bene	19
benet	19
benglorni	19
bering	19
betmen	19
bevdu	19
bhadarvo	19
bhaglani	19
bhagvatni	19
bhajavani	19
bhajvelu	19
bhaktana	19
bhaktoma	19
bhanavvama	19
bhanavya	19
bhanjan	19
bharatpujha	19
bharavano	19
bhashyakar	19
bhatakti	19
bhatha	19
bhatrijao	19
bhavannu	19
bhavvahi	19
bhaye	19
bhejna	19
bhekhad	19
bhelpuri	19
bhetni	19
bhimpura	19
bhind	19
bhinnatao	19
bhino	19
bhonsli	19
bhopalma	19
bhopalthi	19
bhujang	19
bhukampne	19
bhukampo	19
bhumikanu	19
biladina	19
biladini	19
binanfakarak	19
bipiel	19
bolata	19
bonds	19
boyfrend	19
braujharne	19
braujharno	19
brauning	19
britanno	19
brodgejma	19
buddhigamya	19
budhvare	19
bundharanne	19
calendarno	19
centerthi	19
chabione	19
chadhavine	19
chaherao	19
chakase	19
chakravatma	19
chalochhal	19
chalukyo	19
chalvano	19
chamadani	19
chamatkari	19
chamrajangar	19
chandono	19
chapama	19
chaplin	19
chappel	19
charchilne	19
charitralekhak	19
charjing	19
charmanthi	19
charuchandra	19
chatralayma	19
chaturmas	19
chaudashna	19
chauhane	19
chavnio	19
ched	19
chemps	19
cheshta	19
chetve	19
chhandna	19
chhapay	19
chhokarina	19
chhuk	19
chhundo	19
chikitsana	19
chiknu	19
chiranjivi	19
chitrangad	19
chodtu	19
chodvo	19
chomskini	19
chopadi	19
chosar	19
copio	19
dabayela	19
dagli	19
daglu	19
dahima	19
dajhanbandh	19
daltan	19
damji	19
darajjanu	19
darakar	19
daramyanna	19
dardino	19
dariyane	19
darrojni	19
darshannu	19
dashakno	19
dashakthi	19
dashkoma	19
daskani	19
dattatreyni	19
daynosor	19
dekhrekhni	19
demnu	19
demokrasi	19
dengyu	19
desaine	19
devang	19
devayel	19
devione	19
devka	19
devnagrima	19
devtaoe	19
dhaglabandh	19
dhalta	19
dhansukhlal	19
dharavavani	19
dharino	19
dharmagranthoma	19
dharne	19
dharpakado	19
dhobi	19
dhodhani	19
dhorannu	19
dhrutrashtrano	19
dhumketuoni	19
dhvanino	19
dibrugadh	19
die	19
dikrao	19
dilina	19
disembarthi	19
disfankshan	19
divao	19
divna	19
dodto	19
dolarray	19
dole	19
doro	19
dosvada	19
dradhapne	19
dronni	19
drushtant	19
dungarda	19
durghatnagrast	19
dvadash	19
dvaparyugma	19
earem	19
echaivini	19
edileid	19
edjastament	19
edvards	19
efares	19
eg	19
egro	19
ejansione	19
ekamthi	19
ekarma	19
ekauntama	19
ekmek	19
ekmono	19
eksatarnal	19
ekvijhishan	19
elekjhandarna	19
elgoridham	19
elk	19
elokeshan	19
enatomi	19
endovment	19
enjlas	19
eristotalni	19
erportanu	19
esolt	19
esoshiyeshan	19
etlantikna	19
etorni	19
evama	19
faladayi	19
falguni	19
fande	19
fangal	19
farjoma	19
farkavva	19
farn	19
fatka	19
fatkare	19
faunten	19
feakyo	19
fektarina	19
felavine	19
fens	19
ferade	19
ferfaroni	19
filsufino	19
firkana	19
fkt	19
flemingna	19
flikar	19
forj	19
forsani	19
frebruari	19
fulnu	19
fuvarao	19
gadchiroli	19
gadhva	19
gajhnina	19
gajipur	19
gajsinhji	19
galbabhai	19
galtar	19
gamathi	19
gamshe	19
ganatarino	19
ganatrie	19
gandhithi	19
ganganu	19
gangeshvar	19
garbhamanthi	19
garbhane	19
garmagram	19
garmino	19
garvi	19
gauravshadi	19
gavarnarna	19
gayanni	19
gemsani	19
gerisan	19
ghadyo	19
ghaghra	19
ghasno	19
ghatakna	19
ghaunnu	19
ghere	19
ghutan	19
giga	19
gnansudha	19
golthi	19
gopichand	19
gopniyata	19
goring	19
gothavva	19
grahoma	19
granthkar	19
granthone	19
grenada	19
grisni	19
gruhni	19
gujjar	19
gujratino	19
gunvant	19
gurunanak	19
gussathi	19
hadku	19
haidrabad	19
hajare	19
halanki	19
halavata	19
halimline	19
halvadna	19
hamirsar	19
handi	19
hankari	19
hanumane	19
hanyo	19
harannu	19
hargovinddas	19
harisinh	19
harivanshray	19
hasi	19
hastapratono	19
hastinapurno	19
hathinu	19
hathioni	19
hathising	19
hathnu	19
hatkeshvar	19
hatyara	19
hav	19
havakhavanu	19
hemrej	19
hendaset	19
herini	19
hetuni	19
hingoli	19
hir	19
hiten	19
hodima	19
hofmen	19
hogvarts	19
hospitalmanthi	19
husainni	19
iajagrast	19
ichchhati	19
iel	19
ijiptni	19
imandari	19
indirani	19
inkana	19
intervievma	19
iros	19
iska	19
islamiya	19
isrelna	19
jabalpurma	19
jadhav	19
jagdip	19
jagdishchandr	19
jagjivan	19
jagyathi	19
jahangire	19
jaherkhabroma	19
jainonu	19
jaivrasaynik	19
jalani	19
jalashayni	19
jalavnina	19
jalavyu	19
jale	19
jampur	19
jamui	19
jamun	19
janakpur	19
janarle	19
janavta	19
janero	19
jangma	19
janmadinni	19
janmajyantini	19
janshakti	19
jantano	19
jarnalijham	19
jarthosti	19
jationu	19
jemnama	19
jetha	19
jhakir	19
jhankhvav	19
jharta	19
jinerik	19
jinme	19
jiovanni	19
jirnodhar	19
jivnu	19
jivono	19
joy	19
juls	19
jyofri	19
kabulyu	19
kachno	19
kadavar	19
kadhvi	19
kadri	19
kadvash	19
kahel	19
kakana	19
kalidase	19
kalini	19
kalyanna	19
kamalni	19
kamanvala	19
kamavi	19
kamishnar	19
kampaunda	19
kampnimanthi	19
kampno	19
kamponant	19
kandarvama	19
kankai	19
kankot	19
kansaltansi	19
kansaltants	19
kanyakumarithi	19
kapadma	19
kapurathla	19
kapyu	19
karaksar	19
karauli	19
karavashe	19
karavavu	19
karavel	19
karavma	19
karavtu	19
karje	19
karmacharionu	19
karnadevne	19
karythi	19
kasbi	19
kashay	19
kasti	19
katakma	19
kathgodam	19
kaunseling	19
kavioma	19
kavione	19
kaviyo	19
kavyagranth	19
kayotsarg	19
kebinetma	19
kebinetni	19
kediona	19
kendromanthi	19
kethedralna	19
ketliye	19
keyu	19
khabardar	19
khachkat	19
khadagpur	19
khadkonu	19
khagolshastrani	19
khajana	19
khalabhlat	19
khalistan	19
khalnayakni	19
khandvala	19
khapri	19
kharabi	19
kharbachada	19
khardani	19
kharidashakti	19
khasine	19
khatarama	19
khavadavi	19
khavda	19
khavi	19
khelo	19
khetinu	19
khod	19
khudni	19
khusharo	19
khyalma	19
khyalone	19
kidnini	19
kipling	19
kishorlal	19
kitli	19
klaimbing	19
kler	19
klesh	19
kodano	19
kodeks	19
komarsama	19
komentari	19
kompaleks	19
kompojhit	19
konkanna	19
konstant	19
kopayman	19
koras	19
koreganvni	19
koriyografar	19
korsama	19
kothani	19
kotla	19
koyla	19
kra	19
kriyaoni	19
kriyaono	19
krutyone	19
kshatine	19
kuchni	19
kumarikao	19
kutumboma	19
kyas	19
kyubek	19
labhno	19
lagolag	19
lagvana	19
laheri	19
lakhatar	19
lakjhambarg	19
lali	19
lalitpur	19
lao	19
lavingno	19
lebnan	19
lekhay	19
lhavo	19
ligne	19
likha	19
lilachham	19
lingnu	19
lirbaie	19
lirbaine	19
logoma	19
lokbharti	19
lokdaun	19
loknayak	19
lokne	19
loknrutyo	19
lokpriyatani	19
loksahityama	19
loksevak	19
machhline	19
machlione	19
madade	19
madadgar	19
madhyamono	19
madhyani	19
madir	19
maganbhai	19
magdalla	19
maghyamik	19
mah	19
mahadevji	19
mahakaleshvar	19
mahasagarnu	19
mahasatta	19
mahavidyalyo	19
mahebuba	19
mahemudabad	19
mahilano	19
mahilaomanna	19
majamudar	19
majlis	19
makanone	19
malaria	19
malbari	19
malbarna	19
malikima	19
malla	19
malsamanna	19
mamale	19
mamla	19
mamta	19
manavjati	19
manavjatna	19
manavjivan	19
manavnu	19
manchi	19
mandima	19
mandsaur	19
mangya	19
maningar	19
mankaghodi	19
mantrama	19
manushyano	19
manvioni	19
mapdandma	19
marama	19
marammat	19
marijh	19
mashahur	19
mashkari	19
masiknu	19
matchona	19
matdataoe	19
mathane	19
mathnu	19
matki	19
matsyagandha	19
matvistarma	19
maulikta	19
mazam	19
medasvi	19
meghanina	19
mehar	19
mekap	19
mekkoy	19
mekmehone	19
menyuali	19
milakatana	19
milkato	19
milktna	19
milma	19
minitma	19
mirik	19
mishannu	19
mitargej	19
mithilana	19
modhethi	19
mokalavi	19
mongho	19
morbima	19
mosbauar	19
motarve	19
mudno	19
mukhvas	19
mulakatne	19
mulano	19
mulnivasi	19
mungeli	19
munger	19
murli	19
murtie	19
muslimoma	19
muslimono	19
nachiketa	19
nagarikta	19
nagarsheth	19
nagne	19
nagrikoma	19
nagriy	19
nais	19
najarthi	19
nakhni	19
nako	19
nakshana	19
namchin	19
namtu	19
nanapradhan	19
nandita	19
nanimoti	19
nankhvanu	19
naradji	19
narayannu	19
narnu	19
nasanu	19
natona	19
naukrini	19
navada	19
navdurga	19
navdurgana	19
navlikakar	19
navnath	19
naykoni	19
neshansama	19
neshansani	19
neshanse	19
netaono	19
netvarkoma	19
nevima	19
nich	19
nihalya	19
nikasama	19
nikatni	19
nikhalasta	19
nindrama	19
niraj	19
nirmanthi	19
nirmatri	19
nirupe	19
nirvastra	19
nishanebaj	19
nisvarth	19
niyamitarupe	19
niyamni	19
nomna	19
nordharn	19
nukshanni	19
nyujhvik	19
odhav	19
ojhonni	19
omkar	19
once	19
ordani	19
pachhalo	19
pachhe	19
padani	19
padhva	19
padoni	19
padono	19
padvithi	19
padyanuvad	19
paglanoma	19
pahadoni	19
paherti	19
pahochade	19
pahochva	19
pahonchay	19
pahonchto	19
paidi	19
pakadvo	19
palanma	19
pamanar	19
pamvana	19
panchamrut	19
panchangno	19
panchaytono	19
panchek	19
panchmukhi	19
pandharpur	19
pandune	19
panjama	19
panthma	19
pantho	19
papa	19
paragaraj	19
paraki	19
paramparae	19
paramparamanthi	19
parampraoni	19
parampraono	19
paramprit	19
paranyo	19
pardarshi	19
parimani	19
parinamno	19
parlakshi	19
parpotana	19
parpoto	19
parshchagayak	19
partimanthi	19
parto	19
parvasno	19
parvaso	19
parvatarohko	19
parvatinu	19
parvatmalanu	19
paryatanno	19
paryavranvadio	19
pasanone	19
pasha	19
pashuni	19
pashuoma	19
patakthakar	19
patrakaratvani	19
pavitratana	19
payagat	19
payane	19
pedashma	19
pedashono	19
pelo	19
penang	19
periferal	19
petant	19
petlikar	19
petrokemikal	19
pingalshi	19
piramidno	19
pletformano	19
pointas	19
popna	19
portafoliyoma	19
posts	19
prabhavone	19
prabodhini	19
prachi	19
pragatavi	19
pragatini	19
pragji	19
pragnachakshu	19
pragtikarak	19
prahladni	19
prajajno	19
prajavatsal	19
prakashanno	19
prakashke	19
prakriyaona	19
pramanno	19
pranishastri	19
prantoni	19
prasangonu	19
prasanshko	19
prashansapatra	19
prasnno	19
pratibhavne	19
pratisadrupe	19
pratyuttarma	19
pravahno	19
pravahoma	19
pravasanma	19
pravasano	19
prayogona	19
prayogone	19
preiri	19
premshankar	19
presidensino	19
priyamvada	19
programars	19
propalshan	19
protokolma	19
prushthoma	19
pruthakaran	19
pujane	19
punaprapya	19
punarjivan	19
punsangthit	19
purbaharma	19
purima	19
purvanuman	19
pushpak	19
pusht	19
pustakamanthi	19
pustikama	19
putravadhu	19
rabarina	19
rabario	19
radhani	19
rafaleshvar	19
rajadrohna	19
rajanikumar	19
rajasoras	19
rajasthannu	19
rajavadano	19
rajdharm	19
rajdip	19
rajshahi	19
rajvadaono	19
rajvione	19
rajyaguru	19
rajyashastra	19
rakshanna	19
rakshasona	19
ramanujan	19
rameli	19
ramnathpuram	19
ramvi	19
randhta	19
ranga	19
rangathi	19
ranveri	19
rasayanshastrana	19
rashichakrani	19
rashmi	19
rashtrasanghno	19
rashtravadne	19
rasino	19
ratanpura	19
rathyatranu	19
ratnakar	19
raydar	19
relgadio	19
remp	19
rend	19
renkama	19
reshalmeniya	19
rigan	19
ritono	19
robarto	19
rodne	19
roha	19
rohtas	19
rokayo	19
roknar	19
romanna	19
ropa	19
rukminine	19
runne	19
rushinu	19
rushiona	19
rushioni	19
rutunu	19
s	19
sabandhi	19
sachet	19
saddi	19
saddio	19
sadehe	19
sadhannu	19
sadhnani	19
sadhuonu	19
sahayna	19
sahdevne	19
sahelo	19
sahsikoni	19
sahsone	19
sahune	19
sajane	19
sajjan	19
sakha	19
salahna	19
sallamne	19
samajshastrama	19
samakshana	19
samanav	19
samanyikaran	19
samanyikrut	19
samarthakone	19
samavatu	19
samavvani	19
samayiknu	19
sambadh	19
sammishrit	19
sampradayne	19
samruddhini	19
samudrakinare	19
samudramanthan	19
samuhone	19
samvedi	19
sanchalkone	19
sangathhanoe	19
sangitkaroma	19
sangitkaroni	19
sankochay	19
sanmanna	19
sanrachnama	19
sansadno	19
sanshain	19
sanshodhkone	19
sanskarma	19
sanskarni	19
sanskrutimanthi	19
santap	19
sanvidhanma	19
sapationa	19
sapnama	19
saptebar	19
saraiya	19
sarasvatino	19
sardarnu	19
sardhar	19
sarerashni	19
sargo	19
sarhadma	19
sarjakni	19
sarjanhar	19
sarjanna	19
sarjannu	19
sarkhavi	19
sarvarthi	19
sarvbhaumik	19
sarvisnu	19
saseks	19
satatyata	19
satso	19
sattal	19
sattvik	19
satyavtini	19
satyayug	19
sauhard	19
saundatrekma	19
saurmandalma	19
sayansani	19
sef	19
sekandathi	19
sekando	19
senamanthi	19
setno	19
shakahar	19
shakhaomathi	19
shakish	19
shaktione	19
shankana	19
shankane	19
shantaram	19
shaskono	19
shastrarth	19
shayya	19
shekhavat	19
shekhpura	19
sherone	19
shevalni	19
shikhvavanu	19
shilpa	19
shimoga	19
shishyoma	19
shivajine	19
shivajinu	19
shobhayman	19
shramiko	19
shravanbelgoda	19
shrenie	19
shreshthhtam	19
shreshthtam	19
shreyas	19
shridhrani	19
shrimti	19
shrrunkhlama	19
shulpaneshvar	19
shunyavakash	19
sidhe	19
sienji	19
signalona	19
sikandarnu	19
sikkaono	19
silsila	19
simana	19
sindhav	19
sinemetografar	19
sivni	19
skala	19
skandhma	19
skautsa	19
sketbording	19
skoch	19
skore	19
smarano	19
smrutichihna	19
smrutivan	19
snehalta	19
sneharashmi	19
sofa	19
sogadoni	19
sola	19
sonpayel	19
sosaytino	19
soyni	19
srushtini	19
stabdh	19
stadijhna	19
stelar	19
steshnoma	19
sthapatyane	19
sthapvanu	19
sthirikran	19
strong	19
stutio	19
suchavto	19
suchio	19
sugamta	19
supaul	19
suran	19
sushikshit	19
sust	19
sutrochchar	19
sutrona	19
sutroni	19
suvidhaona	19
svabhavma	19
svansi	19
svapnadrashta	19
svarajna	19
svarbadhdh	19
svargarohan	19
svatantryana	19
svayansevkone	19
svikaraya	19
tahevarno	19
taitlo	19
tajagno	19
takar	19
takhtsinh	19
takone	19
talash	19
talavoni	19
talukaone	19
talvana	19
talvarthi	19
talvo	19
tambano	19
tamluk	19
tanavni	19
tanavo	19
tangastan	19
tanur	19
tapmannu	19
tapovan	19
taramandal	19
tarangoni	19
tarikhne	19
tarikhni	19
tatapradesh	19
tathastu	19
tati	19
tattvagnanma	19
taysan	19
teknolojie	19
tekshas	19
telarne	19
telarni	19
telmathi	19
temchhta	19
tempo	19
tevayela	19
thakavat	19
thakvi	19
thalvay	19
thambhalo	19
theravyu	19
thimfu	19
thodaj	19
tibetthi	19
tipi	19
tirthani	19
tiruvallur	19
tochthi	19
topchi	19
topio	19
tracy	19
trambak	19
trastama	19
tratayugma	19
tridosh	19
tripurama	19
tse	19
tulsishyam	19
tuyuta	19
tyathi	19
ubhray	19
uchchattam	19
uchchhavas	19
udagmandlam	19
udaysinh	19
uddipan	19
udeshythi	19
udgar	19
ugharavava	19
ugrata	19
ugta	19
ujavni	19
ukelni	19
ukhadi	19
ukhedi	19
umarkui	19
umerathi	19
umeryo	19
umrada	19
umte	19
undanthi	19
upaleta	19
upanishhadana	19
upasthitima	19
upjati	19
upjatio	19
upnivesh	19
utarava	19
utaravani	19
utavade	19
uthyu	19
utkirn	19
utpadanthi	19
utsukta	19
uttarno	19
uttarpashan	19
vachala	19
vadhvanna	19
vagadayu	19
vagharine	19
vaghelani	19
vagyano	19
vahenchine	19
vahenchnima	19
vahenchnini	19
vahivtiy	19
valelu	19
valio	19
vanana	19
vanchvano	19
vangino	19
vanono	19
vanshvruddhi	19
vanvasi	19
vaparvano	19
vaprashkartaoni	19
varaso	19
vardanma	19
vardanno	19
varnavyavastha	19
vartata	19
vartulne	19
vasio	19
vastushilp	19
vasudevan	19
vasvatne	19
vautha	19
vayuoni	19
vebno	19
vedach	19
vedno	19
vedone	19
venchar	19
venibhai	19
verani	19
vhaitvotar	19
vibhakti	19
vichardharani	19
vicketo	19
vidhata	19
vidhut	19
vidhvans	19
vidhyani	19
vidrohni	19
vidurne	19
vidyashakhao	19
vigereno	19
vikalpama	19
vikaslakshi	19
vikasti	19
vikasto	19
viketne	19
vikherayela	19
vilambne	19
vilasi	19
vimanmanthi	19
vinamra	19
vinantino	19
vinashnu	19
vindita	19
vinera	19
vipritapne	19
viru	19
visheshno	19
vishleshkone	19
vishrava	19
vishuddh	19
vishuvvruttiy	19
vishvabharti	19
vishvasne	19
vishvavidyalayne	19
vishvavidyalayno	19
vishvavidyalye	19
vishvayudhdh	19
vistartu	19
voshingtane	19
vruddhavastha	19
vrukshmanthi	19
vyakarniy	19
vyapakrupe	19
vyaparnu	19
vyavasayane	19
vyavasayne	19
vyavsthanu	19
yadino	19
yagnanu	19
yagnikni	19
yamani	19
yannu	19
yashvantrav	19
yatnao	19
yayatine	19
yojava	19
yuddhabhumima	19
yugalne	19
yuneskoe	19
yuvanina	19
yuvavastha	19
zabua	19
zadnu	19
zakariya	19
zaro	19
zink	19
zumpadima	19
zupadi	19
